Employee ID,StartDate,start_date_parsed,years_of_service,tenure_group,Title,BusinessUnit,EmployeeStatus,EmployeeType,PayZone,EmployeeClassificationType,DepartmentType,Division,DOB,dob_parsed,State,GenderCode,RaceDesc,MaritalDesc,Performance Score,Current Employee Rating,Survey Date,Engagement Score,engagement_level,Satisfaction Score,Work-Life Balance Score,Training Date,training_date_parsed,Training Program Name,Training Type,Training Outcome,training_success,Training Duration(Days),Training Cost,Age,age_group,flag_under18_at_hire,flag_training_before_hire
3427,20-Sep-19,2019-09-20,6,5-9 yrs,Production Technician I,CCDR,Active,Contract,ZONE C,Temporary,Production,Finance & Accounting,07-10-1969,1969-10-07,MA,Female,White,Widowed,Fully meets,4,14-01-2023,1,Low,2,3,15-Jul-23,2023-07-15,Leadership Development,Internal,Failed,0,2,606.11,50,50-59,0,0
3428,11-Feb-23,2023-02-11,3,2-4 yrs,Production Technician I,EW,Active,Contract,ZONE A,Part-Time,Production,Aerial,30-08-1965,1965-08-30,MA,Male,Hispanic,Widowed,Fully meets,3,09-09-2022,2,Low,1,5,12-Sep-22,2022-09-12,Customer Service,External,Incomplete,0,4,673.02,58,50-59,0,1
3429,10-Dec-18,2018-12-10,7,5-9 yrs,Area Sales Manager,PL,Active,Full-Time,ZONE B,Part-Time,Sales,General - Sga,06-10-1991,1991-10-06,MA,Male,Hispanic,Widowed,Fully meets,4,27-05-2023,1,Low,2,1,13-Aug-22,2022-08-13,Leadership Development,External,Failed,0,2,413.28,27,Under 30,0,0
3430,21-Jun-21,2021-06-21,4,2-4 yrs,Area Sales Manager,CCDR,Active,Contract,ZONE A,Full-Time,Sales,Finance & Accounting,04-04-1998,1998-04-04,ND,Male,Other,Single,Fully meets,2,16-06-2023,5,High,5,4,15-Dec-22,2022-12-15,Project Management,External,Completed,1,3,663.78,23,Under 30,0,0
3431,29-Jun-19,2019-06-29,6,5-9 yrs,Area Sales Manager,TNS,Active,Contract,ZONE A,Temporary,Sales,General - Con,29-08-1969,1969-08-29,FL,Female,Other,Married,Fully meets,3,25-11-2022,2,Low,5,3,13-Jul-23,2023-07-13,Technical Skills,External,Failed,0,5,399.03,50,50-59,0,0
3434,06-Nov-20,2020-11-06,5,5-9 yrs,Area Sales Manager,CCDR,Active,Contract,ZONE C,Full-Time,Sales,Engineers,07-03-1957,1957-03-07,OR,Female,White,Divorced,Fully meets,2,21-04-2023,1,Low,4,2,07-Oct-22,2022-10-07,Leadership Development,Internal,Passed,1,3,790.15,63,60+,0,0
3435,18-Aug-18,2018-08-18,7,5-9 yrs,Area Sales Manager,NEL,Active,Contract,ZONE B,Part-Time,Sales,Executive,15-05-1974,1974-05-15,TX,Male,Black,Widowed,Exceeds,3,09-12-2022,4,High,3,3,19-Jul-23,2023-07-19,Customer Service,Internal,Passed,1,3,798.4,44,40-49,0,0
3437,04-Aug-23,2023-08-04,2,2-4 yrs,Area Sales Manager,SVG,Active,Contract,ZONE B,Temporary,Sales,Field Operations,26-01-1964,1964-01-26,IN,Female,Other,Single,Fully meets,5,15-10-2022,3,Medium,2,5,20-Oct-22,2022-10-20,Technical Skills,Internal,Failed,0,1,455.68,59,50-59,0,1
3439,25-May-22,2022-05-25,4,2-4 yrs,Area Sales Manager,EW,Active,Full-Time,ZONE A,Temporary,Sales,Splicing,24-11-1981,1981-11-24,CO,Male,Other,Single,Fully meets,3,30-10-2022,1,Low,2,5,09-Mar-23,2023-03-09,Technical Skills,External,Incomplete,0,1,421.07,41,40-49,0,0
3440,05-Dec-19,2019-12-05,6,5-9 yrs,Area Sales Manager,CCDR,Active,Contract,ZONE A,Full-Time,Sales,Finance & Accounting,06-11-1951,1951-11-06,KY,Female,White,Divorced,Fully meets,3,24-09-2022,1,Low,4,5,29-May-23,2023-05-29,Communication Skills,External,Failed,0,1,649.03,68,60+,0,0
3441,28-Apr-19,2019-04-28,7,5-9 yrs,Area Sales Manager,BPC,Active,Part-Time,ZONE A,Part-Time,Sales,General - Con,21-11-1989,1989-11-21,NV,Male,Asian,Widowed,Exceeds,4,30-10-2022,4,High,2,5,08-Jan-23,2023-01-08,Project Management,Internal,Passed,1,4,450.2,30,30-39,0,0
3442,09-Jul-19,2019-07-09,6,5-9 yrs,Area Sales Manager,PYZ,Active,Full-Time,ZONE A,Full-Time,It/is,Field Operations,24-11-1952,1952-11-24,MA,Male,Black,Single,Exceeds,2,31-10-2022,2,Low,5,3,06-Mar-23,2023-03-06,Project Management,External,Failed,0,4,286.87,67,60+,0,0
3443,05-Apr-21,2021-04-05,5,5-9 yrs,Area Sales Manager,WBL,Active,Full-Time,ZONE C,Part-Time,It/is,Project Management - Con,08-04-1994,1994-04-08,KY,Male,Asian,Widowed,Fully meets,3,29-04-2023,2,Low,2,4,18-Feb-23,2023-02-18,Technical Skills,External,Failed,0,3,402.13,27,Under 30,0,0
3444,28-Nov-21,2021-11-28,4,2-4 yrs,Area Sales Manager,NEL,Active,Contract,ZONE A,Part-Time,Sales,Engineers,15-11-1983,1983-11-15,KY,Male,Other,Widowed,Fully meets,3,14-12-2022,1,Low,2,4,02-Nov-22,2022-11-02,Technical Skills,External,Failed,0,2,388.84,38,30-39,0,0
3445,16-Jan-21,2021-01-16,5,5-9 yrs,Area Sales Manager,PL,Active,Contract,ZONE C,Full-Time,Sales,Project Management - Con,07-12-1985,1985-12-07,KY,Female,Other,Married,Exceeds,4,07-05-2023,4,High,5,2,14-Jul-23,2023-07-14,Project Management,External,Completed,1,2,879.64,36,30-39,0,0
3446,24-Aug-21,2021-08-24,4,2-4 yrs,Area Sales Manager,BPC,Active,Part-Time,ZONE A,Part-Time,Sales,Field Operations,01-05-1996,1996-05-01,TX,Female,White,Divorced,Exceeds,2,21-05-2023,4,High,3,5,11-Dec-22,2022-12-11,Technical Skills,Internal,Failed,0,5,701.13,25,Under 30,0,0
3450,01-Sep-20,2020-09-01,5,5-9 yrs,Area Sales Manager,MSC,Active,Contract,ZONE C,Temporary,Sales,Field Operations,11-08-1994,1994-08-11,CO,Male,Other,Single,Exceeds,2,18-01-2023,4,High,3,5,12-Jan-23,2023-01-12,Technical Skills,Internal,Completed,1,4,186.07,26,Under 30,0,0
3451,18-Feb-21,2021-02-18,5,5-9 yrs,Area Sales Manager,TNS,Active,Contract,ZONE C,Full-Time,Sales,General - Con,15-01-1968,1968-01-15,CO,Male,Other,Divorced,Exceeds,3,29-04-2023,5,High,1,2,22-Mar-23,2023-03-22,Technical Skills,External,Completed,1,1,921.97,53,50-59,0,0
3453,13-Oct-22,2022-10-13,3,2-4 yrs,Area Sales Manager,WBL,Active,Contract,ZONE C,Part-Time,Sales,Fielders,07-04-1982,1982-04-07,MA,Male,White,Widowed,Fully meets,4,17-09-2022,5,High,5,3,25-Aug-22,2022-08-25,Customer Service,External,Completed,1,5,964.44,40,40-49,0,1
3454,11-Sep-22,2022-09-11,3,2-4 yrs,Area Sales Manager,PYZ,Active,Full-Time,ZONE C,Full-Time,It/is,General - Con,29-01-1970,1970-01-29,KY,Male,Hispanic,Married,Needs improvement,4,14-03-2023,4,High,4,2,07-Feb-23,2023-02-07,Communication Skills,Internal,Passed,1,3,184.9,52,50-59,0,0
3455,29-Jun-21,2021-06-29,4,2-4 yrs,Area Sales Manager,WBL,Active,Full-Time,ZONE C,Temporary,Sales,Project Management - Eng,18-01-1999,1999-01-18,KY,Male,Other,Widowed,Exceeds,4,12-08-2022,2,Low,1,1,17-Mar-23,2023-03-17,Project Management,External,Passed,1,1,220.41,22,Under 30,0,0
3463,30-Apr-20,2020-04-30,6,5-9 yrs,Area Sales Manager,TNS,Active,Part-Time,ZONE A,Temporary,Sales,Field Operations,21-06-1951,1951-06-21,IN,Male,Hispanic,Single,Fully meets,1,18-09-2022,4,High,3,4,29-Aug-22,2022-08-29,Technical Skills,Internal,Incomplete,0,4,926.19,69,60+,0,0
3464,03-Dec-18,2018-12-03,7,5-9 yrs,Area Sales Manager,PYZ,Active,Contract,ZONE B,Full-Time,Sales,Shop (Fleet),17-06-1998,1998-06-17,MA,Male,Black,Widowed,Needs improvement,5,29-12-2022,2,Low,5,3,13-Nov-22,2022-11-13,Customer Service,External,Passed,1,2,290.47,20,Under 30,0,0
3465,08-Nov-21,2021-11-08,4,2-4 yrs,Area Sales Manager,WBL,Active,Full-Time,ZONE B,Full-Time,Sales,General - Con,07-01-1962,1962-01-07,MA,Male,Asian,Divorced,Needs improvement,3,19-05-2023,5,High,4,3,04-Jun-23,2023-06-04,Communication Skills,External,Incomplete,0,1,706.1,59,50-59,0,0
3466,13-Apr-22,2022-04-13,4,2-4 yrs,Area Sales Manager,PYZ,Active,Part-Time,ZONE C,Full-Time,It/is,Aerial,26-01-1979,1979-01-26,KY,Male,Other,Married,Exceeds,4,04-08-2023,1,Low,3,4,07-Dec-22,2022-12-07,Customer Service,External,Passed,1,3,447.66,43,40-49,0,0
3467,06-May-20,2020-05-06,6,5-9 yrs,Area Sales Manager,WBL,Active,Contract,ZONE A,Part-Time,Sales,Fielders,14-05-1987,1987-05-14,KY,Female,Asian,Divorced,Exceeds,1,27-06-2023,4,High,3,2,24-Feb-23,2023-02-24,Technical Skills,Internal,Incomplete,0,1,759.7,33,30-39,0,0
3468,09-Sep-19,2019-09-09,6,5-9 yrs,Area Sales Manager,NEL,Active,Contract,ZONE B,Temporary,Sales,Wireline Construction,26-04-1998,1998-04-26,KY,Female,Black,Single,Fully meets,4,05-02-2023,3,Medium,1,3,10-May-23,2023-05-10,Customer Service,Internal,Completed,1,3,180.63,21,Under 30,0,0
3471,29-Feb-20,2020-02-29,6,5-9 yrs,Area Sales Manager,CCDR,Active,Part-Time,ZONE C,Temporary,Sales,Field Operations,03-01-1967,1967-01-03,TX,Male,Asian,Married,Fully meets,4,30-04-2023,2,Low,4,1,23-Mar-23,2023-03-23,Customer Service,External,Passed,1,3,109.98,53,50-59,0,0
3472,15-Jan-23,2023-01-15,3,2-4 yrs,Area Sales Manager,SVG,Active,Contract,ZONE C,Full-Time,Sales,Project Management - Con,12-01-1982,1982-01-12,TX,Male,Other,Married,Exceeds,4,26-07-2023,5,High,5,4,12-Feb-23,2023-02-12,Technical Skills,External,Completed,1,5,537.24,41,40-49,0,0
3474,09-Mar-20,2020-03-09,6,5-9 yrs,Area Sales Manager,MSC,Active,Full-Time,ZONE A,Temporary,Sales,Catv,16-12-1965,1965-12-16,CO,Male,Other,Divorced,Fully meets,2,09-05-2023,3,Medium,1,2,01-Sep-22,2022-09-01,Customer Service,External,Incomplete,0,5,155.51,55,50-59,0,0
3475,21-Sep-21,2021-09-21,4,2-4 yrs,Area Sales Manager,TNS,Active,Full-Time,ZONE C,Temporary,Sales,General - Con,25-12-1957,1957-12-25,IN,Male,Asian,Widowed,Fully meets,2,25-01-2023,4,High,3,4,02-Nov-22,2022-11-02,Customer Service,Internal,Passed,1,2,648.76,64,60+,0,0
3477,07-Apr-19,2019-04-07,7,5-9 yrs,Area Sales Manager,PYZ,Active,Part-Time,ZONE A,Full-Time,It/is,Aerial,03-12-1969,1969-12-03,KY,Female,Asian,Widowed,Needs improvement,2,05-12-2022,1,Low,2,1,07-Nov-22,2022-11-07,Leadership Development,External,Failed,0,5,429.48,50,50-59,0,0
3478,17-Sep-18,2018-09-17,7,5-9 yrs,Area Sales Manager,WBL,Active,Full-Time,ZONE C,Temporary,Sales,Wireline Construction,10-10-1957,1957-10-10,KY,Female,Hispanic,Married,Fully meets,2,29-11-2022,3,Medium,4,1,05-Oct-22,2022-10-05,Technical Skills,External,Incomplete,0,1,526.74,61,60+,0,0
3479,02-Aug-22,2022-08-02,3,2-4 yrs,Area Sales Manager,NEL,Active,Contract,ZONE A,Part-Time,Sales,Project Management - Con,17-05-1962,1962-05-17,TX,Female,Hispanic,Widowed,Fully meets,2,03-11-2022,4,High,4,4,18-Jan-23,2023-01-18,Communication Skills,Internal,Passed,1,3,443.45,60,60+,0,0
3483,26-Sep-21,2021-09-26,4,2-4 yrs,Area Sales Manager,SVG,Active,Part-Time,ZONE B,Temporary,Sales,Project Management - Con,19-06-1964,1964-06-19,CO,Male,Asian,Widowed,Fully meets,1,23-10-2022,1,Low,4,5,10-Aug-22,2022-08-10,Project Management,External,Passed,1,4,111.96,57,50-59,0,0
3484,29-Aug-18,2018-08-29,7,5-9 yrs,Area Sales Manager,EW,Active,Part-Time,ZONE B,Full-Time,Sales,General - Con,18-07-1995,1995-07-18,CO,Male,Other,Single,Fully meets,4,16-09-2022,1,Low,2,4,27-Jun-23,2023-06-27,Project Management,External,Passed,1,1,795.7,23,Under 30,0,0
3485,26-Oct-21,2021-10-26,4,2-4 yrs,Area Sales Manager,MSC,Active,Contract,ZONE C,Full-Time,Sales,Field Operations,22-08-1994,1994-08-22,CO,Male,White,Widowed,Fully meets,5,07-05-2023,2,Low,1,3,07-Aug-22,2022-08-07,Customer Service,Internal,Passed,1,2,796.45,27,Under 30,0,0
3486,31-Oct-22,2022-10-31,3,2-4 yrs,Area Sales Manager,TNS,Active,Part-Time,ZONE C,Temporary,Sales,Fielders,14-11-1990,1990-11-14,IN,Male,Other,Widowed,Fully meets,4,27-08-2022,3,Medium,1,1,23-Jul-23,2023-07-23,Project Management,Internal,Completed,1,5,812.59,32,30-39,0,0
3487,15-Mar-23,2023-03-15,3,2-4 yrs,Area Sales Manager,BPC,Active,Contract,ZONE B,Part-Time,Sales,General - Sga,01-02-1994,1994-02-01,KY,Female,Other,Divorced,Fully meets,4,23-09-2022,5,High,4,1,17-Jul-23,2023-07-17,Project Management,External,Completed,1,5,132.97,29,Under 30,0,0
3488,09-Sep-22,2022-09-09,3,2-4 yrs,Area Sales Manager,CCDR,Active,Contract,ZONE B,Full-Time,Sales,Wireline Construction,12-11-1997,1997-11-12,KY,Female,Asian,Single,Fully meets,2,11-03-2023,1,Low,5,1,20-Sep-22,2022-09-20,Communication Skills,Internal,Completed,1,1,308.19,25,Under 30,0,0
3489,04-Mar-22,2022-03-04,4,2-4 yrs,Area Sales Manager,EW,Active,Part-Time,ZONE A,Temporary,Sales,Field Operations,02-05-1953,1953-05-02,TX,Female,Black,Divorced,Fully meets,2,03-12-2022,2,Low,4,5,02-Jul-23,2023-07-02,Project Management,Internal,Passed,1,1,131.41,69,60+,0,0
3490,11-Feb-19,2019-02-11,7,5-9 yrs,Area Sales Manager,MSC,Active,Part-Time,ZONE A,Part-Time,Sales,General - Sga,10-07-1991,1991-07-10,TX,Female,Hispanic,Divorced,Fully meets,2,12-10-2022,5,High,3,2,19-Jul-23,2023-07-19,Technical Skills,Internal,Failed,0,3,389.59,28,Under 30,0,0
3491,26-Jan-21,2021-01-26,5,5-9 yrs,Area Sales Manager,NEL,Active,Contract,ZONE B,Full-Time,Sales,Field Operations,02-06-1973,1973-06-02,TX,Male,White,Widowed,Fully meets,5,10-09-2022,3,Medium,4,5,14-Jul-23,2023-07-14,Project Management,Internal,Incomplete,0,3,442.56,48,40-49,0,0
3492,26-Nov-19,2019-11-26,6,5-9 yrs,Area Sales Manager,PL,Active,Full-Time,ZONE C,Full-Time,Sales,General - Con,08-01-1993,1993-01-08,CO,Male,Asian,Married,Fully meets,1,13-01-2023,1,Low,5,5,06-Sep-22,2022-09-06,Project Management,Internal,Incomplete,0,3,327.66,26,Under 30,0,0
3493,15-Jul-19,2019-07-15,6,5-9 yrs,Area Sales Manager,PYZ,Active,Full-Time,ZONE C,Full-Time,Sales,Project Management - Con,17-04-1984,1984-04-17,CO,Male,Asian,Widowed,Fully meets,5,02-04-2023,3,Medium,1,5,19-Feb-23,2023-02-19,Project Management,Internal,Completed,1,3,400.95,35,30-39,0,0
3494,18-Jun-20,2020-06-18,5,5-9 yrs,Area Sales Manager,SVG,Active,Contract,ZONE B,Full-Time,Sales,General - Con,08-02-1994,1994-02-08,CO,Male,Black,Single,Fully meets,4,15-12-2022,1,Low,2,1,11-Feb-23,2023-02-11,Technical Skills,Internal,Completed,1,2,910.45,26,Under 30,0,0
3495,22-Jun-23,2023-06-22,2,2-4 yrs,Area Sales Manager,TNS,Active,Part-Time,ZONE B,Temporary,Sales,Wireline Construction,27-01-1993,1993-01-27,IN,Male,Other,Married,Fully meets,4,08-09-2022,4,High,3,5,21-Dec-22,2022-12-21,Customer Service,External,Passed,1,1,701.55,30,30-39,0,1
3496,02-Dec-21,2021-12-02,4,2-4 yrs,Area Sales Manager,WBL,Active,Contract,ZONE A,Part-Time,Sales,General - Sga,19-09-1964,1964-09-19,CA,Male,Other,Widowed,Fully meets,5,26-12-2022,1,Low,3,2,16-Feb-23,2023-02-16,Project Management,Internal,Incomplete,0,1,806.87,57,50-59,0,0
3497,08-Dec-21,2021-12-08,4,2-4 yrs,Area Sales Manager,TNS,Active,Part-Time,ZONE C,Temporary,Sales,Project Management - Con,18-02-1981,1981-02-18,OR,Female,Hispanic,Widowed,Fully meets,1,18-09-2022,2,Low,3,4,11-Mar-23,2023-03-11,Communication Skills,Internal,Completed,1,2,184.21,40,40-49,0,0
3498,26-Apr-23,2023-04-26,3,2-4 yrs,Area Sales Manager,PYZ,Active,Full-Time,ZONE A,Full-Time,Sales,General - Sga,17-10-1998,1998-10-17,KY,Female,White,Widowed,Fully meets,2,19-06-2023,3,Medium,3,4,30-May-23,2023-05-30,Project Management,External,Failed,0,1,208.43,25,Under 30,0,0
3499,25-Sep-18,2018-09-25,7,5-9 yrs,Area Sales Manager,WBL,Active,Part-Time,ZONE C,Temporary,Sales,Field Operations,16-01-1971,1971-01-16,KY,Female,Asian,Widowed,Fully meets,5,21-07-2023,5,High,3,5,30-Jan-23,2023-01-30,Technical Skills,Internal,Incomplete,0,2,762.45,47,40-49,0,0
3500,20-Nov-18,2018-11-20,7,5-9 yrs,Area Sales Manager,NEL,Active,Full-Time,ZONE B,Part-Time,Sales,Shop (Fleet),25-02-2000,2000-02-25,TX,Female,White,Divorced,Fully meets,1,14-05-2023,4,High,1,4,15-Jun-23,2023-06-15,Leadership Development,External,Incomplete,0,4,779.79,18,Under 30,0,0
3502,01-Oct-19,2019-10-01,6,5-9 yrs,Area Sales Manager,BPC,Active,Full-Time,ZONE C,Temporary,Sales,Splicing,29-06-1976,1976-06-29,TX,Male,White,Married,Fully meets,1,24-04-2023,5,High,3,5,03-Jan-23,2023-01-03,Customer Service,External,Incomplete,0,3,427.12,43,40-49,0,0
3504,10-Oct-21,2021-10-10,4,2-4 yrs,Area Sales Manager,SVG,Active,Full-Time,ZONE B,Part-Time,Sales,General - Con,23-08-1980,1980-08-23,CO,Male,Hispanic,Married,Fully meets,2,20-04-2023,3,Medium,4,3,02-Jun-23,2023-06-02,Communication Skills,Internal,Completed,1,5,963.23,41,40-49,0,0
3506,27-Aug-19,2019-08-27,6,5-9 yrs,Area Sales Manager,MSC,Active,Full-Time,ZONE B,Temporary,Sales,Field Operations,06-07-1988,1988-07-06,IN,Male,Other,Married,Fully meets,2,27-06-2023,2,Low,2,3,21-May-23,2023-05-21,Leadership Development,Internal,Completed,1,1,781.81,31,30-39,0,0
3507,25-Feb-21,2021-02-25,5,5-9 yrs,Area Sales Manager,TNS,Active,Full-Time,ZONE A,Full-Time,Sales,Project Management - Con,24-03-1973,1973-03-24,CA,Male,White,Single,Fully meets,4,31-03-2023,2,Low,5,2,25-May-23,2023-05-25,Project Management,Internal,Passed,1,4,651.77,48,40-49,0,0
3509,14-Apr-21,2021-04-14,5,5-9 yrs,Area Sales Manager,BPC,Active,Part-Time,ZONE C,Full-Time,Sales,General - Sga,04-11-1977,1977-11-04,KY,Female,Black,Married,Fully meets,2,03-12-2022,4,High,5,2,04-Mar-23,2023-03-04,Leadership Development,External,Completed,1,4,612.1,44,40-49,0,0
3510,10-Feb-20,2020-02-10,6,5-9 yrs,Area Sales Manager,PYZ,Active,Part-Time,ZONE A,Full-Time,Sales,General - Con,17-10-1956,1956-10-17,KY,Female,Hispanic,Married,Fully meets,2,22-08-2022,2,Low,4,3,27-Oct-22,2022-10-27,Technical Skills,External,Completed,1,4,473.23,64,60+,0,0
3511,17-Aug-21,2021-08-17,4,2-4 yrs,Area Sales Manager,WBL,Active,Part-Time,ZONE B,Full-Time,Sales,Finance & Accounting,18-02-1997,1997-02-18,KY,Female,Asian,Divorced,Fully meets,4,11-05-2023,5,High,4,5,07-Apr-23,2023-04-07,Technical Skills,Internal,Completed,1,3,344.44,24,Under 30,0,0
3514,15-Apr-20,2020-04-15,6,5-9 yrs,Area Sales Manager,BPC,Active,Full-Time,ZONE B,Part-Time,Sales,Wireline Construction,03-01-1958,1958-01-03,TX,Male,Asian,Married,Fully meets,1,25-08-2022,2,Low,1,1,21-Feb-23,2023-02-21,Leadership Development,Internal,Incomplete,0,3,975.46,62,60+,0,0
3516,07-Apr-22,2022-04-07,4,2-4 yrs,Area Sales Manager,SVG,Active,Contract,ZONE B,Part-Time,Sales,Project Management - Con,25-06-1988,1988-06-25,CO,Male,Asian,Divorced,Fully meets,5,15-11-2022,2,Low,3,5,22-Jun-23,2023-06-22,Technical Skills,Internal,Incomplete,0,1,570.42,34,30-39,0,0
3518,10-Apr-21,2021-04-10,5,5-9 yrs,Area Sales Manager,MSC,Active,Contract,ZONE B,Part-Time,Sales,General - Eng,24-05-1969,1969-05-24,CA,Female,Hispanic,Married,Fully meets,2,13-05-2023,4,High,2,5,27-Jun-23,2023-06-27,Customer Service,Internal,Completed,1,3,826.58,52,50-59,0,0
3520,13-Dec-20,2020-12-13,5,5-9 yrs,Area Sales Manager,TNS,Active,Full-Time,ZONE C,Temporary,Sales,Project Management - Con,01-03-1963,1963-03-01,ND,Female,Black,Divorced,Fully meets,1,17-09-2022,5,High,1,1,11-Sep-22,2022-09-11,Customer Service,External,Incomplete,0,1,607.93,57,50-59,0,0
3522,02-Mar-20,2020-03-02,6,5-9 yrs,Area Sales Manager,BPC,Active,Full-Time,ZONE C,Part-Time,Sales,Splicing,12-10-1983,1983-10-12,KY,Female,Other,Single,Fully meets,1,14-07-2023,1,Low,5,4,05-May-23,2023-05-05,Communication Skills,External,Completed,1,5,394.04,37,30-39,0,0
3523,25-Jun-21,2021-06-25,4,2-4 yrs,Area Sales Manager,CCDR,Active,Full-Time,ZONE A,Temporary,Sales,General - Con,19-12-1978,1978-12-19,KY,Female,Other,Single,Fully meets,2,27-02-2023,3,Medium,2,3,10-Jul-23,2023-07-10,Leadership Development,External,Incomplete,0,2,451.18,43,40-49,0,0
3527,01-May-20,2020-05-01,6,5-9 yrs,Area Sales Manager,PL,Active,Full-Time,ZONE B,Temporary,Sales,Aerial,15-10-1974,1974-10-15,CO,Male,Black,Married,Fully meets,1,27-02-2023,1,Low,3,2,06-Jan-23,2023-01-06,Project Management,Internal,Failed,0,4,396.28,46,40-49,0,0
3528,13-Oct-22,2022-10-13,3,2-4 yrs,Area Sales Manager,PYZ,Active,Full-Time,ZONE C,Part-Time,Sales,Finance & Accounting,13-12-1991,1991-12-13,CO,Male,Hispanic,Widowed,Fully meets,2,27-05-2023,5,High,2,2,02-Mar-23,2023-03-02,Technical Skills,External,Passed,1,1,465.96,31,30-39,0,0
3529,03-Jan-20,2020-01-03,6,5-9 yrs,Area Sales Manager,SVG,Active,Part-Time,ZONE C,Full-Time,Sales,Field Operations,18-06-1994,1994-06-18,IN,Male,Hispanic,Single,Fully meets,2,15-07-2023,2,Low,3,4,04-Sep-22,2022-09-04,Project Management,Internal,Incomplete,0,1,515.56,26,Under 30,0,0
3530,13-Nov-19,2019-11-13,6,5-9 yrs,Area Sales Manager,TNS,Active,Full-Time,ZONE B,Part-Time,Sales,Field Operations,16-06-1993,1993-06-16,CA,Female,Black,Widowed,Fully meets,2,27-11-2022,1,Low,2,5,18-Jan-23,2023-01-18,Customer Service,External,Passed,1,2,496.85,26,Under 30,0,0
3532,14-Oct-21,2021-10-14,4,2-4 yrs,Area Sales Manager,EW,Active,Part-Time,ZONE B,Full-Time,It/is,Wireless,27-11-1966,1966-11-27,OR,Female,Black,Widowed,Fully meets,1,08-10-2022,2,Low,2,5,02-May-23,2023-05-02,Technical Skills,Internal,Failed,0,2,771.61,55,50-59,0,0
3533,01-Jun-21,2021-06-01,5,5-9 yrs,Area Sales Manager,MSC,Active,Contract,ZONE B,Full-Time,Sales,General - Sga,12-11-1966,1966-11-12,ND,Male,White,Married,Fully meets,2,08-01-2023,2,Low,5,2,11-May-23,2023-05-11,Leadership Development,Internal,Completed,1,4,418.4,55,50-59,0,0
3534,14-Sep-18,2018-09-14,7,5-9 yrs,Area Sales Manager,TNS,Active,Full-Time,ZONE A,Full-Time,Sales,Engineers,16-08-1959,1959-08-16,KY,Female,Asian,Single,Fully meets,4,14-04-2023,4,High,3,2,21-May-23,2023-05-21,Customer Service,Internal,Completed,1,3,900.96,59,50-59,0,0
3535,11-Dec-18,2018-12-11,7,5-9 yrs,Area Sales Manager,PYZ,Active,Full-Time,ZONE A,Temporary,Sales,Fielders,02-02-1994,1994-02-02,KY,Female,Black,Single,Fully meets,4,01-11-2022,1,Low,5,1,25-Jun-23,2023-06-25,Technical Skills,External,Incomplete,0,1,936.96,24,Under 30,0,0
3536,06-Aug-22,2022-08-06,3,2-4 yrs,Area Sales Manager,WBL,Active,Contract,ZONE C,Temporary,Sales,General - Sga,02-01-1989,1989-01-02,GA,Female,Black,Single,Fully meets,2,09-10-2022,1,Low,2,4,23-Nov-22,2022-11-23,Leadership Development,External,Passed,1,5,269.03,33,30-39,0,0
3539,08-Dec-19,2019-12-08,6,5-9 yrs,Area Sales Manager,BPC,Active,Full-Time,ZONE C,Temporary,Sales,General - Con,27-11-1983,1983-11-27,CO,Male,Hispanic,Single,Fully meets,5,06-02-2023,3,Medium,3,4,17-Mar-23,2023-03-17,Project Management,External,Failed,0,4,234.77,36,30-39,0,0
3540,12-Mar-20,2020-03-12,6,5-9 yrs,Area Sales Manager,CCDR,Active,Full-Time,ZONE B,Part-Time,Sales,Splicing,09-06-1983,1983-06-09,CO,Male,White,Widowed,Exceeds,4,25-06-2023,2,Low,2,3,26-Oct-22,2022-10-26,Communication Skills,External,Incomplete,0,2,903.46,37,30-39,0,0
3541,06-Apr-20,2020-04-06,6,5-9 yrs,Area Sales Manager,SVG,Active,Full-Time,ZONE B,Full-Time,Sales,Field Operations,27-10-1991,1991-10-27,IN,Male,Black,Married,Exceeds,2,28-11-2022,1,Low,3,3,22-May-23,2023-05-22,Customer Service,External,Passed,1,4,380.3,29,Under 30,0,0
3543,10-Nov-20,2020-11-10,5,5-9 yrs,Area Sales Manager,MSC,Active,Part-Time,ZONE A,Temporary,Sales,General - Con,18-02-1981,1981-02-18,CA,Female,Black,Single,Fully meets,2,11-02-2023,4,High,5,5,21-May-23,2023-05-21,Communication Skills,External,Passed,1,4,171.03,39,30-39,0,0
3544,29-Jun-23,2023-06-29,2,2-4 yrs,Area Sales Manager,TNS,Active,Contract,ZONE A,Temporary,Sales,Aerial,16-09-2000,2000-09-16,CA,Male,Asian,Single,Fully meets,2,14-09-2022,3,Medium,5,3,02-May-23,2023-05-02,Leadership Development,External,Passed,1,3,842.93,23,Under 30,0,1
3546,31-Jul-21,2021-07-31,4,2-4 yrs,Area Sales Manager,CCDR,Active,Full-Time,ZONE B,Part-Time,Sales,General - Con,14-07-1980,1980-07-14,ND,Male,Hispanic,Widowed,Exceeds,1,10-05-2023,2,Low,5,5,21-Nov-22,2022-11-21,Project Management,External,Passed,1,4,426.45,41,40-49,0,0
3548,11-Jul-21,2021-07-11,4,2-4 yrs,Area Sales Manager,WBL,Active,Part-Time,ZONE A,Full-Time,Sales,General - Con,25-01-1964,1964-01-25,KY,Female,White,Single,Fully meets,1,06-10-2022,5,High,5,3,16-Aug-22,2022-08-16,Leadership Development,External,Passed,1,3,368.8,57,50-59,0,0
3549,15-Oct-18,2018-10-15,7,5-9 yrs,Area Sales Manager,TNS,Active,Full-Time,ZONE C,Full-Time,Sales,Field Operations,17-03-1955,1955-03-17,GA,Female,Black,Divorced,Fully meets,2,19-04-2023,1,Low,4,1,02-Nov-22,2022-11-02,Communication Skills,External,Failed,0,5,788.67,63,60+,0,0
3551,11-Aug-18,2018-08-11,7,5-9 yrs,Area Sales Manager,PYZ,Active,Part-Time,ZONE C,Part-Time,Sales,Engineers,04-07-1954,1954-07-04,TX,Male,Black,Married,Needs improvement,4,03-06-2023,4,High,4,3,27-Oct-22,2022-10-27,Communication Skills,External,Incomplete,0,1,570.13,64,60+,0,0
3554,31-Mar-19,2019-03-31,7,5-9 yrs,Area Sales Manager,MSC,Active,Part-Time,ZONE C,Temporary,Sales,People Services,14-10-1958,1958-10-14,IN,Male,Asian,Widowed,Fully meets,1,07-06-2023,2,Low,1,2,05-Jun-23,2023-06-05,Project Management,Internal,Completed,1,4,283.33,61,60+,0,0
3555,06-Jan-23,2023-01-06,3,2-4 yrs,Area Sales Manager,EW,Active,Full-Time,ZONE C,Temporary,Sales,General - Eng,11-01-1988,1988-01-11,IN,Female,Hispanic,Widowed,Fully meets,4,13-01-2023,2,Low,5,1,04-Mar-23,2023-03-04,Leadership Development,External,Passed,1,4,566.12,35,30-39,0,0
3556,18-Jul-19,2019-07-18,6,5-9 yrs,Area Sales Manager,CCDR,Active,Full-Time,ZONE B,Temporary,Sales,Wireline Construction,16-06-1961,1961-06-16,CA,Male,White,Single,Exceeds,2,11-06-2023,2,Low,2,3,11-Feb-23,2023-02-11,Customer Service,Internal,Incomplete,0,1,513.92,58,50-59,0,0
3557,13-Feb-19,2019-02-13,7,5-9 yrs,Area Sales Manager,BPC,Active,Part-Time,ZONE C,Temporary,Sales,Field Operations,06-06-1960,1960-06-06,MA,Male,Other,Single,Fully meets,2,20-04-2023,4,High,5,2,04-Feb-23,2023-02-04,Project Management,External,Failed,0,1,210.38,59,50-59,0,0
3558,30-Dec-18,2018-12-30,7,5-9 yrs,Production Technician I,MSC,Active,Part-Time,ZONE A,Part-Time,Production,Yard (Material Handling),04-06-1959,1959-06-04,MA,Female,Black,Single,Fully meets,1,05-10-2022,2,Low,5,3,18-Jul-23,2023-07-18,Technical Skills,Internal,Completed,1,1,941.54,59,50-59,0,0
3559,06-Nov-19,2019-11-06,6,5-9 yrs,Production Technician I,NEL,Active,Part-Time,ZONE C,Full-Time,Production,Field Operations,18-11-1991,1991-11-18,MA,Male,White,Single,Fully meets,2,27-12-2022,3,Medium,2,1,30-Nov-22,2022-11-30,Project Management,External,Failed,0,2,959.81,28,Under 30,0,0
3560,01-Jun-22,2022-06-01,4,2-4 yrs,Production Technician I,MSC,Active,Contract,ZONE C,Full-Time,Production,Field Operations,18-02-1954,1954-02-18,MA,Female,Asian,Divorced,Exceeds,4,09-01-2023,2,Low,4,5,22-May-23,2023-05-22,Technical Skills,External,Passed,1,1,738.92,68,60+,0,0
3561,28-Mar-23,2023-03-28,3,2-4 yrs,Production Technician II,BPC,Active,Part-Time,ZONE C,Temporary,Production,General - Con,31-01-1959,1959-01-31,MA,Female,White,Married,Fully meets,5,20-11-2022,2,Low,1,5,07-Sep-22,2022-09-07,Technical Skills,External,Failed,0,5,445.04,64,60+,0,1
3564,26-Jan-19,2019-01-26,7,5-9 yrs,Production Technician II,SVG,Terminated,Full-Time,ZONE C,Temporary,Production,Aerial,07-11-1994,1994-11-07,MA,Female,White,Divorced,Fully meets,1,12-03-2023,4,High,4,3,10-Dec-22,2022-12-10,Technical Skills,External,Incomplete,0,4,106.14,25,Under 30,0,0
3565,11-Sep-21,2021-09-11,4,2-4 yrs,Production Technician I,WBL,Active,Part-Time,ZONE B,Full-Time,Production,General - Con,10-05-1968,1968-05-10,MA,Male,Other,Divorced,Fully meets,4,29-09-2022,5,High,5,5,06-May-23,2023-05-06,Project Management,External,Passed,1,4,684.35,53,50-59,0,0
3566,26-Sep-21,2021-09-26,4,2-4 yrs,Production Technician II,PL,Active,Part-Time,ZONE A,Part-Time,Production,Aerial,05-10-1963,1963-10-05,MA,Male,Black,Single,Fully meets,2,27-01-2023,1,Low,2,3,05-Sep-22,2022-09-05,Communication Skills,Internal,Failed,0,2,578.81,58,50-59,0,0
3567,04-Mar-23,2023-03-04,3,2-4 yrs,Production Technician I,EW,Active,Full-Time,ZONE C,Full-Time,Production,General - Sga,02-09-1966,1966-09-02,MA,Male,Asian,Widowed,Fully meets,4,04-08-2023,2,Low,3,2,09-Jun-23,2023-06-09,Customer Service,Internal,Completed,1,5,764.51,57,50-59,0,0
3568,11-Jul-23,2023-07-11,2,2-4 yrs,Production Technician I,EW,Terminated,Full-Time,ZONE B,Part-Time,Production,Field Operations,08-12-1974,1974-12-08,MA,Male,Asian,Divorced,Fully meets,2,07-02-2023,2,Low,4,1,23-Aug-22,2022-08-23,Project Management,Internal,Incomplete,0,2,201.76,49,40-49,0,1
3569,09-Feb-19,2019-02-09,7,5-9 yrs,Production Technician I,MSC,Active,Part-Time,ZONE B,Temporary,Production,Catv,19-07-1995,1995-07-19,MA,Female,Hispanic,Divorced,Fully meets,2,24-12-2022,1,Low,3,5,09-Nov-22,2022-11-09,Technical Skills,External,Incomplete,0,4,730.04,24,Under 30,0,0
3570,19-Apr-19,2019-04-19,7,5-9 yrs,Production Technician II,TNS,Terminated,Full-Time,ZONE B,Temporary,Production,Fielders,23-11-1974,1974-11-23,MA,Female,Asian,Married,Fully meets,1,02-01-2023,2,Low,5,3,29-Mar-23,2023-03-29,Project Management,External,Failed,0,2,796.88,45,40-49,0,0
3572,12-Mar-19,2019-03-12,7,5-9 yrs,Production Technician I,WBL,Active,Contract,ZONE A,Part-Time,Production,Fielders,07-06-1994,1994-06-07,MA,Male,White,Single,Fully meets,5,05-12-2022,5,High,5,5,19-May-23,2023-05-19,Leadership Development,Internal,Failed,0,5,569.17,25,Under 30,0,0
3573,09-Mar-20,2020-03-09,6,5-9 yrs,Production Technician I,NEL,Active,Contract,ZONE B,Full-Time,Production,Field Operations,26-10-1983,1983-10-26,MA,Female,Asian,Divorced,Exceeds,4,31-12-2022,4,High,1,1,06-Oct-22,2022-10-06,Customer Service,Internal,Completed,1,4,386.07,37,30-39,0,0
3575,28-Apr-21,2021-04-28,5,5-9 yrs,Production Technician I,MSC,Terminated,Part-Time,ZONE A,Temporary,Production,Field Operations,05-03-1987,1987-03-05,MA,Male,Hispanic,Single,Exceeds,5,26-06-2023,5,High,1,5,12-Dec-22,2022-12-12,Technical Skills,Internal,Incomplete,0,3,583.21,34,30-39,0,0
3576,21-Jul-21,2021-07-21,4,2-4 yrs,Production Technician II,PL,Active,Full-Time,ZONE B,Full-Time,Production,Engineers,26-04-1992,1992-04-26,MA,Female,Asian,Single,Exceeds,4,23-03-2023,2,Low,3,3,02-Feb-23,2023-02-02,Project Management,External,Completed,1,5,398.65,29,Under 30,0,0
3577,15-Sep-19,2019-09-15,6,5-9 yrs,Production Technician I,BPC,Active,Part-Time,ZONE C,Temporary,Production,Field Operations,30-05-1957,1957-05-30,MA,Male,White,Widowed,Fully meets,4,14-08-2022,5,High,4,5,26-Jan-23,2023-01-26,Communication Skills,Internal,Passed,1,5,931.46,62,60+,0,0
3578,04-May-19,2019-05-04,7,5-9 yrs,Production Technician I,WBL,Active,Full-Time,ZONE A,Temporary,Production,Field Operations,30-05-1957,1957-05-30,MA,Male,Hispanic,Married,Exceeds,2,14-10-2022,1,Low,4,2,01-Dec-22,2022-12-01,Project Management,External,Completed,1,5,115.06,62,60+,0,0
3582,19-Aug-20,2020-08-19,5,5-9 yrs,Production Technician I,TNS,Active,Part-Time,ZONE B,Part-Time,Production,Yard (Material Handling),09-08-1968,1968-08-09,MA,Male,Asian,Widowed,Fully meets,4,17-09-2022,2,Low,2,5,09-Sep-22,2022-09-09,Communication Skills,Internal,Completed,1,4,875.02,52,50-59,0,0
3583,28-Apr-21,2021-04-28,5,5-9 yrs,Production Technician I,WBL,Active,Full-Time,ZONE C,Temporary,Production,Field Operations,20-11-1958,1958-11-20,MA,Female,White,Married,Needs improvement,4,05-07-2023,4,High,1,4,18-Mar-23,2023-03-18,Communication Skills,Internal,Incomplete,0,4,116.4,63,60+,0,0
3584,14-Aug-20,2020-08-14,5,5-9 yrs,Production Technician I,BPC,Active,Contract,ZONE C,Full-Time,Production,Field Operations,07-11-1987,1987-11-07,MA,Female,Other,Married,Fully meets,4,28-05-2023,2,Low,2,5,15-Dec-22,2022-12-15,Technical Skills,External,Passed,1,5,341.78,33,30-39,0,0
3585,22-Dec-21,2021-12-22,4,2-4 yrs,Production Technician I,CCDR,Active,Full-Time,ZONE A,Full-Time,Production,Yard (Material Handling),16-07-1992,1992-07-16,MA,Female,Black,Divorced,Fully meets,4,12-01-2023,1,Low,2,3,14-Feb-23,2023-02-14,Communication Skills,Internal,Completed,1,4,107.48,29,Under 30,0,0
3586,01-Feb-19,2019-02-01,7,5-9 yrs,Production Technician I,EW,Active,Part-Time,ZONE B,Full-Time,Production,People Services,27-12-2000,2000-12-27,MA,Female,Hispanic,Single,Fully meets,2,31-01-2023,4,High,2,4,30-Sep-22,2022-09-30,Communication Skills,External,Completed,1,1,502.7,19,Under 30,0,0
3587,10-May-21,2021-05-10,5,5-9 yrs,Production Technician I,MSC,Active,Full-Time,ZONE B,Temporary,Production,General - Eng,25-12-1977,1977-12-25,MA,Male,Other,Divorced,Fully meets,2,24-05-2023,1,Low,2,2,22-Mar-23,2023-03-22,Leadership Development,External,Completed,1,5,570.04,44,40-49,0,0
3588,25-Jun-19,2019-06-25,6,5-9 yrs,Production Technician I,NEL,Active,Full-Time,ZONE C,Full-Time,Production,Shop (Fleet),08-03-1972,1972-03-08,MA,Male,Black,Widowed,Fully meets,2,10-05-2023,4,High,2,1,23-Mar-23,2023-03-23,Communication Skills,External,Passed,1,1,538.83,47,40-49,0,0
3589,25-Apr-19,2019-04-25,7,5-9 yrs,Production Technician I,PL,Active,Contract,ZONE B,Temporary,Production,Field Operations,02-08-1951,1951-08-02,MA,Male,White,Single,Fully meets,1,18-09-2022,2,Low,3,2,07-Jan-23,2023-01-07,Communication Skills,Internal,Incomplete,0,4,881.8,68,60+,0,0
3594,11-Dec-18,2018-12-11,7,5-9 yrs,Production Technician I,PYZ,Active,Part-Time,ZONE B,Part-Time,Production,Field Operations,14-03-1968,1968-03-14,MA,Male,Black,Married,Needs improvement,1,23-01-2023,1,Low,5,1,05-May-23,2023-05-05,Leadership Development,Internal,Passed,1,5,472.64,50,50-59,0,0
3595,22-Sep-20,2020-09-22,5,5-9 yrs,Production Technician I,WBL,Active,Contract,ZONE A,Temporary,Production,Engineers,02-03-1952,1952-03-02,MA,Male,Other,Divorced,Fully meets,1,19-01-2023,2,Low,3,1,21-Feb-23,2023-02-21,Technical Skills,External,Passed,1,2,252.88,68,60+,0,0
3596,28-Jul-19,2019-07-28,6,5-9 yrs,Production Technician I,NEL,Active,Part-Time,ZONE C,Full-Time,Production,Splicing,19-07-1982,1982-07-19,MA,Male,Other,Single,Needs improvement,2,19-10-2022,4,High,3,4,14-Dec-22,2022-12-14,Technical Skills,Internal,Incomplete,0,2,289.68,37,30-39,0,0
3598,28-Sep-18,2018-09-28,7,5-9 yrs,Production Technician II,SVG,Terminated,Part-Time,ZONE A,Full-Time,Production,Project Management - Eng,06-10-1950,1950-10-06,MA,Female,Other,Married,Needs improvement,1,01-07-2023,2,Low,5,4,11-Oct-22,2022-10-11,Technical Skills,Internal,Passed,1,3,373.87,68,60+,0,0
3601,21-Nov-22,2022-11-21,3,2-4 yrs,Production Technician II,BPC,Active,Part-Time,ZONE B,Full-Time,Production,Wireline Construction,22-07-1966,1966-07-22,MA,Female,White,Married,Fully meets,5,01-09-2022,1,Low,1,2,03-Jan-23,2023-01-03,Project Management,External,Completed,1,1,865.58,56,50-59,0,0
3602,11-Apr-21,2021-04-11,5,5-9 yrs,Production Technician II,CCDR,Terminated,Full-Time,ZONE B,Part-Time,Production,Engineers,12-10-1994,1994-10-12,MA,Female,Hispanic,Married,Fully meets,5,04-08-2023,3,Medium,3,3,09-Apr-23,2023-04-09,Technical Skills,External,Incomplete,0,1,632.59,27,Under 30,0,0
3603,29-Nov-18,2018-11-29,7,5-9 yrs,Production Technician II,EW,Terminated,Full-Time,ZONE A,Part-Time,Production,Field Operations,15-02-1977,1977-02-15,MA,Female,White,Married,Fully meets,2,08-10-2022,5,High,1,3,02-Oct-22,2022-10-02,Technical Skills,External,Incomplete,0,3,680.48,41,40-49,0,0
3606,01-Aug-19,2019-08-01,6,5-9 yrs,Production Technician I,SVG,Terminated,Part-Time,ZONE C,Full-Time,Production,Billable Consultants,13-03-1965,1965-03-13,MA,Male,Other,Divorced,Fully meets,3,27-03-2023,3,Medium,5,1,31-Oct-22,2022-10-31,Project Management,Internal,Passed,1,2,255.6,54,50-59,0,0
3607,18-Jun-19,2019-06-18,6,5-9 yrs,Production Technician I,EW,Active,Full-Time,ZONE A,Full-Time,Production,Project Management - Con,03-08-1976,1976-08-03,MA,Male,Other,Married,Fully meets,5,18-07-2023,2,Low,4,1,04-May-23,2023-05-04,Customer Service,External,Passed,1,4,321.91,43,40-49,0,0
3608,13-Feb-19,2019-02-13,7,5-9 yrs,Production Technician I,MSC,Active,Full-Time,ZONE C,Part-Time,Production,Field Operations,06-07-1979,1979-07-06,MA,Male,Other,Married,Fully meets,3,12-01-2023,1,Low,3,1,14-Mar-23,2023-03-14,Project Management,External,Completed,1,3,834.12,40,40-49,0,0
3609,02-Jun-21,2021-06-02,5,5-9 yrs,Production Technician I,TNS,Active,Contract,ZONE B,Full-Time,Production,Shop (Fleet),09-06-1993,1993-06-09,MA,Female,Other,Widowed,Fully meets,3,05-11-2022,2,Low,2,4,23-Sep-22,2022-09-23,Customer Service,Internal,Passed,1,4,273.88,28,Under 30,0,0
3610,11-Oct-18,2018-10-11,7,5-9 yrs,Production Technician I,PYZ,Active,Part-Time,ZONE C,Full-Time,Production,Field Operations,07-04-1973,1973-04-07,MA,Female,Other,Single,Fully meets,3,14-12-2022,4,High,5,5,15-Feb-23,2023-02-15,Customer Service,Internal,Incomplete,0,4,217.57,45,40-49,0,0
3611,09-Mar-21,2021-03-09,5,5-9 yrs,Production Technician I,WBL,Active,Contract,ZONE C,Full-Time,Production,Project Management - Con,20-01-1952,1952-01-20,MA,Female,Hispanic,Married,Fully meets,2,16-09-2022,2,Low,3,4,07-Jan-23,2023-01-07,Customer Service,Internal,Completed,1,1,482.09,69,60+,0,0
3612,23-Jan-22,2022-01-23,4,2-4 yrs,Production Technician I,NEL,Active,Contract,ZONE A,Part-Time,Production,Field Operations,25-12-1984,1984-12-25,MA,Male,Black,Single,Pip,4,07-07-2023,5,High,3,3,03-Jul-23,2023-07-03,Leadership Development,External,Failed,0,2,614.11,38,30-39,0,0
3613,24-Feb-19,2019-02-24,7,5-9 yrs,Production Technician I,PL,Active,Contract,ZONE B,Part-Time,Production,Field Operations,14-06-1973,1973-06-14,MA,Male,Asian,Married,Exceeds,1,13-10-2022,1,Low,5,2,08-Oct-22,2022-10-08,Customer Service,Internal,Incomplete,0,1,354.22,46,40-49,0,0
3614,08-Jan-20,2020-01-08,6,5-9 yrs,Production Technician I,BPC,Active,Contract,ZONE B,Temporary,Production,Project Management - Con,31-08-1973,1973-08-31,MA,Male,White,Married,Fully meets,2,04-07-2023,4,High,5,1,04-Jun-23,2023-06-04,Leadership Development,External,Passed,1,3,868.85,47,40-49,0,0
3616,12-Feb-22,2022-02-12,4,2-4 yrs,Production Technician I,SVG,Active,Contract,ZONE C,Full-Time,Production,General - Con,24-03-1981,1981-03-24,MA,Female,Hispanic,Married,Fully meets,4,04-08-2023,1,Low,1,1,30-Jan-23,2023-01-30,Customer Service,Internal,Incomplete,0,4,134.93,41,40-49,0,0
3617,01-Feb-23,2023-02-01,3,2-4 yrs,Production Technician I,EW,Active,Full-Time,ZONE C,Full-Time,Production,Wireline Construction,18-02-1961,1961-02-18,MA,Female,Hispanic,Married,Fully meets,1,26-02-2023,2,Low,3,3,09-Apr-23,2023-04-09,Customer Service,Internal,Completed,1,5,531.1,62,60+,0,0
3619,23-Mar-23,2023-03-23,3,2-4 yrs,Production Technician I,TNS,Active,Full-Time,ZONE A,Full-Time,Production,General - Con,17-03-1984,1984-03-17,MA,Male,Asian,Married,Fully meets,3,30-04-2023,1,Low,5,2,10-Nov-22,2022-11-10,Project Management,Internal,Passed,1,2,656.68,39,30-39,0,1
3620,22-Mar-23,2023-03-22,3,2-4 yrs,Production Technician I,PYZ,Active,Part-Time,ZONE A,Temporary,Production,General - Eng,12-10-1994,1994-10-12,MA,Male,Hispanic,Married,Fully meets,2,29-08-2022,1,Low,2,2,20-Dec-22,2022-12-20,Technical Skills,Internal,Completed,1,3,654.22,29,Under 30,0,1
3621,28-Nov-18,2018-11-28,7,5-9 yrs,Production Technician I,WBL,Active,Contract,ZONE A,Full-Time,Production,Wireless,09-09-1997,1997-09-09,MA,Male,White,Married,Fully meets,2,23-06-2023,2,Low,3,2,15-Jul-23,2023-07-15,Leadership Development,External,Passed,1,3,879.89,21,Under 30,0,0
3622,09-Jul-20,2020-07-09,5,5-9 yrs,Production Technician II,SVG,Active,Part-Time,ZONE A,Temporary,Production,Field Operations,16-10-1995,1995-10-16,MA,Female,Hispanic,Divorced,Fully meets,3,26-07-2023,3,Medium,1,5,11-May-23,2023-05-11,Project Management,External,Completed,1,1,977.23,25,Under 30,0,0
3623,11-Feb-19,2019-02-11,7,5-9 yrs,Production Technician II,EW,Active,Part-Time,ZONE A,Full-Time,Production,Engineers,25-04-1958,1958-04-25,MA,Female,Asian,Divorced,Fully meets,3,04-12-2022,2,Low,2,5,03-Aug-23,2023-08-03,Project Management,External,Completed,1,2,763.37,61,60+,0,0
3624,09-Jan-20,2020-01-09,6,5-9 yrs,Production Technician II,MSC,Active,Part-Time,ZONE B,Part-Time,Production,Technology / It,04-02-1996,1996-02-04,MA,Female,Asian,Married,Fully meets,4,09-01-2023,2,Low,2,2,05-Apr-23,2023-04-05,Communication Skills,External,Passed,1,5,962.13,24,Under 30,0,0
3625,11-Nov-21,2021-11-11,4,2-4 yrs,Production Technician II,TNS,Terminated,Contract,ZONE B,Part-Time,Production,Engineers,14-12-1975,1975-12-14,MA,Female,Asian,Single,Fully meets,5,28-08-2022,5,High,2,4,26-Mar-23,2023-03-26,Technical Skills,External,Incomplete,0,2,617.27,46,40-49,0,0
3626,15-May-21,2021-05-15,5,5-9 yrs,Production Technician II,PYZ,Active,Full-Time,ZONE B,Temporary,Production,Field Operations,28-10-1993,1993-10-28,MA,Female,Asian,Single,Fully meets,2,24-02-2023,2,Low,5,1,25-Sep-22,2022-09-25,Communication Skills,Internal,Failed,0,2,559.78,28,Under 30,0,0
3627,21-Aug-19,2019-08-21,6,5-9 yrs,Production Technician II,WBL,Terminated,Contract,ZONE C,Full-Time,Production,Field Operations,23-02-1967,1967-02-23,MA,Female,Black,Married,Fully meets,3,29-01-2023,1,Low,1,4,30-Aug-22,2022-08-30,Leadership Development,Internal,Incomplete,0,5,113.89,52,50-59,0,0
3629,27-Aug-22,2022-08-27,3,2-4 yrs,Production Technician I,NEL,Terminated,Contract,ZONE B,Full-Time,Production,Field Operations,26-11-1983,1983-11-26,MA,Male,Black,Divorced,Fully meets,5,18-11-2022,2,Low,4,4,30-Jul-23,2023-07-30,Technical Skills,Internal,Incomplete,0,1,343.76,39,30-39,0,0
3630,23-Feb-19,2019-02-23,7,5-9 yrs,Production Technician I,MSC,Active,Contract,ZONE B,Full-Time,Production,Field Operations,07-05-1965,1965-05-07,MA,Male,Other,Widowed,Fully meets,5,19-10-2022,5,High,3,2,24-Sep-22,2022-09-24,Technical Skills,Internal,Failed,0,5,507.58,54,50-59,0,0
3633,21-Mar-22,2022-03-21,4,2-4 yrs,Production Technician I,BPC,Active,Contract,ZONE B,Temporary,Production,Aerial,24-03-1987,1987-03-24,MA,Female,Hispanic,Single,Fully meets,5,04-11-2022,4,High,4,4,01-Dec-22,2022-12-01,Communication Skills,Internal,Incomplete,0,3,699.39,35,30-39,0,0
3634,23-Jun-23,2023-06-23,2,2-4 yrs,Production Technician I,PYZ,Active,Part-Time,ZONE B,Full-Time,Production,General - Sga,26-04-1962,1962-04-26,MA,Female,Other,Married,Fully meets,5,25-06-2023,2,Low,5,2,15-Sep-22,2022-09-15,Technical Skills,External,Incomplete,0,3,254.68,61,60+,0,1
3635,26-Oct-20,2020-10-26,5,5-9 yrs,Production Technician I,WBL,Active,Part-Time,ZONE C,Part-Time,Production,Yard (Material Handling),12-03-1978,1978-03-12,MA,Female,Hispanic,Single,Fully meets,4,07-10-2022,1,Low,5,4,13-Jun-23,2023-06-13,Technical Skills,External,Failed,0,2,534.55,42,40-49,0,0
3636,29-Jan-20,2020-01-29,6,5-9 yrs,Production Technician I,NEL,Active,Contract,ZONE B,Temporary,Production,Catv,13-03-1982,1982-03-13,MA,Male,Asian,Divorced,Fully meets,3,08-12-2022,3,Medium,5,3,26-Aug-22,2022-08-26,Communication Skills,External,Passed,1,3,795.72,38,30-39,0,0
3637,23-Apr-22,2022-04-23,4,2-4 yrs,Production Technician I,PL,Active,Full-Time,ZONE C,Full-Time,Production,Aerial,17-04-1995,1995-04-17,MA,Male,Asian,Divorced,Fully meets,3,07-05-2023,2,Low,1,3,21-Mar-23,2023-03-21,Project Management,External,Completed,1,4,977.23,27,Under 30,0,0
3638,15-Jun-23,2023-06-15,2,2-4 yrs,Production Technician I,BPC,Active,Full-Time,ZONE C,Part-Time,Production,Field Operations,10-12-1978,1978-12-10,MA,Male,Hispanic,Single,Fully meets,3,15-05-2023,4,High,5,1,01-Jan-23,2023-01-01,Customer Service,Internal,Completed,1,3,370.79,45,40-49,0,1
3640,07-Jan-23,2023-01-07,3,2-4 yrs,Production Technician I,SVG,Active,Contract,ZONE A,Temporary,Production,Field Operations,21-09-2000,2000-09-21,MA,Female,Asian,Divorced,Fully meets,3,25-07-2023,2,Low,1,2,31-Jan-23,2023-01-31,Communication Skills,External,Passed,1,1,699.48,23,Under 30,0,0
3643,16-Apr-20,2020-04-16,6,5-9 yrs,Production Technician I,TNS,Active,Full-Time,ZONE A,Full-Time,Production,Catv,22-03-1961,1961-03-22,MA,Male,Asian,Single,Fully meets,3,18-06-2023,1,Low,5,3,27-Mar-23,2023-03-27,Leadership Development,Internal,Completed,1,4,712.43,59,50-59,0,0
3644,16-Jun-22,2022-06-16,3,2-4 yrs,Production Technician I,PYZ,Active,Part-Time,ZONE B,Full-Time,Production,Field Operations,24-06-1986,1986-06-24,MA,Male,Black,Married,Fully meets,3,11-11-2022,4,High,4,4,06-Feb-23,2023-02-06,Technical Skills,Internal,Incomplete,0,1,504.66,36,30-39,0,0
3645,22-Jul-19,2019-07-22,6,5-9 yrs,Production Technician I,WBL,Active,Part-Time,ZONE C,Full-Time,Production,General - Con,16-09-1977,1977-09-16,MA,Male,Asian,Single,Fully meets,3,08-06-2023,1,Low,3,3,06-May-23,2023-05-06,Leadership Development,External,Incomplete,0,5,398.36,42,40-49,0,0
3646,22-Apr-23,2023-04-22,3,2-4 yrs,Production Technician II,SVG,Active,Part-Time,ZONE A,Full-Time,Production,Splicing,01-01-1968,1968-01-01,MA,Female,Hispanic,Widowed,Fully meets,3,30-07-2023,5,High,4,4,22-Jul-23,2023-07-22,Communication Skills,External,Failed,0,4,533.61,55,50-59,0,0
3647,28-Dec-20,2020-12-28,5,5-9 yrs,Production Technician II,EW,Terminated,Part-Time,ZONE A,Part-Time,Production,Engineers,24-07-1966,1966-07-24,MA,Female,Black,Single,Fully meets,3,28-12-2022,2,Low,4,4,10-Aug-22,2022-08-10,Technical Skills,Internal,Completed,1,4,199.55,54,50-59,0,0
3649,13-Aug-22,2022-08-13,3,2-4 yrs,Production Technician II,TNS,Active,Contract,ZONE A,Part-Time,Production,Field Operations,06-06-1968,1968-06-06,MA,Female,White,Married,Exceeds,4,08-09-2022,1,Low,2,2,18-Dec-22,2022-12-18,Leadership Development,External,Completed,1,4,336.33,54,50-59,0,0
3650,03-Oct-19,2019-10-03,6,5-9 yrs,Production Technician II,PYZ,Terminated,Full-Time,ZONE B,Part-Time,Production,Field Operations,25-12-1991,1991-12-25,MA,Female,White,Divorced,Fully meets,3,30-06-2023,3,Medium,2,4,09-Jan-23,2023-01-09,Communication Skills,External,Passed,1,4,242.71,28,Under 30,0,0
3651,14-Oct-19,2019-10-14,6,5-9 yrs,Production Technician II,WBL,Active,Full-Time,ZONE C,Full-Time,Production,General - Con,19-01-1991,1991-01-19,MA,Female,White,Single,Fully meets,3,25-10-2022,1,Low,4,1,14-May-23,2023-05-14,Leadership Development,Internal,Failed,0,4,651.28,28,Under 30,0,0
3653,04-Feb-21,2021-02-04,5,5-9 yrs,Production Technician I,PL,Terminated,Contract,ZONE B,Part-Time,Production,General - Con,29-06-1995,1995-06-29,MA,Male,Asian,Widowed,Exceeds,3,31-05-2023,4,High,4,3,20-Jan-23,2023-01-20,Customer Service,External,Failed,0,1,791.72,26,Under 30,0,0
3654,23-Nov-22,2022-11-23,3,2-4 yrs,Production Technician I,PYZ,Active,Part-Time,ZONE A,Part-Time,Production,Aerial,30-03-1995,1995-03-30,MA,Male,Asian,Divorced,Exceeds,4,02-01-2023,2,Low,4,1,11-Apr-23,2023-04-11,Project Management,Internal,Incomplete,0,4,553.86,27,Under 30,0,0
3655,25-Feb-23,2023-02-25,3,2-4 yrs,Production Technician I,SVG,Active,Part-Time,ZONE C,Full-Time,Production,Engineers,20-10-1998,1998-10-20,MA,Male,Asian,Married,Fully meets,3,05-04-2023,1,Low,5,1,04-Jan-23,2023-01-04,Technical Skills,External,Passed,1,1,735.72,25,Under 30,0,1
3656,15-Dec-19,2019-12-15,6,5-9 yrs,Production Technician I,TNS,Active,Part-Time,ZONE B,Part-Time,Production,Underground,14-04-2001,2001-04-14,MA,Male,Hispanic,Divorced,Exceeds,5,14-11-2022,5,High,3,2,14-Jun-23,2023-06-14,Project Management,Internal,Failed,0,4,867.03,18,Under 30,0,0
3657,29-Aug-21,2021-08-29,4,2-4 yrs,Production Technician I,WBL,Active,Part-Time,ZONE C,Full-Time,Production,General - Con,04-03-1992,1992-03-04,MA,Female,Black,Single,Fully meets,4,26-03-2023,4,High,2,4,26-May-23,2023-05-26,Project Management,External,Incomplete,0,1,710.14,29,Under 30,0,0
3658,04-Nov-22,2022-11-04,3,2-4 yrs,Production Technician I,BPC,Active,Part-Time,ZONE C,Temporary,Production,Project Management - Con,25-11-1966,1966-11-25,MA,Female,Black,Divorced,Fully meets,3,02-08-2023,5,High,4,2,18-Aug-22,2022-08-18,Leadership Development,External,Incomplete,0,2,799.88,56,50-59,0,1
3659,02-Oct-19,2019-10-02,6,5-9 yrs,Production Technician I,CCDR,Active,Full-Time,ZONE A,Part-Time,Production,Field Operations,30-10-1989,1989-10-30,MA,Male,Other,Divorced,Exceeds,1,26-08-2022,3,Medium,1,5,27-Jan-23,2023-01-27,Leadership Development,External,Passed,1,5,242.87,30,30-39,0,0
3660,24-May-19,2019-05-24,7,5-9 yrs,Production Technician I,EW,Active,Full-Time,ZONE A,Full-Time,Production,Field Operations,21-06-1974,1974-06-21,MA,Male,Hispanic,Single,Exceeds,3,30-08-2022,3,Medium,2,4,19-May-23,2023-05-19,Leadership Development,Internal,Passed,1,4,849.77,45,40-49,0,0
3662,13-Jun-23,2023-06-13,2,2-4 yrs,Production Technician I,NEL,Active,Full-Time,ZONE B,Temporary,Production,Wireline Construction,18-04-1973,1973-04-18,MA,Male,Other,Married,Exceeds,2,14-07-2023,3,Medium,5,3,20-May-23,2023-05-20,Customer Service,Internal,Passed,1,1,535.93,50,50-59,0,1
3665,22-Nov-19,2019-11-22,6,5-9 yrs,Production Technician I,SVG,Active,Full-Time,ZONE B,Temporary,Production,Field Operations,30-03-1985,1985-03-30,MA,Male,Asian,Married,Fully meets,3,02-03-2023,5,High,2,1,09-Jan-23,2023-01-09,Project Management,Internal,Passed,1,3,752.33,34,30-39,0,0
3666,29-Apr-22,2022-04-29,4,2-4 yrs,Production Technician I,TNS,Active,Full-Time,ZONE A,Full-Time,Production,Field Operations,19-05-1956,1956-05-19,MA,Male,Hispanic,Single,Fully meets,3,26-04-2023,5,High,2,1,02-Aug-23,2023-08-02,Project Management,Internal,Completed,1,3,343.52,66,60+,0,0
3667,11-Dec-22,2022-12-11,3,2-4 yrs,Production Technician I,WBL,Active,Part-Time,ZONE B,Temporary,Production,Billable Consultants,23-08-1998,1998-08-23,MA,Male,Black,Single,Fully meets,3,18-11-2022,1,Low,1,2,03-Feb-23,2023-02-03,Leadership Development,Internal,Completed,1,3,860.31,24,Under 30,0,0
3668,06-Aug-23,2023-08-06,2,2-4 yrs,Production Technician I,BPC,Active,Full-Time,ZONE C,Full-Time,Production,Underground,24-05-1996,1996-05-24,MA,Male,Asian,Widowed,Needs improvement,3,29-06-2023,1,Low,5,1,28-Nov-22,2022-11-28,Customer Service,External,Completed,1,4,265.55,27,Under 30,0,1
3669,28-Mar-20,2020-03-28,6,5-9 yrs,Production Technician I,CCDR,Terminated,Contract,ZONE A,Temporary,Production,Finance & Accounting,16-01-1967,1967-01-16,MA,Male,Black,Widowed,Fully meets,3,11-04-2023,4,High,2,4,03-Aug-23,2023-08-03,Project Management,Internal,Completed,1,1,183.85,53,50-59,0,0
3670,11-Aug-22,2022-08-11,3,2-4 yrs,Production Technician II,SVG,Active,Full-Time,ZONE A,Full-Time,Production,Billable Consultants,17-01-1969,1969-01-17,MA,Female,Hispanic,Widowed,Needs improvement,3,16-08-2022,2,Low,2,3,25-Sep-22,2022-09-25,Project Management,External,Completed,1,5,942.09,53,50-59,0,0
3671,26-Jan-23,2023-01-26,3,2-4 yrs,Production Technician II,EW,Terminated,Part-Time,ZONE A,Temporary,Production,Splicing,29-12-1989,1989-12-29,MA,Female,Asian,Divorced,Needs improvement,3,10-01-2023,3,Medium,4,5,20-Jan-23,2023-01-20,Communication Skills,External,Passed,1,4,381.94,34,30-39,0,1
3672,14-Jan-19,2019-01-14,7,5-9 yrs,Production Technician II,MSC,Active,Part-Time,ZONE A,Full-Time,Production,General - Con,24-02-1991,1991-02-24,MA,Female,Asian,Divorced,Fully meets,3,30-11-2022,3,Medium,2,4,29-Aug-22,2022-08-29,Project Management,External,Failed,0,1,358.73,28,Under 30,0,0
3673,11-Jun-22,2022-06-11,3,2-4 yrs,Production Technician II,TNS,Terminated,Full-Time,ZONE B,Temporary,Production,People Services,19-02-1973,1973-02-19,MA,Female,Other,Widowed,Fully meets,3,08-06-2023,3,Medium,3,1,21-Mar-23,2023-03-21,Customer Service,External,Passed,1,3,578.02,49,40-49,0,0
3674,25-Jun-20,2020-06-25,5,5-9 yrs,Production Technician II,BPC,Terminated,Part-Time,ZONE C,Part-Time,Production,Engineers,01-05-1996,1996-05-01,MA,Female,Other,Single,Fully meets,3,02-04-2023,4,High,4,3,08-Nov-22,2022-11-08,Project Management,Internal,Completed,1,2,223.29,24,Under 30,0,0
3675,08-Jun-20,2020-06-08,5,5-9 yrs,Production Technician II,CCDR,Active,Full-Time,ZONE C,Full-Time,Production,Engineers,28-08-1952,1952-08-28,MA,Female,Hispanic,Divorced,Fully meets,3,05-05-2023,5,High,3,2,07-Sep-22,2022-09-07,Customer Service,Internal,Passed,1,5,992.37,68,60+,0,0
3676,29-Aug-18,2018-08-29,7,5-9 yrs,Production Technician I,BPC,Active,Contract,ZONE B,Part-Time,Production,Yard (Material Handling),29-11-1993,1993-11-29,MA,Male,Black,Divorced,Fully meets,3,07-09-2022,3,Medium,4,1,10-Feb-23,2023-02-10,Customer Service,Internal,Failed,0,5,113.48,25,Under 30,0,0
3677,01-Oct-22,2022-10-01,3,2-4 yrs,Production Technician I,CCDR,Active,Full-Time,ZONE A,Full-Time,Production,Field Operations,04-02-1960,1960-02-04,MA,Male,Hispanic,Single,Fully meets,3,25-07-2023,3,Medium,5,5,05-Oct-22,2022-10-05,Leadership Development,External,Incomplete,0,4,882.2,62,60+,0,0
3678,22-Jul-21,2021-07-22,4,2-4 yrs,Production Technician I,SVG,Active,Full-Time,ZONE A,Full-Time,Production,General - Eng,24-05-1999,1999-05-24,MA,Male,Asian,Single,Fully meets,3,20-11-2022,3,Medium,4,4,06-Sep-22,2022-09-06,Customer Service,Internal,Incomplete,0,2,288.16,22,Under 30,0,0
3679,14-Dec-19,2019-12-14,6,5-9 yrs,Production Technician I,EW,Active,Full-Time,ZONE A,Full-Time,Production,Engineers,16-07-1989,1989-07-16,MA,Male,Asian,Divorced,Fully meets,3,26-10-2022,4,High,2,5,16-Jan-23,2023-01-16,Leadership Development,External,Completed,1,1,815.52,30,30-39,0,0
3680,27-Mar-20,2020-03-27,6,5-9 yrs,Production Technician I,MSC,Active,Part-Time,ZONE B,Full-Time,Production,Underground,14-09-1985,1985-09-14,MA,Female,Other,Divorced,Fully meets,3,23-04-2023,3,Medium,2,3,15-May-23,2023-05-15,Leadership Development,Internal,Completed,1,4,461.06,35,30-39,0,0
3681,25-Nov-21,2021-11-25,4,2-4 yrs,Production Technician I,TNS,Active,Part-Time,ZONE B,Temporary,Production,Engineers,17-03-1976,1976-03-17,MA,Female,Black,Widowed,Fully meets,3,13-08-2022,5,High,2,5,22-Mar-23,2023-03-22,Customer Service,External,Incomplete,0,2,580.16,45,40-49,0,0
3683,02-Nov-21,2021-11-02,4,2-4 yrs,Production Technician I,WBL,Active,Part-Time,ZONE C,Temporary,Production,Finance & Accounting,06-01-1956,1956-01-06,MA,Male,Other,Divorced,Fully meets,3,25-10-2022,2,Low,1,5,28-Dec-22,2022-12-28,Project Management,Internal,Completed,1,1,990.69,65,60+,0,0
3684,01-Dec-19,2019-12-01,6,5-9 yrs,Production Technician I,NEL,Active,Contract,ZONE C,Part-Time,Production,Field Operations,03-08-1954,1954-08-03,MA,Male,Hispanic,Widowed,Fully meets,3,16-04-2023,5,High,5,3,29-Oct-22,2022-10-29,Communication Skills,Internal,Completed,1,2,939.39,65,60+,0,0
3685,16-Aug-22,2022-08-16,3,2-4 yrs,Production Technician I,PL,Active,Full-Time,ZONE C,Full-Time,Production,Project Management - Con,22-06-1986,1986-06-22,MA,Male,Asian,Widowed,Fully meets,3,03-01-2023,4,High,3,4,06-Jan-23,2023-01-06,Leadership Development,External,Passed,1,1,941.12,36,30-39,0,0
3689,16-Jul-21,2021-07-16,4,2-4 yrs,Production Technician I,EW,Active,Contract,ZONE A,Temporary,Production,Field Operations,29-12-1960,1960-12-29,MA,Male,Asian,Married,Exceeds,3,17-08-2022,4,High,4,3,25-Feb-23,2023-02-25,Communication Skills,External,Passed,1,1,734.94,61,60+,0,0
3691,23-Nov-20,2020-11-23,5,5-9 yrs,Production Technician I,TNS,Active,Part-Time,ZONE C,Full-Time,Production,Finance & Accounting,03-01-1993,1993-01-03,MA,Male,Asian,Single,Needs improvement,1,07-12-2022,1,Low,1,5,06-Mar-23,2023-03-06,Leadership Development,Internal,Completed,1,3,311.28,27,Under 30,0,0
3692,11-Nov-19,2019-11-11,6,5-9 yrs,Production Technician I,PYZ,Active,Full-Time,ZONE B,Part-Time,Production,Aerial,15-12-1979,1979-12-15,MA,Male,Black,Widowed,Needs improvement,3,17-02-2023,4,High,5,3,29-Mar-23,2023-03-29,Technical Skills,Internal,Passed,1,5,671.88,40,40-49,0,0
3693,20-May-19,2019-05-20,7,5-9 yrs,Production Technician II,SVG,Active,Part-Time,ZONE B,Temporary,Production,Project Management - Con,01-08-1977,1977-08-01,MA,Female,White,Married,Exceeds,2,09-04-2023,3,Medium,1,1,24-Jan-23,2023-01-24,Project Management,External,Completed,1,1,861.5,42,40-49,0,0
3694,05-Nov-19,2019-11-05,6,5-9 yrs,Production Technician II,EW,Terminated,Full-Time,ZONE A,Part-Time,Production,Field Operations,11-03-1961,1961-03-11,MA,Female,Hispanic,Married,Pip,4,20-03-2023,3,Medium,3,5,19-May-23,2023-05-19,Leadership Development,External,Completed,1,2,649.18,58,50-59,0,0
3695,20-Sep-18,2018-09-20,7,5-9 yrs,Production Technician II,MSC,Terminated,Contract,ZONE C,Temporary,Production,Catv,28-11-1989,1989-11-28,MA,Female,Hispanic,Divorced,Pip,4,28-08-2022,1,Low,1,4,08-Jan-23,2023-01-08,Project Management,External,Failed,0,4,492.2,29,Under 30,0,0
3696,02-Sep-20,2020-09-02,5,5-9 yrs,Production Technician II,TNS,Terminated,Contract,ZONE B,Part-Time,Production,Wireless,07-10-1989,1989-10-07,MA,Female,Hispanic,Widowed,Pip,3,01-12-2022,2,Low,1,2,13-Jan-23,2023-01-13,Technical Skills,Internal,Passed,1,2,299.59,31,30-39,0,0
3697,28-Jun-20,2020-06-28,5,5-9 yrs,Production Technician II,PYZ,Active,Full-Time,ZONE A,Part-Time,Production,Field Operations,26-12-1992,1992-12-26,MA,Female,Other,Single,Pip,4,20-07-2023,3,Medium,4,1,24-Apr-23,2023-04-24,Technical Skills,Internal,Failed,0,2,982.33,28,Under 30,0,0
3698,22-Mar-23,2023-03-22,3,2-4 yrs,Production Technician II,WBL,Active,Full-Time,ZONE A,Full-Time,Production,Catv,12-06-1984,1984-06-12,MA,Female,Hispanic,Married,Pip,3,19-01-2023,2,Low,5,4,24-Dec-22,2022-12-24,Leadership Development,External,Passed,1,2,830.36,39,30-39,0,1
3699,30-Aug-22,2022-08-30,3,2-4 yrs,Production Technician I,PYZ,Terminated,Part-Time,ZONE B,Temporary,Production,Engineers,31-01-1977,1977-01-31,MA,Male,Asian,Divorced,Pip,2,21-06-2023,2,Low,4,3,19-Aug-22,2022-08-19,Customer Service,External,Passed,1,1,973.34,45,40-49,0,1
3700,24-Oct-19,2019-10-24,6,5-9 yrs,Production Technician I,PL,Active,Part-Time,ZONE A,Temporary,Production,Wireline Construction,12-04-1988,1988-04-12,MA,Male,Hispanic,Divorced,Pip,1,18-01-2023,4,High,1,1,25-Feb-23,2023-02-25,Project Management,Internal,Failed,0,4,667.34,31,30-39,0,0
3702,13-Jul-19,2019-07-13,6,5-9 yrs,Production Technician I,MSC,Active,Part-Time,ZONE C,Part-Time,Production,Aerial,22-04-1976,1976-04-22,MA,Male,Asian,Single,Exceeds,3,24-02-2023,2,Low,4,1,15-Feb-23,2023-02-15,Leadership Development,External,Failed,0,3,346.28,43,40-49,0,0
3703,31-Aug-20,2020-08-31,5,5-9 yrs,Production Technician I,EW,Active,Part-Time,ZONE A,Part-Time,Production,Engineers,15-02-1951,1951-02-15,MA,Female,White,Widowed,Exceeds,4,02-06-2023,5,High,5,5,27-Dec-22,2022-12-27,Communication Skills,External,Completed,1,3,121.45,69,60+,0,0
3704,25-Jan-19,2019-01-25,7,5-9 yrs,Production Technician I,CCDR,Active,Full-Time,ZONE C,Part-Time,Production,Field Operations,05-02-1976,1976-02-05,MA,Female,Asian,Married,Exceeds,5,07-07-2023,2,Low,4,5,07-Oct-22,2022-10-07,Technical Skills,External,Incomplete,0,2,669.3,43,40-49,0,0
3705,21-Nov-20,2020-11-21,5,5-9 yrs,Production Technician I,BPC,Active,Full-Time,ZONE A,Part-Time,Production,General - Sga,27-05-1967,1967-05-27,MA,Female,White,Single,Exceeds,3,25-05-2023,3,Medium,1,4,17-Apr-23,2023-04-17,Technical Skills,Internal,Completed,1,5,983.59,53,50-59,0,0
3706,23-Sep-19,2019-09-23,6,5-9 yrs,Production Technician I,WBL,Active,Full-Time,ZONE B,Part-Time,Production,Field Operations,08-11-1974,1974-11-08,MA,Male,White,Divorced,Exceeds,3,17-07-2023,2,Low,1,4,07-Jun-23,2023-06-07,Customer Service,Internal,Completed,1,1,304.9,45,40-49,0,0
3707,11-Dec-22,2022-12-11,3,2-4 yrs,Production Technician I,TNS,Active,Contract,ZONE B,Temporary,Production,Engineers,01-12-1995,1995-12-01,MA,Male,Asian,Divorced,Exceeds,3,24-03-2023,3,Medium,2,4,24-Dec-22,2022-12-24,Leadership Development,External,Passed,1,3,778.72,27,Under 30,0,0
3708,21-Aug-20,2020-08-21,5,5-9 yrs,Production Technician I,SVG,Active,Full-Time,ZONE C,Part-Time,Production,Fielders,19-02-1974,1974-02-19,MA,Male,Black,Married,Exceeds,4,21-08-2022,5,High,5,2,03-Jan-23,2023-01-03,Customer Service,External,Passed,1,4,136.15,46,40-49,0,0
3709,04-Feb-19,2019-02-04,7,5-9 yrs,Production Technician I,PYZ,Active,Full-Time,ZONE C,Part-Time,Production,Splicing,18-09-1969,1969-09-18,MA,Male,Black,Divorced,Exceeds,5,08-05-2023,3,Medium,5,3,07-Apr-23,2023-04-07,Leadership Development,Internal,Incomplete,0,4,339.84,50,50-59,0,0
3710,29-Oct-21,2021-10-29,4,2-4 yrs,Production Technician I,PL,Active,Full-Time,ZONE C,Part-Time,Production,Aerial,16-10-1960,1960-10-16,MA,Female,Hispanic,Single,Exceeds,1,28-02-2023,5,High,5,3,02-Jun-23,2023-06-02,Leadership Development,External,Completed,1,1,791.78,61,60+,0,0
3711,17-Jul-21,2021-07-17,4,2-4 yrs,Production Technician I,NEL,Active,Part-Time,ZONE A,Temporary,Production,Finance & Accounting,03-01-1981,1981-01-03,MA,Female,Black,Single,Needs improvement,1,14-12-2022,4,High,3,3,19-Oct-22,2022-10-19,Leadership Development,External,Incomplete,0,5,853.26,40,40-49,0,0
3713,21-Jul-20,2020-07-21,5,5-9 yrs,Production Technician I,EW,Active,Full-Time,ZONE B,Temporary,Production,General - Sga,10-04-1985,1985-04-10,MA,Male,Hispanic,Widowed,Fully meets,3,30-10-2022,3,Medium,4,1,17-May-23,2023-05-17,Customer Service,External,Incomplete,0,5,235.82,35,30-39,0,0
3714,19-Jan-20,2020-01-19,6,5-9 yrs,Production Technician I,CCDR,Active,Full-Time,ZONE B,Part-Time,Production,Field Operations,19-04-1965,1965-04-19,MA,Male,White,Married,Fully meets,4,21-07-2023,3,Medium,5,2,18-May-23,2023-05-18,Leadership Development,Internal,Passed,1,5,448.57,55,50-59,0,0
3715,12-Sep-21,2021-09-12,4,2-4 yrs,Production Technician I,BPC,Active,Contract,ZONE A,Full-Time,Production,Project Management - Con,05-03-1976,1976-03-05,MA,Male,Black,Widowed,Fully meets,4,20-05-2023,1,Low,1,4,11-Jan-23,2023-01-11,Leadership Development,External,Incomplete,0,3,572.56,45,40-49,0,0
3716,31-Jul-22,2022-07-31,3,2-4 yrs,Production Technician II,SVG,Terminated,Full-Time,ZONE A,Full-Time,Production,General - Con,27-06-1993,1993-06-27,MA,Female,Black,Married,Fully meets,1,19-11-2022,5,High,3,3,07-Mar-23,2023-03-07,Project Management,Internal,Incomplete,0,4,959.78,29,Under 30,0,0
3717,18-May-23,2023-05-18,3,2-4 yrs,Production Technician II,EW,Active,Contract,ZONE B,Full-Time,Production,Field Operations,07-11-1992,1992-11-07,MA,Female,Asian,Married,Fully meets,2,01-01-2023,4,High,1,3,22-Aug-22,2022-08-22,Communication Skills,External,Passed,1,3,363.02,31,30-39,0,1
3720,23-May-19,2019-05-23,7,5-9 yrs,Production Technician II,PYZ,Active,Part-Time,ZONE B,Full-Time,Production,Field Operations,18-12-1958,1958-12-18,MA,Female,White,Single,Fully meets,3,15-05-2023,2,Low,1,5,23-Sep-22,2022-09-23,Project Management,Internal,Passed,1,2,845.21,61,60+,0,0
3721,12-Feb-20,2020-02-12,6,5-9 yrs,Production Technician I,NEL,Active,Full-Time,ZONE B,Full-Time,Production,Fielders,24-03-1960,1960-03-24,MA,Male,Black,Widowed,Fully meets,2,07-02-2023,5,High,4,5,22-Dec-22,2022-12-22,Technical Skills,External,Incomplete,0,4,327.82,60,60+,0,0
3723,29-Apr-22,2022-04-29,4,2-4 yrs,Production Technician I,BPC,Terminated,Full-Time,ZONE A,Temporary,Production,Wireline Construction,30-08-1972,1972-08-30,MA,Male,Asian,Married,Fully meets,3,18-06-2023,2,Low,1,4,06-Sep-22,2022-09-06,Communication Skills,Internal,Completed,1,1,457.17,50,50-59,0,0
3724,10-Oct-19,2019-10-10,6,5-9 yrs,Production Technician I,CCDR,Terminated,Part-Time,ZONE C,Temporary,Production,Field Operations,25-11-1969,1969-11-25,MA,Male,Asian,Divorced,Fully meets,4,04-02-2023,1,Low,2,5,28-Jun-23,2023-06-28,Communication Skills,Internal,Incomplete,0,4,573.33,50,50-59,0,0
3725,07-Apr-19,2019-04-07,7,5-9 yrs,Production Technician I,SVG,Active,Contract,ZONE B,Part-Time,Production,Aerial,21-08-1955,1955-08-21,MA,Male,Asian,Widowed,Fully meets,1,17-05-2023,4,High,3,3,23-May-23,2023-05-23,Customer Service,External,Failed,0,3,135.18,64,60+,0,0
3726,13-Jul-20,2020-07-13,5,5-9 yrs,Production Technician I,EW,Active,Contract,ZONE A,Full-Time,Production,General - Con,25-07-1995,1995-07-25,MA,Female,Other,Married,Fully meets,4,01-10-2022,1,Low,4,1,13-Jan-23,2023-01-13,Communication Skills,External,Failed,0,3,911.12,25,Under 30,0,0
3728,23-Dec-21,2021-12-23,4,2-4 yrs,Production Technician I,TNS,Active,Contract,ZONE A,Part-Time,Production,Splicing,07-02-1967,1967-02-07,MA,Male,Hispanic,Divorced,Fully meets,5,18-04-2023,5,High,1,2,10-Jul-23,2023-07-10,Customer Service,Internal,Completed,1,5,419.79,54,50-59,0,0
3730,18-Jan-22,2022-01-18,4,2-4 yrs,Production Technician I,CCDR,Active,Contract,ZONE B,Temporary,Production,Fielders,08-12-1965,1965-12-08,MA,Male,Black,Widowed,Fully meets,4,20-02-2023,4,High,5,5,29-Aug-22,2022-08-29,Leadership Development,External,Incomplete,0,1,161.47,57,50-59,0,0
3731,28-Feb-20,2020-02-28,6,5-9 yrs,Production Technician I,EW,Active,Part-Time,ZONE B,Part-Time,Production,Field Operations,04-07-1998,1998-07-04,MA,Male,Hispanic,Single,Fully meets,3,11-04-2023,2,Low,4,1,02-May-23,2023-05-02,Project Management,External,Passed,1,5,773.63,22,Under 30,0,0
3732,31-May-20,2020-05-31,6,5-9 yrs,Production Technician I,MSC,Active,Part-Time,ZONE B,Part-Time,Production,Field Operations,03-07-1954,1954-07-03,MA,Male,Black,Widowed,Fully meets,5,12-12-2022,3,Medium,4,4,09-Dec-22,2022-12-09,Technical Skills,Internal,Incomplete,0,5,695.42,66,60+,0,0
3734,07-Mar-19,2019-03-07,7,5-9 yrs,Production Technician I,PL,Active,Full-Time,ZONE C,Temporary,Production,Technology / It,21-07-1964,1964-07-21,MA,Male,White,Divorced,Fully meets,3,31-07-2023,4,High,5,2,05-Mar-23,2023-03-05,Communication Skills,Internal,Failed,0,2,702.69,55,50-59,0,0
3735,29-May-19,2019-05-29,7,5-9 yrs,Production Technician I,PYZ,Active,Contract,ZONE C,Temporary,Production,Wireless,11-07-1963,1963-07-11,MA,Male,White,Married,Fully meets,1,03-02-2023,4,High,4,4,25-Oct-22,2022-10-25,Technical Skills,External,Failed,0,1,473.1,56,50-59,0,0
3736,18-Oct-20,2020-10-18,5,5-9 yrs,Production Technician I,SVG,Active,Full-Time,ZONE A,Part-Time,Production,Wireline Construction,02-07-1976,1976-07-02,MA,Male,Other,Married,Fully meets,2,14-09-2022,3,Medium,1,3,25-Oct-22,2022-10-25,Project Management,Internal,Incomplete,0,2,119.82,44,40-49,0,0
3738,15-Apr-22,2022-04-15,4,2-4 yrs,Production Technician II,SVG,Terminated,Full-Time,ZONE A,Temporary,Production,General - Con,03-09-2000,2000-09-03,MA,Female,Hispanic,Widowed,Fully meets,3,19-09-2022,3,Medium,3,5,01-Sep-22,2022-09-01,Technical Skills,Internal,Completed,1,3,791.98,22,Under 30,0,0
3739,24-Aug-18,2018-08-24,7,5-9 yrs,Production Technician II,EW,Terminated,Full-Time,ZONE B,Temporary,Production,Field Operations,09-03-1951,1951-03-09,MA,Female,Asian,Divorced,Fully meets,3,23-05-2023,1,Low,3,4,19-Aug-22,2022-08-19,Customer Service,External,Incomplete,0,5,752.97,67,60+,0,0
3740,15-Oct-22,2022-10-15,3,2-4 yrs,Production Technician II,MSC,Terminated,Full-Time,ZONE C,Part-Time,Production,People Services,24-05-2001,2001-05-24,MA,Female,Other,Single,Fully meets,4,23-06-2023,2,Low,2,4,11-Sep-22,2022-09-11,Leadership Development,External,Completed,1,5,916.21,21,Under 30,0,1
3742,22-Sep-21,2021-09-22,4,2-4 yrs,Production Technician II,PYZ,Active,Contract,ZONE A,Temporary,Production,Field Operations,12-09-1981,1981-09-12,MA,Female,Asian,Married,Fully meets,2,07-01-2023,2,Low,1,1,22-Apr-23,2023-04-22,Communication Skills,Internal,Passed,1,3,620.63,40,40-49,0,0
3744,11-Sep-20,2020-09-11,5,5-9 yrs,Production Technician I,NEL,Active,Part-Time,ZONE B,Full-Time,Production,Aerial,22-12-1964,1964-12-22,MA,Female,Asian,Widowed,Fully meets,5,05-09-2022,4,High,3,2,23-May-23,2023-05-23,Communication Skills,Internal,Completed,1,1,716.39,56,50-59,0,0
3745,31-May-19,2019-05-31,7,5-9 yrs,Production Technician I,PL,Terminated,Full-Time,ZONE C,Full-Time,Production,General - Con,20-07-1978,1978-07-20,MA,Male,Asian,Single,Fully meets,4,13-01-2023,5,High,4,4,11-Oct-22,2022-10-11,Technical Skills,External,Failed,0,5,300.33,41,40-49,0,0
3746,13-Jul-20,2020-07-13,5,5-9 yrs,Production Technician I,BPC,Active,Part-Time,ZONE B,Full-Time,Production,Shop (Fleet),21-08-1969,1969-08-21,MA,Male,Black,Widowed,Fully meets,3,06-11-2022,2,Low,1,5,22-Feb-23,2023-02-22,Project Management,Internal,Passed,1,3,337.15,51,50-59,0,0
3748,06-Apr-19,2019-04-06,7,5-9 yrs,Production Technician I,SVG,Active,Full-Time,ZONE C,Part-Time,Production,General - Con,20-08-1969,1969-08-20,MA,Male,Other,Married,Fully meets,1,18-11-2022,4,High,1,3,23-Dec-22,2022-12-23,Customer Service,Internal,Failed,0,5,588.88,50,50-59,0,0
3749,16-Feb-21,2021-02-16,5,5-9 yrs,Production Technician I,EW,Active,Full-Time,ZONE A,Full-Time,Production,Project Management - Eng,02-05-1985,1985-05-02,MA,Female,Other,Married,Fully meets,4,01-04-2023,1,Low,3,3,28-Sep-22,2022-09-28,Technical Skills,External,Passed,1,4,742.98,36,30-39,0,0
3750,17-Feb-20,2020-02-17,6,5-9 yrs,Production Technician I,MSC,Active,Full-Time,ZONE C,Part-Time,Production,Engineers,16-02-1955,1955-02-16,MA,Male,Black,Single,Fully meets,1,07-12-2022,4,High,1,5,27-Sep-22,2022-09-27,Project Management,External,Passed,1,5,283.05,65,60+,0,0
3751,15-Oct-21,2021-10-15,4,2-4 yrs,Production Technician I,TNS,Active,Contract,ZONE A,Full-Time,Production,Aerial,24-12-1972,1972-12-24,MA,Male,Other,Single,Fully meets,3,05-04-2023,1,Low,1,4,10-Nov-22,2022-11-10,Customer Service,Internal,Incomplete,0,4,511.13,49,40-49,0,0
3752,06-Jul-22,2022-07-06,3,2-4 yrs,Production Technician I,PYZ,Active,Full-Time,ZONE A,Temporary,Production,Engineers,12-10-1954,1954-10-12,MA,Male,White,Divorced,Fully meets,2,04-08-2023,3,Medium,1,5,31-May-23,2023-05-31,Communication Skills,Internal,Completed,1,1,158.86,68,60+,0,0
3753,05-Mar-19,2019-03-05,7,5-9 yrs,Production Technician I,WBL,Active,Part-Time,ZONE B,Part-Time,Production,Project Management - Eng,29-09-1959,1959-09-29,MA,Male,White,Single,Fully meets,4,23-02-2023,1,Low,3,2,19-Sep-22,2022-09-19,Project Management,External,Failed,0,1,741.95,60,60+,0,0
3754,02-Jun-20,2020-06-02,6,5-9 yrs,Production Technician I,NEL,Active,Full-Time,ZONE C,Full-Time,Production,Project Management - Con,31-05-1978,1978-05-31,MA,Male,Black,Married,Fully meets,1,23-04-2023,3,Medium,3,5,08-Mar-23,2023-03-08,Technical Skills,External,Incomplete,0,4,132.52,42,40-49,0,0
3759,01-May-22,2022-05-01,4,2-4 yrs,Production Technician I,EW,Active,Contract,ZONE B,Full-Time,Production,Yard (Material Handling),21-10-1958,1958-10-21,MA,Male,Black,Married,Fully meets,1,28-11-2022,3,Medium,4,1,11-Aug-22,2022-08-11,Project Management,Internal,Completed,1,2,790.71,64,60+,0,0
3760,24-Aug-21,2021-08-24,4,2-4 yrs,Production Technician I,MSC,Active,Full-Time,ZONE A,Part-Time,Production,General - Con,12-02-1960,1960-02-12,MA,Male,Other,Widowed,Fully meets,3,28-10-2022,4,High,3,1,28-Nov-22,2022-11-28,Technical Skills,External,Passed,1,1,680.48,61,60+,0,0
3761,22-Jun-23,2023-06-22,2,2-4 yrs,Production Technician II,CCDR,Active,Contract,ZONE A,Full-Time,Production,General - Sga,23-11-1987,1987-11-23,MA,Female,Black,Married,Fully meets,1,30-05-2023,2,Low,4,1,18-Aug-22,2022-08-18,Customer Service,External,Failed,0,1,947.57,36,30-39,0,1
3764,16-Feb-22,2022-02-16,4,2-4 yrs,Production Technician II,MSC,Active,Full-Time,ZONE B,Temporary,Production,General - Sga,13-12-1995,1995-12-13,MA,Female,Black,Single,Fully meets,3,11-07-2023,2,Low,1,5,30-Aug-22,2022-08-30,Communication Skills,External,Incomplete,0,2,239.16,27,Under 30,0,0
3765,02-Sep-22,2022-09-02,3,2-4 yrs,Production Technician II,TNS,Active,Part-Time,ZONE A,Temporary,Production,Yard (Material Handling),30-06-1969,1969-06-30,MA,Female,Hispanic,Widowed,Fully meets,3,02-01-2023,1,Low,1,2,25-Nov-22,2022-11-25,Customer Service,Internal,Completed,1,5,275.94,53,50-59,0,0
3767,26-Aug-21,2021-08-26,4,2-4 yrs,Production Technician I,TNS,Terminated,Full-Time,ZONE B,Part-Time,Production,General - Con,07-03-1993,1993-03-07,MA,Female,Black,Divorced,Fully meets,2,09-07-2023,2,Low,5,3,12-Oct-22,2022-10-12,Leadership Development,Internal,Completed,1,4,840.46,28,Under 30,0,0
3768,31-Dec-20,2020-12-31,5,5-9 yrs,Production Technician I,SVG,Active,Contract,ZONE B,Full-Time,Production,Catv,30-05-1991,1991-05-30,MA,Female,Black,Divorced,Fully meets,4,27-01-2023,2,Low,4,1,04-Jan-23,2023-01-04,Leadership Development,Internal,Completed,1,3,145.76,29,Under 30,0,0
3769,12-Dec-20,2020-12-12,5,5-9 yrs,Production Technician I,PYZ,Active,Full-Time,ZONE A,Full-Time,Production,Fielders,21-11-1952,1952-11-21,MA,Male,Asian,Married,Fully meets,3,25-09-2022,3,Medium,5,3,12-Oct-22,2022-10-12,Project Management,Internal,Incomplete,0,2,647.7,68,60+,0,0
3770,13-Jan-22,2022-01-13,4,2-4 yrs,Production Technician I,PL,Terminated,Contract,ZONE B,Temporary,Production,Aerial,26-01-1995,1995-01-26,MA,Male,Asian,Married,Fully meets,3,06-05-2023,1,Low,3,3,05-Jul-23,2023-07-05,Project Management,Internal,Incomplete,0,2,536.2,27,Under 30,0,0
3771,24-Jan-21,2021-01-24,5,5-9 yrs,Production Technician I,NEL,Terminated,Part-Time,ZONE B,Temporary,Production,General - Con,20-09-1981,1981-09-20,MA,Male,Asian,Married,Fully meets,3,25-09-2022,2,Low,2,4,26-Mar-23,2023-03-26,Communication Skills,Internal,Incomplete,0,5,769.97,40,40-49,0,0
3772,08-Feb-22,2022-02-08,4,2-4 yrs,Production Technician I,MSC,Active,Full-Time,ZONE A,Temporary,Production,Engineers,05-02-1966,1966-02-05,MA,Female,Asian,Divorced,Fully meets,3,10-09-2022,2,Low,5,1,01-Jan-23,2023-01-01,Communication Skills,External,Completed,1,1,894.66,56,50-59,0,0
3773,11-Oct-20,2020-10-11,5,5-9 yrs,Production Technician I,EW,Terminated,Part-Time,ZONE A,Temporary,Production,Engineers,16-05-1972,1972-05-16,MA,Female,Hispanic,Divorced,Fully meets,3,16-10-2022,1,Low,5,2,15-Nov-22,2022-11-15,Project Management,External,Failed,0,2,374.02,48,40-49,0,0
3774,20-Jun-19,2019-06-20,6,5-9 yrs,Production Technician I,CCDR,Active,Part-Time,ZONE B,Full-Time,Production,Engineers,06-04-1998,1998-04-06,MA,Male,Black,Single,Fully meets,3,11-04-2023,5,High,3,1,04-Feb-23,2023-02-04,Leadership Development,Internal,Passed,1,5,569.42,21,Under 30,0,0
3775,13-Jul-21,2021-07-13,4,2-4 yrs,Production Technician I,BPC,Active,Contract,ZONE B,Part-Time,Production,Field Operations,15-10-1980,1980-10-15,MA,Male,Other,Widowed,Fully meets,3,15-04-2023,2,Low,1,3,14-Nov-22,2022-11-14,Customer Service,Internal,Completed,1,1,172.82,41,40-49,0,0
3776,14-Oct-21,2021-10-14,4,2-4 yrs,Production Technician I,WBL,Active,Contract,ZONE A,Full-Time,Production,General - Eng,28-04-1980,1980-04-28,MA,Male,Black,Married,Fully meets,3,13-12-2022,4,High,1,5,05-Feb-23,2023-02-05,Project Management,Internal,Completed,1,4,585.84,41,40-49,0,0
3777,09-Nov-21,2021-11-09,4,2-4 yrs,Production Technician I,TNS,Active,Contract,ZONE C,Temporary,Production,Aerial,21-03-1966,1966-03-21,MA,Male,Black,Single,Fully meets,3,28-10-2022,4,High,3,2,13-Oct-22,2022-10-13,Project Management,External,Completed,1,1,759.38,55,50-59,0,0
3778,02-Apr-23,2023-04-02,3,2-4 yrs,Production Technician I,SVG,Active,Full-Time,ZONE A,Full-Time,Production,Wireline Construction,09-02-1992,1992-02-09,MA,Male,Other,Married,Fully meets,3,06-02-2023,1,Low,5,3,13-Sep-22,2022-09-13,Customer Service,Internal,Completed,1,5,341.74,31,30-39,0,1
3782,09-Mar-19,2019-03-09,7,5-9 yrs,Production Technician I,MSC,Terminated,Full-Time,ZONE B,Temporary,Production,Field Operations,25-09-1984,1984-09-25,MA,Male,Asian,Widowed,Fully meets,3,19-07-2023,1,Low,5,1,11-Dec-22,2022-12-11,Technical Skills,Internal,Passed,1,5,506.4,35,30-39,0,0
3783,09-May-20,2020-05-09,6,5-9 yrs,Production Technician I,EW,Active,Contract,ZONE A,Full-Time,Production,Fielders,11-04-1962,1962-04-11,MA,Male,Asian,Divorced,Fully meets,3,07-03-2023,3,Medium,4,3,25-Jan-23,2023-01-25,Technical Skills,External,Completed,1,5,851.24,58,50-59,0,0
3784,14-Aug-22,2022-08-14,3,2-4 yrs,Production Technician I,CCDR,Active,Contract,ZONE A,Temporary,Production,Splicing,14-03-1998,1998-03-14,MA,Female,White,Single,Fully meets,3,04-03-2023,3,Medium,3,2,12-Oct-22,2022-10-12,Communication Skills,Internal,Completed,1,2,671.12,24,Under 30,0,0
3785,18-Jan-22,2022-01-18,4,2-4 yrs,Production Technician II,PL,Active,Contract,ZONE C,Temporary,Production,Project Management - Con,20-10-1977,1977-10-20,MA,Female,Black,Divorced,Fully meets,3,05-05-2023,3,Medium,2,2,01-Oct-22,2022-10-01,Project Management,External,Passed,1,1,257.8,45,40-49,0,0
3786,22-Jun-21,2021-06-22,4,2-4 yrs,Production Technician II,PYZ,Terminated,Full-Time,ZONE A,Part-Time,Production,Field Operations,10-06-1962,1962-06-10,MA,Female,Black,Divorced,Fully meets,3,29-12-2022,3,Medium,4,2,17-Apr-23,2023-04-17,Leadership Development,External,Failed,0,4,280.06,59,50-59,0,0
3787,19-Jan-23,2023-01-19,3,2-4 yrs,Production Technician II,SVG,Terminated,Full-Time,ZONE C,Part-Time,Production,General - Sga,29-08-1972,1972-08-29,MA,Female,White,Widowed,Fully meets,3,06-03-2023,1,Low,2,1,26-Apr-23,2023-04-26,Project Management,External,Passed,1,4,140.03,51,50-59,0,0
3788,17-May-23,2023-05-17,3,2-4 yrs,Production Technician II,TNS,Terminated,Part-Time,ZONE A,Full-Time,Production,Field Operations,06-09-1976,1976-09-06,MA,Female,Black,Married,Fully meets,3,05-05-2023,3,Medium,4,2,21-Mar-23,2023-03-21,Customer Service,External,Completed,1,2,796.95,47,40-49,0,1
3789,07-Jun-20,2020-06-07,5,5-9 yrs,Production Technician II,WBL,Active,Contract,ZONE A,Part-Time,Production,Wireline Construction,25-05-1977,1977-05-25,MA,Female,Other,Widowed,Fully meets,3,25-09-2022,3,Medium,1,4,26-Oct-22,2022-10-26,Technical Skills,External,Incomplete,0,1,997.38,43,40-49,0,0
3790,07-Jul-23,2023-07-07,2,2-4 yrs,Production Technician II,PYZ,Active,Full-Time,ZONE A,Temporary,Production,Yard (Material Handling),11-12-1962,1962-12-11,MA,Female,Hispanic,Single,Fully meets,3,31-07-2023,3,Medium,2,1,18-Mar-23,2023-03-18,Communication Skills,External,Completed,1,2,676.95,61,60+,0,1
3791,28-Mar-20,2020-03-28,6,5-9 yrs,Production Technician I,WBL,Active,Full-Time,ZONE B,Full-Time,Production,Finance & Accounting,02-02-1978,1978-02-02,MA,Female,Asian,Divorced,Fully meets,3,07-09-2022,4,High,1,1,12-Feb-23,2023-02-12,Leadership Development,External,Failed,0,2,348.89,42,40-49,0,0
3792,23-May-19,2019-05-23,7,5-9 yrs,Production Technician I,NEL,Active,Part-Time,ZONE C,Full-Time,Production,Engineers,08-06-1998,1998-06-08,MA,Male,White,Married,Fully meets,3,25-09-2022,2,Low,2,2,09-Sep-22,2022-09-09,Project Management,External,Passed,1,1,385.62,21,Under 30,0,0
3793,20-Apr-19,2019-04-20,7,5-9 yrs,Production Technician I,PL,Active,Full-Time,ZONE B,Full-Time,Production,General - Con,15-01-1952,1952-01-15,MA,Male,Asian,Married,Fully meets,3,15-05-2023,2,Low,3,3,24-Nov-22,2022-11-24,Project Management,Internal,Completed,1,2,552.67,67,60+,0,0
3794,09-Sep-18,2018-09-09,7,5-9 yrs,Production Technician I,BPC,Active,Contract,ZONE A,Full-Time,Production,General - Con,20-01-1996,1996-01-20,MA,Male,Asian,Widowed,Fully meets,5,05-12-2022,1,Low,1,3,17-Apr-23,2023-04-17,Communication Skills,External,Failed,0,2,645.11,22,Under 30,0,0
3795,14-Jul-22,2022-07-14,3,2-4 yrs,Production Technician I,CCDR,Active,Part-Time,ZONE A,Part-Time,Production,General - Sga,01-08-1989,1989-08-01,MA,Male,White,Divorced,Exceeds,3,29-09-2022,4,High,3,2,25-Jan-23,2023-01-25,Project Management,External,Passed,1,1,954.02,33,30-39,0,0
3796,17-Apr-19,2019-04-17,7,5-9 yrs,Production Technician I,SVG,Active,Contract,ZONE A,Part-Time,Production,General - Con,27-08-1964,1964-08-27,MA,Female,Hispanic,Married,Exceeds,3,28-06-2023,1,Low,5,2,03-Jul-23,2023-07-03,Technical Skills,External,Incomplete,0,5,255.74,55,50-59,0,0
3797,15-May-20,2020-05-15,6,5-9 yrs,Production Technician I,EW,Active,Contract,ZONE A,Full-Time,Production,Catv,26-06-1975,1975-06-26,MA,Female,Black,Married,Fully meets,3,03-09-2022,3,Medium,4,2,09-Mar-23,2023-03-09,Technical Skills,External,Completed,1,2,279.38,45,40-49,0,0
3798,04-Apr-20,2020-04-04,6,5-9 yrs,Production Technician I,MSC,Active,Full-Time,ZONE C,Full-Time,Production,General - Con,21-12-1961,1961-12-21,MA,Male,Other,Widowed,Fully meets,3,08-11-2022,1,Low,1,1,22-Aug-22,2022-08-22,Project Management,External,Passed,1,5,303.44,59,50-59,0,0
3799,15-Oct-22,2022-10-15,3,2-4 yrs,Production Technician I,TNS,Active,Full-Time,ZONE A,Temporary,Production,Executive,24-11-1964,1964-11-24,MA,Male,Hispanic,Single,Exceeds,3,24-12-2022,3,Medium,1,3,07-Aug-22,2022-08-07,Communication Skills,Internal,Incomplete,0,4,809.38,58,50-59,0,1
3800,11-Jul-19,2019-07-11,6,5-9 yrs,Production Technician I,PYZ,Active,Contract,ZONE C,Part-Time,Production,General - Sga,09-12-1950,1950-12-09,MA,Male,Other,Married,Fully meets,3,08-12-2022,5,High,3,5,14-Oct-22,2022-10-14,Customer Service,Internal,Completed,1,4,886.12,69,60+,0,0
3804,15-May-19,2019-05-15,7,5-9 yrs,Production Technician I,BPC,Active,Full-Time,ZONE C,Part-Time,Production,General - Con,26-09-1978,1978-09-26,MA,Female,Hispanic,Single,Fully meets,3,07-03-2023,3,Medium,2,2,15-Feb-23,2023-02-15,Customer Service,External,Incomplete,0,4,414.55,41,40-49,0,0
3805,28-Apr-22,2022-04-28,4,2-4 yrs,Production Technician I,CCDR,Active,Full-Time,ZONE B,Part-Time,Production,General - Con,23-04-1982,1982-04-23,MA,Male,Other,Divorced,Fully meets,3,31-12-2022,2,Low,5,2,31-Aug-22,2022-08-31,Communication Skills,External,Incomplete,0,1,391.88,40,40-49,0,0
3806,23-Sep-21,2021-09-23,4,2-4 yrs,Production Technician I,SVG,Active,Contract,ZONE C,Temporary,Production,Field Operations,01-09-1974,1974-09-01,MA,Male,Other,Married,Fully meets,3,13-03-2023,4,High,1,5,09-Sep-22,2022-09-09,Customer Service,External,Passed,1,4,600.64,47,40-49,0,0
3807,15-Sep-21,2021-09-15,4,2-4 yrs,Production Technician I,EW,Active,Contract,ZONE C,Temporary,Production,Project Management - Con,16-05-1964,1964-05-16,MA,Male,Asian,Single,Fully meets,3,17-08-2022,4,High,5,4,26-Mar-23,2023-03-26,Communication Skills,External,Passed,1,1,997.74,57,50-59,0,0
3809,06-Oct-19,2019-10-06,6,5-9 yrs,Network Engineer,TNS,Active,Part-Time,ZONE B,Part-Time,It/is,Field Operations,20-01-2001,2001-01-20,MA,Male,Hispanic,Single,Fully meets,3,04-09-2022,3,Medium,1,5,21-Oct-22,2022-10-21,Technical Skills,External,Incomplete,0,3,786.62,18,Under 30,0,0
3810,16-Feb-20,2020-02-16,6,5-9 yrs,Sr. Network Engineer,PL,Active,Full-Time,ZONE A,Temporary,It/is,General - Sga,10-10-1959,1959-10-10,CT,Female,Black,Single,Fully meets,3,22-12-2022,3,Medium,3,1,21-Dec-22,2022-12-21,Communication Skills,External,Completed,1,3,189.7,61,60+,0,0
3811,14-May-22,2022-05-14,4,2-4 yrs,Sr. Network Engineer,PL,Active,Part-Time,ZONE B,Temporary,It/is,Fielders,11-03-1958,1958-03-11,CT,Male,Hispanic,Widowed,Fully meets,3,18-05-2023,1,Low,1,1,15-May-23,2023-05-15,Technical Skills,External,Completed,1,2,484.02,64,60+,0,0
3812,13-Feb-19,2019-02-13,7,5-9 yrs,Sr. Network Engineer,BPC,Active,Contract,ZONE B,Full-Time,It/is,General - Eng,24-05-1985,1985-05-24,MA,Female,Hispanic,Single,Fully meets,3,11-01-2023,3,Medium,3,1,02-Jun-23,2023-06-02,Communication Skills,Internal,Failed,0,5,299.74,34,30-39,0,0
3813,24-Aug-22,2022-08-24,3,2-4 yrs,IT Support,SVG,Active,Part-Time,ZONE A,Part-Time,It/is,Engineers,25-02-1955,1955-02-25,MA,Male,Hispanic,Widowed,Fully meets,3,06-06-2023,2,Low,3,4,21-Jul-23,2023-07-21,Technical Skills,Internal,Failed,0,1,169.79,67,60+,0,0
3815,26-Mar-21,2021-03-26,5,5-9 yrs,Network Engineer,SVG,Active,Contract,ZONE C,Part-Time,It/is,Project Management - Con,26-05-1984,1984-05-26,MA,Male,White,Divorced,Fully meets,3,23-02-2023,1,Low,5,3,05-Feb-23,2023-02-05,Project Management,Internal,Failed,0,1,910.09,37,30-39,0,0
3816,01-May-21,2021-05-01,5,5-9 yrs,IT Support,WBL,Active,Full-Time,ZONE A,Temporary,It/is,Field Operations,10-08-1956,1956-08-10,MA,Male,Hispanic,Single,Fully meets,3,26-12-2022,1,Low,1,5,20-Dec-22,2022-12-20,Communication Skills,External,Passed,1,5,912.1,65,60+,0,0
3817,10-Oct-21,2021-10-10,4,2-4 yrs,IT Support,CCDR,Active,Part-Time,ZONE A,Full-Time,It/is,General - Con,01-01-1978,1978-01-01,MA,Female,Black,Single,Needs improvement,3,24-06-2023,3,Medium,3,1,07-Mar-23,2023-03-07,Customer Service,Internal,Incomplete,0,4,456.65,43,40-49,0,0
3819,20-Jan-20,2020-01-20,6,5-9 yrs,Network Engineer,MSC,Active,Full-Time,ZONE B,Part-Time,It/is,Aerial,26-11-1957,1957-11-26,MA,Female,Asian,Single,Fully meets,3,01-07-2023,4,High,1,1,29-Dec-22,2022-12-29,Leadership Development,Internal,Incomplete,0,3,906.45,63,60+,0,0
3820,11-Aug-18,2018-08-11,7,5-9 yrs,Network Engineer,EW,Active,Contract,ZONE C,Full-Time,It/is,General - Con,29-09-1976,1976-09-29,MA,Female,Other,Divorced,Fully meets,3,26-07-2023,1,Low,3,4,19-Aug-22,2022-08-19,Project Management,External,Incomplete,0,2,333.8,42,40-49,0,0
3821,18-Dec-21,2021-12-18,4,2-4 yrs,Sr. Network Engineer,TNS,Active,Contract,ZONE A,Temporary,It/is,Field Operations,03-04-1981,1981-04-03,MA,Male,White,Single,Fully meets,3,05-12-2022,5,High,4,4,30-Nov-22,2022-11-30,Project Management,External,Passed,1,2,866.63,40,40-49,0,0
3822,24-Sep-19,2019-09-24,6,5-9 yrs,Network Engineer,WBL,Active,Full-Time,ZONE B,Part-Time,Executive office,General - Con,18-09-1975,1975-09-18,MA,Male,Hispanic,Divorced,Fully meets,3,23-03-2023,4,High,4,5,08-Dec-22,2022-12-08,Technical Skills,Internal,Incomplete,0,5,357.58,44,40-49,0,0
3823,17-Oct-22,2022-10-17,3,2-4 yrs,Network Engineer,TNS,Active,Full-Time,ZONE A,Temporary,Executive office,Shop (Fleet),24-08-1987,1987-08-24,MA,Male,White,Single,Needs improvement,3,16-11-2022,5,High,4,1,21-Sep-22,2022-09-21,Communication Skills,External,Completed,1,4,516.9,35,30-39,0,1
3825,05-Nov-22,2022-11-05,3,2-4 yrs,IT Support,PYZ,Active,Full-Time,ZONE A,Part-Time,It/is,Field Operations,23-05-1998,1998-05-23,MA,Male,Black,Married,Fully meets,3,22-12-2022,4,High,4,2,24-Sep-22,2022-09-24,Leadership Development,Internal,Completed,1,1,728.77,24,Under 30,0,1
3826,26-Apr-23,2023-04-26,3,2-4 yrs,IT Support,PL,Active,Part-Time,ZONE B,Full-Time,It/is,Field Operations,11-04-2001,2001-04-11,MA,Male,Asian,Divorced,Fully meets,3,17-11-2022,2,Low,1,3,21-Nov-22,2022-11-21,Communication Skills,Internal,Completed,1,4,286.12,22,Under 30,0,1
3827,29-May-19,2019-05-29,7,5-9 yrs,IT Support,NEL,Active,Part-Time,ZONE B,Part-Time,It/is,General - Eng,24-09-1992,1992-09-24,MA,Male,Asian,Widowed,Fully meets,3,25-12-2022,3,Medium,3,4,01-Feb-23,2023-02-01,Communication Skills,Internal,Failed,0,5,997.15,27,Under 30,0,0
3828,12-Sep-19,2019-09-12,6,5-9 yrs,Sr. Network Engineer,PL,Active,Part-Time,ZONE A,Full-Time,It/is,Aerial,28-10-1990,1990-10-28,MA,Male,Black,Divorced,Fully meets,3,21-02-2023,2,Low,5,1,13-Jun-23,2023-06-13,Leadership Development,External,Failed,0,2,984.63,29,Under 30,0,0
3829,27-Jan-19,2019-01-27,7,5-9 yrs,Sr. Network Engineer,BPC,Active,Part-Time,ZONE C,Full-Time,It/is,Project Management - Con,12-03-1956,1956-03-12,MA,Male,Other,Married,Exceeds,3,30-10-2022,3,Medium,2,1,24-Oct-22,2022-10-24,Project Management,External,Incomplete,0,5,233.67,63,60+,0,0
3831,14-Sep-18,2018-09-14,7,5-9 yrs,Enterprise Architect,SVG,Active,Part-Time,ZONE C,Part-Time,It/is,Field Operations,07-03-1950,1950-03-07,CT,Female,Hispanic,Divorced,Needs improvement,3,19-05-2023,3,Medium,2,5,22-Mar-23,2023-03-22,Project Management,Internal,Failed,0,2,784.73,68,60+,0,0
3833,26-Jan-22,2022-01-26,4,2-4 yrs,Network Engineer,PYZ,Active,Full-Time,ZONE A,Part-Time,Executive office,Field Operations,12-05-1953,1953-05-12,MA,Male,Asian,Single,Pip,3,04-02-2023,3,Medium,5,2,23-Jun-23,2023-06-23,Leadership Development,External,Completed,1,2,409.16,69,60+,0,0
3834,10-May-19,2019-05-10,7,5-9 yrs,Network Engineer,WBL,Active,Contract,ZONE C,Part-Time,Executive office,Field Operations,11-07-1961,1961-07-11,MA,Male,Hispanic,Married,Fully meets,3,25-01-2023,3,Medium,5,5,04-Jan-23,2023-01-04,Technical Skills,External,Passed,1,1,700.53,58,50-59,0,0
3835,02-Jan-19,2019-01-02,7,5-9 yrs,IT Support,NEL,Active,Part-Time,ZONE B,Part-Time,It/is,Yard (Material Handling),11-10-1993,1993-10-11,MA,Male,Hispanic,Divorced,Fully meets,3,01-10-2022,5,High,3,1,05-Nov-22,2022-11-05,Customer Service,External,Failed,0,3,439.63,26,Under 30,0,0
3837,02-Oct-22,2022-10-02,3,2-4 yrs,IT Support,BPC,Active,Part-Time,ZONE A,Part-Time,It/is,Finance & Accounting,27-08-1956,1956-08-27,MA,Male,Other,Single,Pip,3,15-10-2022,5,High,3,1,22-Feb-23,2023-02-22,Communication Skills,Internal,Failed,0,3,320.34,66,60+,0,0
3838,17-Dec-18,2018-12-17,7,5-9 yrs,IT Support,CCDR,Active,Part-Time,ZONE A,Full-Time,It/is,Field Operations,14-08-1979,1979-08-14,MA,Female,Asian,Single,Pip,3,05-12-2022,1,Low,1,2,19-Apr-23,2023-04-19,Communication Skills,Internal,Failed,0,2,510.23,39,30-39,0,0
3839,11-Oct-21,2021-10-11,4,2-4 yrs,Sr. Network Engineer,PL,Active,Contract,ZONE B,Part-Time,It/is,General - Con,27-09-2000,2000-09-27,MA,Male,Hispanic,Divorced,Pip,3,04-04-2023,3,Medium,3,4,12-Jun-23,2023-06-12,Communication Skills,External,Failed,0,4,403.0,21,Under 30,0,0
3840,01-Apr-23,2023-04-01,3,2-4 yrs,Sr. Network Engineer,BPC,Active,Part-Time,ZONE B,Full-Time,It/is,Field Operations,25-10-1969,1969-10-25,MA,Male,Hispanic,Single,Fully meets,3,03-02-2023,1,Low,5,4,06-Nov-22,2022-11-06,Technical Skills,External,Failed,0,4,170.61,54,50-59,0,1
3841,20-Mar-21,2021-03-20,5,5-9 yrs,Principal Data Architect,CCDR,Active,Full-Time,ZONE C,Full-Time,It/is,Wireline Construction,17-06-1970,1970-06-17,CT,Male,Asian,Single,Fully meets,3,18-05-2023,5,High,4,4,24-Jan-23,2023-01-24,Customer Service,External,Passed,1,4,872.91,51,50-59,0,0
3844,10-Jun-21,2021-06-10,4,2-4 yrs,Network Engineer,PYZ,Active,Part-Time,ZONE C,Temporary,Executive office,General - Con,02-06-1961,1961-06-02,MA,Male,White,Single,Pip,3,01-02-2023,3,Medium,2,5,09-Jul-23,2023-07-09,Project Management,External,Failed,0,5,603.67,60,60+,0,0
3845,25-Aug-19,2019-08-25,6,5-9 yrs,Network Engineer,WBL,Active,Contract,ZONE A,Full-Time,Executive office,Field Operations,10-08-1969,1969-08-10,MA,Male,Hispanic,Single,Pip,3,05-08-2023,4,High,5,3,17-Aug-22,2022-08-17,Project Management,Internal,Passed,1,5,546.24,50,50-59,0,0
3846,04-May-20,2020-05-04,6,5-9 yrs,IT Support,NEL,Active,Contract,ZONE C,Full-Time,It/is,Wireline Construction,10-08-1975,1975-08-10,MA,Male,Asian,Single,Fully meets,3,27-01-2023,4,High,5,1,11-Apr-23,2023-04-11,Leadership Development,Internal,Incomplete,0,4,607.97,45,40-49,0,0
3847,24-Feb-19,2019-02-24,7,5-9 yrs,IT Support,PL,Active,Part-Time,ZONE B,Temporary,It/is,Field Operations,06-09-1998,1998-09-06,MA,Male,Hispanic,Single,Fully meets,3,04-10-2022,5,High,3,1,28-Mar-23,2023-03-28,Technical Skills,Internal,Completed,1,4,130.59,21,Under 30,0,0
3848,24-Sep-19,2019-09-24,6,5-9 yrs,IT Support,BPC,Active,Full-Time,ZONE C,Temporary,It/is,Field Operations,18-08-1996,1996-08-18,MA,Male,Asian,Married,Fully meets,3,02-10-2022,5,High,1,4,18-Nov-22,2022-11-18,Communication Skills,Internal,Incomplete,0,2,443.56,23,Under 30,0,0
3849,13-Feb-21,2021-02-13,5,5-9 yrs,IT Support,CCDR,Active,Contract,ZONE A,Part-Time,It/is,General - Con,21-01-1979,1979-01-21,MA,Female,White,Widowed,Fully meets,3,07-09-2022,3,Medium,3,1,15-Mar-23,2023-03-15,Leadership Development,External,Passed,1,3,436.47,42,40-49,0,0
3850,05-Jan-20,2020-01-05,6,5-9 yrs,Sr. Network Engineer,MSC,Active,Part-Time,ZONE B,Temporary,It/is,Yard (Material Handling),17-08-1953,1953-08-17,MA,Male,Hispanic,Single,Fully meets,3,15-10-2022,1,Low,3,5,01-Nov-22,2022-11-01,Communication Skills,Internal,Completed,1,1,355.75,67,60+,0,0
3855,25-May-21,2021-05-25,5,5-9 yrs,Network Engineer,WBL,Active,Part-Time,ZONE B,Part-Time,Executive office,People Services,01-10-1999,1999-10-01,MA,Male,Other,Widowed,Fully meets,3,24-04-2023,5,High,3,4,02-Oct-22,2022-10-02,Communication Skills,External,Passed,1,1,157.94,22,Under 30,0,0
3856,17-Mar-23,2023-03-17,3,2-4 yrs,Network Engineer,TNS,Active,Part-Time,ZONE C,Part-Time,Executive office,Wireline Construction,17-05-1994,1994-05-17,MA,Male,Other,Divorced,Pip,3,17-01-2023,5,High,1,4,12-Jul-23,2023-07-12,Technical Skills,External,Completed,1,4,527.6,29,Under 30,0,0
3857,02-Oct-22,2022-10-02,3,2-4 yrs,IT Support,SVG,Active,Contract,ZONE B,Temporary,It/is,Fielders,24-05-1963,1963-05-24,MA,Male,Black,Widowed,Pip,3,18-09-2022,1,Low,1,2,24-Jul-23,2023-07-24,Leadership Development,External,Completed,1,1,601.2,59,50-59,0,0
3859,29-Nov-19,2019-11-29,6,5-9 yrs,IT Support,PL,Active,Full-Time,ZONE B,Part-Time,It/is,Fielders,20-04-1992,1992-04-20,MA,Female,Hispanic,Married,Pip,3,02-08-2023,1,Low,2,5,05-Jun-23,2023-06-05,Communication Skills,External,Completed,1,1,838.69,27,Under 30,0,0
3860,01-Jul-20,2020-07-01,5,5-9 yrs,IT Support,NEL,Active,Contract,ZONE B,Temporary,It/is,Catv,04-01-1996,1996-01-04,MA,Female,Asian,Single,Fully meets,3,26-06-2023,2,Low,4,3,10-Oct-22,2022-10-10,Technical Skills,Internal,Completed,1,4,389.63,24,Under 30,0,0
3861,24-Mar-22,2022-03-24,4,2-4 yrs,Sr. Network Engineer,PL,Active,Full-Time,ZONE C,Part-Time,It/is,General - Con,25-02-1965,1965-02-25,MA,Male,Other,Widowed,Pip,3,19-07-2023,3,Medium,1,5,29-Apr-23,2023-04-29,Project Management,Internal,Passed,1,1,911.36,57,50-59,0,0
3863,07-Jun-19,2019-06-07,6,5-9 yrs,Principal Data Architect,CCDR,Active,Contract,ZONE A,Temporary,It/is,Aerial,19-03-1972,1972-03-19,MA,Female,Other,Single,Pip,3,23-11-2022,4,High,2,1,16-Sep-22,2022-09-16,Leadership Development,Internal,Incomplete,0,5,274.98,47,40-49,0,0
3865,29-Sep-20,2020-09-29,5,5-9 yrs,Network Engineer,MSC,Active,Part-Time,ZONE C,Temporary,Production,Sales & Marketing,03-10-1963,1963-10-03,MA,Male,Asian,Single,Needs improvement,3,26-05-2023,1,Low,4,3,03-Nov-22,2022-11-03,Project Management,External,Completed,1,2,399.26,57,50-59,0,0
3866,04-Sep-20,2020-09-04,5,5-9 yrs,Network Engineer,TNS,Active,Contract,ZONE A,Full-Time,Executive office,Field Operations,09-11-1959,1959-11-09,MA,Male,Other,Divorced,Fully meets,3,16-09-2022,2,Low,1,5,04-Dec-22,2022-12-04,Customer Service,Internal,Incomplete,0,4,993.08,61,60+,0,0
3867,26-Aug-18,2018-08-26,7,5-9 yrs,Network Engineer,PYZ,Active,Part-Time,ZONE B,Full-Time,Executive office,Catv,21-10-1986,1986-10-21,MA,Male,Other,Widowed,Fully meets,3,31-10-2022,5,High,3,3,07-Sep-22,2022-09-07,Communication Skills,External,Failed,0,4,540.57,32,30-39,0,0
3868,17-Aug-19,2019-08-17,6,5-9 yrs,Network Engineer,WBL,Active,Contract,ZONE A,Part-Time,It/is,Finance & Accounting,23-03-2000,2000-03-23,MA,Male,Hispanic,Widowed,Fully meets,3,16-09-2022,3,Medium,1,2,27-Sep-22,2022-09-27,Project Management,Internal,Completed,1,3,272.58,19,Under 30,0,0
3869,25-Sep-19,2019-09-25,6,5-9 yrs,IT Support,NEL,Active,Full-Time,ZONE A,Temporary,It/is,Field Operations,10-06-1977,1977-06-10,MA,Male,Hispanic,Divorced,Fully meets,3,07-01-2023,1,Low,4,2,19-Mar-23,2023-03-19,Project Management,External,Completed,1,2,905.51,42,40-49,0,0
3870,11-Mar-23,2023-03-11,3,2-4 yrs,IT Support,PL,Active,Contract,ZONE B,Temporary,It/is,Project Management - Con,23-11-1966,1966-11-23,MA,Male,Asian,Single,Fully meets,3,13-02-2023,1,Low,5,1,10-Mar-23,2023-03-10,Technical Skills,External,Completed,1,1,919.25,57,50-59,0,1
3871,15-Dec-22,2022-12-15,3,2-4 yrs,IT Support,BPC,Active,Full-Time,ZONE B,Full-Time,It/is,General - Con,05-06-1971,1971-06-05,MA,Female,White,Widowed,Fully meets,3,15-07-2023,4,High,5,2,15-Apr-23,2023-04-15,Technical Skills,External,Completed,1,5,979.98,51,50-59,0,0
3872,10-Aug-18,2018-08-10,7,5-9 yrs,IT Support,CCDR,Active,Contract,ZONE B,Part-Time,It/is,Engineers,08-01-1966,1966-01-08,MA,Female,Asian,Single,Fully meets,3,15-08-2022,5,High,5,3,26-Feb-23,2023-02-26,Communication Skills,Internal,Completed,1,3,499.86,52,50-59,0,0
3873,04-Mar-22,2022-03-04,4,2-4 yrs,Sr. Network Engineer,NEL,Active,Full-Time,ZONE B,Part-Time,It/is,Executive,27-10-1972,1972-10-27,MA,Male,Hispanic,Widowed,Fully meets,3,25-03-2023,3,Medium,4,5,10-Mar-23,2023-03-10,Project Management,Internal,Completed,1,3,598.22,50,50-59,0,0
3874,02-Jun-20,2020-06-02,6,5-9 yrs,Sr. Network Engineer,PL,Active,Part-Time,ZONE C,Part-Time,It/is,General - Con,22-10-1997,1997-10-22,CT,Male,Hispanic,Married,Fully meets,3,01-10-2022,4,High,4,5,03-Oct-22,2022-10-03,Project Management,External,Passed,1,2,421.93,23,Under 30,0,0
3875,29-Jun-21,2021-06-29,4,2-4 yrs,Sr. Network Engineer,BPC,Active,Contract,ZONE A,Temporary,It/is,Underground,23-08-1969,1969-08-23,CT,Male,Asian,Divorced,Fully meets,3,02-02-2023,5,High,5,1,10-Jun-23,2023-06-10,Leadership Development,External,Incomplete,0,2,860.22,52,50-59,0,0
3876,24-Oct-21,2021-10-24,4,2-4 yrs,Principal Data Architect,CCDR,Active,Contract,ZONE C,Temporary,It/is,General - Con,30-05-1954,1954-05-30,MA,Female,Hispanic,Single,Pip,3,07-11-2022,3,Medium,2,5,10-Nov-22,2022-11-10,Leadership Development,External,Failed,0,1,946.23,67,60+,0,0
3877,22-Oct-18,2018-10-22,7,5-9 yrs,Network Engineer,MSC,Active,Part-Time,ZONE A,Full-Time,Executive office,General - Con,21-01-1976,1976-01-21,MA,Male,Asian,Single,Pip,3,30-06-2023,3,Medium,3,4,04-Jun-23,2023-06-04,Communication Skills,External,Passed,1,1,888.55,42,40-49,0,0
3878,08-Sep-18,2018-09-08,7,5-9 yrs,Network Engineer,TNS,Active,Contract,ZONE B,Part-Time,Executive office,Engineers,18-02-1967,1967-02-18,MA,Male,Other,Divorced,Fully meets,3,23-02-2023,4,High,4,1,28-Dec-22,2022-12-28,Customer Service,Internal,Passed,1,5,749.69,51,50-59,0,0
3879,08-Feb-19,2019-02-08,7,5-9 yrs,Network Engineer,PYZ,Active,Full-Time,ZONE C,Part-Time,It/is,Field Operations,13-01-1996,1996-01-13,MA,Male,Hispanic,Married,Fully meets,3,22-12-2022,1,Low,5,2,11-Apr-23,2023-04-11,Project Management,Internal,Incomplete,0,2,613.95,23,Under 30,0,0
3880,29-Mar-21,2021-03-29,5,5-9 yrs,Network Engineer,WBL,Active,Part-Time,ZONE B,Temporary,It/is,General - Con,15-05-1973,1973-05-15,MA,Male,Black,Single,Fully meets,3,18-09-2022,4,High,3,1,25-Sep-22,2022-09-25,Communication Skills,Internal,Completed,1,3,934.92,48,40-49,0,0
3881,19-Jun-19,2019-06-19,6,5-9 yrs,IT Support,NEL,Active,Part-Time,ZONE B,Part-Time,It/is,Field Operations,12-11-1992,1992-11-12,MA,Male,Other,Divorced,Fully meets,3,20-10-2022,5,High,3,5,25-Oct-22,2022-10-25,Project Management,External,Failed,0,3,170.61,27,Under 30,0,0
3883,06-May-22,2022-05-06,4,2-4 yrs,IT Support,BPC,Active,Contract,ZONE B,Full-Time,It/is,Field Operations,16-06-1991,1991-06-16,MA,Female,White,Widowed,Fully meets,3,13-03-2023,2,Low,2,1,05-Jul-23,2023-07-05,Communication Skills,Internal,Incomplete,0,2,842.6,31,30-39,0,0
3884,02-Feb-19,2019-02-02,7,5-9 yrs,IT Support,CCDR,Active,Full-Time,ZONE B,Temporary,It/is,Engineers,27-04-1987,1987-04-27,MA,Female,Black,Widowed,Fully meets,3,30-07-2023,4,High,2,3,17-Sep-22,2022-09-17,Customer Service,External,Passed,1,1,789.88,32,30-39,0,0
3886,12-Oct-18,2018-10-12,7,5-9 yrs,Sr. Network Engineer,MSC,Active,Part-Time,ZONE B,Temporary,It/is,Wireless,06-12-1977,1977-12-06,CT,Male,Other,Single,Fully meets,3,30-08-2022,5,High,2,5,28-Nov-22,2022-11-28,Technical Skills,External,Passed,1,4,298.1,41,40-49,0,0
3889,05-Sep-22,2022-09-05,3,2-4 yrs,Network Engineer,TNS,Active,Contract,ZONE B,Part-Time,Executive office,General - Con,15-10-1982,1982-10-15,MA,Male,Black,Single,Fully meets,3,26-01-2023,2,Low,1,1,02-Aug-23,2023-08-02,Technical Skills,External,Incomplete,0,1,292.8,40,40-49,0,0
3890,19-Jul-22,2022-07-19,3,2-4 yrs,Network Engineer,WBL,Active,Full-Time,ZONE B,Temporary,It/is,General - Con,20-08-1999,1999-08-20,MA,Male,Asian,Divorced,Fully meets,3,24-10-2022,2,Low,3,3,08-Jan-23,2023-01-08,Project Management,External,Completed,1,4,596.62,23,Under 30,0,0
3891,26-May-22,2022-05-26,4,2-4 yrs,Network Engineer,BPC,Active,Full-Time,ZONE C,Temporary,It/is,Engineers,04-07-1960,1960-07-04,MA,Male,Other,Single,Fully meets,3,06-07-2023,3,Medium,2,2,08-Apr-23,2023-04-08,Leadership Development,External,Passed,1,5,774.74,62,60+,0,0
3892,31-Oct-22,2022-10-31,3,2-4 yrs,Network Engineer,CCDR,Active,Full-Time,ZONE A,Full-Time,It/is,Engineers,01-04-1978,1978-04-01,MA,Male,Hispanic,Divorced,Fully meets,3,11-07-2023,5,High,4,2,10-Oct-22,2022-10-10,Technical Skills,External,Completed,1,5,894.59,44,40-49,0,1
3894,29-May-23,2023-05-29,3,2-4 yrs,IT Support,MSC,Active,Full-Time,ZONE A,Full-Time,It/is,Aerial,02-03-1959,1959-03-02,MA,Female,Black,Married,Fully meets,3,14-08-2022,4,High,3,5,02-Dec-22,2022-12-02,Leadership Development,External,Failed,0,4,533.27,64,60+,0,1
3896,13-Aug-19,2019-08-13,6,5-9 yrs,IT Support,PL,Active,Part-Time,ZONE B,Temporary,It/is,Engineers,20-11-1980,1980-11-20,MA,Female,Other,Widowed,Fully meets,3,14-02-2023,5,High,3,1,06-Apr-23,2023-04-06,Technical Skills,Internal,Passed,1,4,293.64,39,30-39,0,0
3897,25-Mar-19,2019-03-25,7,5-9 yrs,Sr. Network Engineer,NEL,Active,Part-Time,ZONE A,Part-Time,It/is,Aerial,31-03-1956,1956-03-31,CT,Female,Black,Married,Fully meets,3,28-02-2023,5,High,4,3,04-Aug-23,2023-08-04,Technical Skills,Internal,Incomplete,0,3,380.61,63,60+,0,0
3900,16-Jun-23,2023-06-16,2,2-4 yrs,Principal Data Architect,CCDR,Active,Contract,ZONE C,Full-Time,It/is,Field Operations,26-09-1995,1995-09-26,MA,Female,Asian,Single,Fully meets,3,09-03-2023,5,High,2,1,02-May-23,2023-05-02,Technical Skills,Internal,Passed,1,5,143.21,28,Under 30,0,1
3901,18-Jun-21,2021-06-18,4,2-4 yrs,Network Engineer,EW,Active,Part-Time,ZONE A,Temporary,Executive office,Project Management - Eng,05-02-1988,1988-02-05,MA,Male,Hispanic,Single,Fully meets,3,10-07-2023,1,Low,2,5,11-May-23,2023-05-11,Customer Service,External,Failed,0,1,876.73,33,30-39,0,0
3902,22-May-23,2023-05-22,3,2-4 yrs,Network Engineer,MSC,Active,Contract,ZONE B,Temporary,Executive office,Wireline Construction,02-06-1964,1964-06-02,MA,Male,Black,Single,Fully meets,3,02-02-2023,3,Medium,1,1,11-Jan-23,2023-01-11,Leadership Development,External,Failed,0,4,768.05,59,50-59,0,1
3903,14-May-19,2019-05-14,7,5-9 yrs,Network Engineer,TNS,Active,Full-Time,ZONE A,Full-Time,It/is,Field Operations,21-07-1993,1993-07-21,MA,Male,Hispanic,Single,Fully meets,3,04-02-2023,1,Low,4,3,01-Jun-23,2023-06-01,Communication Skills,External,Incomplete,0,4,153.15,26,Under 30,0,0
3904,27-Dec-20,2020-12-27,5,5-9 yrs,Network Engineer,PYZ,Active,Contract,ZONE A,Part-Time,It/is,Engineers,03-03-1970,1970-03-03,MA,Male,Asian,Widowed,Fully meets,3,13-09-2022,4,High,4,1,17-Jun-23,2023-06-17,Project Management,External,Passed,1,5,339.73,50,50-59,0,0
3905,04-Aug-20,2020-08-04,5,5-9 yrs,Network Engineer,WBL,Active,Full-Time,ZONE A,Full-Time,It/is,Billable Consultants,08-06-1958,1958-06-08,MA,Female,Black,Widowed,Fully meets,3,12-06-2023,5,High,5,5,18-Dec-22,2022-12-18,Project Management,Internal,Failed,0,3,233.22,62,60+,0,0
3906,25-Aug-20,2020-08-25,5,5-9 yrs,IT Support,NEL,Active,Contract,ZONE C,Temporary,It/is,Wireline Construction,05-09-1975,1975-09-05,MA,Female,Other,Married,Fully meets,3,18-01-2023,3,Medium,2,4,19-Feb-23,2023-02-19,Project Management,Internal,Completed,1,2,735.44,45,40-49,0,0
3907,24-Feb-22,2022-02-24,4,2-4 yrs,IT Support,PL,Active,Full-Time,ZONE A,Temporary,It/is,Engineers,11-07-1964,1964-07-11,MA,Female,White,Married,Fully meets,3,07-03-2023,3,Medium,2,5,06-Dec-22,2022-12-06,Technical Skills,External,Incomplete,0,3,281.7,58,50-59,0,0
3908,06-Aug-19,2019-08-06,6,5-9 yrs,IT Support,BPC,Active,Part-Time,ZONE C,Temporary,It/is,Splicing,11-07-1986,1986-07-11,MA,Female,Black,Married,Needs improvement,3,25-12-2022,2,Low,5,3,20-Sep-22,2022-09-20,Project Management,External,Failed,0,1,489.69,33,30-39,0,0
3910,13-Jul-22,2022-07-13,3,2-4 yrs,Sr. Network Engineer,WBL,Active,Part-Time,ZONE A,Part-Time,It/is,Wireless,22-02-1997,1997-02-22,MA,Female,White,Widowed,Needs improvement,3,29-11-2022,5,High,3,4,07-May-23,2023-05-07,Leadership Development,External,Incomplete,0,5,248.85,25,Under 30,0,0
3914,04-Feb-20,2020-02-04,6,5-9 yrs,Network Engineer,SVG,Active,Contract,ZONE C,Temporary,Executive office,Engineers,22-07-1958,1958-07-22,MA,Male,Other,Single,Exceeds,3,15-03-2023,3,Medium,5,3,24-Feb-23,2023-02-24,Leadership Development,Internal,Failed,0,1,559.86,62,60+,0,0
3915,28-Aug-22,2022-08-28,3,2-4 yrs,Network Engineer,TNS,Active,Contract,ZONE B,Part-Time,It/is,Field Operations,03-05-1991,1991-05-03,MA,Male,Other,Widowed,Fully meets,3,01-02-2023,5,High,3,1,01-Apr-23,2023-04-01,Leadership Development,External,Completed,1,2,602.21,31,30-39,0,0
3916,27-Jun-22,2022-06-27,3,2-4 yrs,Network Engineer,WBL,Active,Part-Time,ZONE C,Temporary,It/is,Project Management - Con,25-05-1964,1964-05-25,MA,Male,Other,Widowed,Fully meets,3,22-03-2023,1,Low,3,1,16-Mar-23,2023-03-16,Communication Skills,External,Passed,1,4,343.6,58,50-59,0,0
3917,19-Dec-19,2019-12-19,6,5-9 yrs,Network Engineer,PYZ,Active,Part-Time,ZONE C,Full-Time,It/is,General - Con,11-04-1993,1993-04-11,MA,Female,Black,Widowed,Exceeds,3,24-09-2022,3,Medium,1,4,28-Mar-23,2023-03-28,Project Management,Internal,Failed,0,3,328.89,26,Under 30,0,0
3918,24-Sep-20,2020-09-24,5,5-9 yrs,Network Engineer,WBL,Active,Contract,ZONE A,Full-Time,It/is,Field Operations,17-06-1960,1960-06-17,MA,Female,Asian,Widowed,Fully meets,3,30-05-2023,3,Medium,3,5,10-Oct-22,2022-10-10,Communication Skills,External,Completed,1,3,701.83,60,60+,0,0
3920,11-Apr-21,2021-04-11,5,5-9 yrs,IT Support,PL,Active,Full-Time,ZONE A,Part-Time,It/is,Field Operations,04-11-1961,1961-11-04,MA,Female,Other,Divorced,Fully meets,3,14-11-2022,2,Low,1,4,04-Jun-23,2023-06-04,Customer Service,Internal,Failed,0,3,809.39,60,60+,0,0
3922,25-Dec-18,2018-12-25,7,5-9 yrs,IT Support,CCDR,Active,Part-Time,ZONE A,Full-Time,It/is,General - Con,04-10-1996,1996-10-04,MA,Female,White,Widowed,Fully meets,3,15-02-2023,5,High,3,1,18-Mar-23,2023-03-18,Communication Skills,External,Incomplete,0,1,629.74,22,Under 30,0,0
3923,25-Dec-21,2021-12-25,4,2-4 yrs,Sr. Network Engineer,WBL,Active,Full-Time,ZONE C,Part-Time,It/is,Aerial,16-03-1955,1955-03-16,MA,Female,Hispanic,Single,Exceeds,3,27-10-2022,2,Low,4,3,27-Dec-22,2022-12-27,Project Management,External,Failed,0,2,378.39,66,60+,0,0
3924,22-May-21,2021-05-22,5,5-9 yrs,Sr. Network Engineer,NEL,Active,Full-Time,ZONE B,Full-Time,It/is,General - Con,27-04-1993,1993-04-27,CT,Male,Other,Widowed,Fully meets,3,07-11-2022,2,Low,4,5,08-Sep-22,2022-09-08,Customer Service,External,Passed,1,2,715.98,28,Under 30,0,0
3927,01-Mar-20,2020-03-01,6,5-9 yrs,Network Engineer,SVG,Active,Contract,ZONE C,Temporary,Executive office,Aerial,12-10-1982,1982-10-12,MA,Male,Other,Single,Fully meets,3,04-05-2023,5,High,4,1,05-Mar-23,2023-03-05,Customer Service,External,Completed,1,2,878.67,38,30-39,0,0
3928,27-Jan-21,2021-01-27,5,5-9 yrs,Network Engineer,TNS,Active,Full-Time,ZONE A,Temporary,It/is,General - Con,11-07-1956,1956-07-11,MA,Male,White,Widowed,Fully meets,3,04-01-2023,4,High,2,1,11-Sep-22,2022-09-11,Leadership Development,Internal,Failed,0,1,799.99,65,60+,0,0
3929,18-Jun-23,2023-06-18,2,2-4 yrs,Network Engineer,WBL,Active,Contract,ZONE C,Part-Time,It/is,Wireline Construction,20-04-1977,1977-04-20,MA,Female,Asian,Married,Fully meets,3,28-10-2022,2,Low,5,2,11-Jul-23,2023-07-11,Technical Skills,Internal,Failed,0,3,617.52,46,40-49,0,0
3930,24-Nov-19,2019-11-24,6,5-9 yrs,Network Engineer,BPC,Active,Contract,ZONE A,Part-Time,It/is,General - Con,09-04-1984,1984-04-09,MA,Female,Asian,Married,Fully meets,3,06-05-2023,4,High,4,4,30-May-23,2023-05-30,Leadership Development,External,Failed,0,5,522.86,35,30-39,0,0
3931,24-Sep-21,2021-09-24,4,2-4 yrs,Network Engineer,CCDR,Active,Part-Time,ZONE A,Temporary,It/is,Engineers,26-06-1960,1960-06-26,MA,Male,Black,Widowed,Fully meets,3,30-09-2022,2,Low,1,5,12-Nov-22,2022-11-12,Customer Service,External,Failed,0,5,685.82,61,60+,0,0
3932,17-Aug-22,2022-08-17,3,2-4 yrs,IT Support,EW,Active,Contract,ZONE B,Full-Time,It/is,General - Eng,21-04-1965,1965-04-21,MA,Female,Black,Single,Fully meets,3,23-06-2023,5,High,5,4,27-Feb-23,2023-02-27,Technical Skills,Internal,Completed,1,5,898.93,57,50-59,0,0
3933,18-Apr-23,2023-04-18,3,2-4 yrs,IT Support,MSC,Active,Contract,ZONE A,Part-Time,It/is,Engineers,21-08-1967,1967-08-21,MA,Female,White,Married,Fully meets,3,27-03-2023,3,Medium,4,5,23-Aug-22,2022-08-23,Communication Skills,Internal,Incomplete,0,1,559.55,56,50-59,0,1
3934,15-Apr-20,2020-04-15,6,5-9 yrs,IT Support,NEL,Active,Full-Time,ZONE C,Temporary,It/is,Executive,03-01-1979,1979-01-03,MA,Female,Asian,Widowed,Fully meets,3,07-04-2023,3,Medium,3,2,16-Feb-23,2023-02-16,Project Management,Internal,Completed,1,5,219.78,41,40-49,0,0
3935,25-Dec-20,2020-12-25,5,5-9 yrs,IT Support,PL,Active,Full-Time,ZONE C,Full-Time,It/is,Aerial,16-11-1993,1993-11-16,MA,Male,White,Widowed,Fully meets,3,05-04-2023,5,High,1,4,16-Jul-23,2023-07-16,Customer Service,Internal,Passed,1,5,223.6,27,Under 30,0,0
3936,21-Jul-22,2022-07-21,3,2-4 yrs,Enterprise Architect,MSC,Terminated,Full-Time,ZONE B,Temporary,It/is,General - Sga,27-06-1998,1998-06-27,CT,Male,Other,Widowed,Fully meets,3,25-03-2023,5,High,3,4,14-May-23,2023-05-14,Communication Skills,Internal,Completed,1,4,283.29,24,Under 30,0,0
3938,20-Apr-20,2020-04-20,6,5-9 yrs,Data Analyst,BPC,Active,Part-Time,ZONE B,Temporary,It/is,Field Operations,28-05-1955,1955-05-28,MA,Female,Hispanic,Married,Fully meets,3,16-12-2022,1,Low,1,1,30-Jul-23,2023-07-30,Technical Skills,External,Completed,1,2,892.83,65,60+,0,0
3939,05-Sep-19,2019-09-05,6,5-9 yrs,Data Analyst,CCDR,Active,Part-Time,ZONE A,Part-Time,It/is,General - Con,04-09-1992,1992-09-04,TX,Male,Black,Married,Fully meets,3,09-01-2023,5,High,2,4,18-May-23,2023-05-18,Technical Skills,Internal,Passed,1,4,318.19,27,Under 30,0,0
3940,11-Aug-19,2019-08-11,6,5-9 yrs,Sr. DBA,EW,Active,Contract,ZONE B,Full-Time,It/is,General - Con,09-08-1958,1958-08-09,MA,Male,Other,Divorced,Fully meets,3,25-12-2022,5,High,4,3,11-Aug-22,2022-08-11,Project Management,External,Failed,0,5,305.31,61,60+,0,0
3941,04-Nov-18,2018-11-04,7,5-9 yrs,Data Analyst,BPC,Active,Full-Time,ZONE B,Temporary,It/is,Field Operations,30-08-1985,1985-08-30,MA,Male,White,Married,Fully meets,3,26-01-2023,2,Low,3,3,13-Sep-22,2022-09-13,Project Management,External,Incomplete,0,5,756.43,33,30-39,0,0
3942,04-Nov-18,2018-11-04,7,5-9 yrs,Principal Data Architect,PYZ,Terminated,Contract,ZONE B,Temporary,It/is,Catv,04-09-1951,1951-09-04,MA,Female,Asian,Married,Pip,3,02-02-2023,3,Medium,4,1,28-Jan-23,2023-01-28,Customer Service,External,Completed,1,5,940.22,67,60+,0,0
3943,27-Jul-19,2019-07-27,6,5-9 yrs,Data Analyst,NEL,Terminated,Part-Time,ZONE A,Part-Time,It/is,General - Eng,04-08-1971,1971-08-04,MA,Male,Black,Single,Fully meets,3,06-08-2022,5,High,2,2,15-May-23,2023-05-15,Communication Skills,External,Failed,0,3,282.37,48,40-49,0,0
3944,21-Dec-20,2020-12-21,5,5-9 yrs,Data Analyst,SVG,Active,Full-Time,ZONE A,Full-Time,It/is,General - Sga,05-07-1997,1997-07-05,MA,Female,White,Single,Fully meets,3,26-02-2023,5,High,3,4,19-Aug-22,2022-08-19,Technical Skills,External,Completed,1,1,627.14,23,Under 30,0,0
3945,25-Jul-22,2022-07-25,3,2-4 yrs,Data Analyst,MSC,Active,Full-Time,ZONE C,Temporary,It/is,Engineers,23-03-1998,1998-03-23,MA,Female,Black,Single,Pip,3,03-01-2023,4,High,4,2,29-Aug-22,2022-08-29,Communication Skills,External,Incomplete,0,2,864.5,24,Under 30,0,0
3946,15-Jun-19,2019-06-15,6,5-9 yrs,Database Administrator,NEL,Active,Contract,ZONE A,Temporary,It/is,Shop (Fleet),20-07-1957,1957-07-20,MA,Female,White,Married,Fully meets,3,23-07-2023,1,Low,3,4,15-Jul-23,2023-07-15,Leadership Development,External,Passed,1,4,981.64,62,60+,0,0
3947,04-Apr-20,2020-04-04,6,5-9 yrs,Database Administrator,EW,Terminated,Full-Time,ZONE B,Full-Time,It/is,Field Operations,03-12-1996,1996-12-03,MA,Female,Hispanic,Married,Fully meets,3,28-07-2023,4,High,3,1,14-Jan-23,2023-01-14,Project Management,Internal,Failed,0,3,456.02,24,Under 30,0,0
3950,12-Jul-23,2023-07-12,2,2-4 yrs,Database Administrator,CCDR,Active,Full-Time,ZONE A,Part-Time,It/is,Fielders,29-01-1989,1989-01-29,MA,Female,Hispanic,Widowed,Fully meets,3,18-10-2022,2,Low,3,5,22-Apr-23,2023-04-22,Technical Skills,Internal,Completed,1,2,119.24,34,30-39,0,1
3951,25-Apr-21,2021-04-25,5,5-9 yrs,Database Administrator,MSC,Terminated,Contract,ZONE A,Temporary,It/is,Wireline Construction,07-09-1961,1961-09-07,MA,Female,Asian,Divorced,Fully meets,3,01-04-2023,4,High,1,3,08-Apr-23,2023-04-08,Project Management,Internal,Completed,1,5,532.41,60,60+,0,0
3953,16-Aug-21,2021-08-16,4,2-4 yrs,Data Analyst,BPC,Active,Full-Time,ZONE B,Full-Time,It/is,General - Eng,22-02-1965,1965-02-22,MA,Female,White,Married,Fully meets,3,16-03-2023,3,Medium,4,4,31-May-23,2023-05-31,Customer Service,Internal,Passed,1,2,779.08,56,50-59,0,0
3955,16-Feb-20,2020-02-16,6,5-9 yrs,Database Administrator,SVG,Active,Contract,ZONE C,Full-Time,It/is,Project Management - Con,28-10-1998,1998-10-28,MA,Female,Hispanic,Married,Fully meets,3,10-06-2023,2,Low,1,1,14-Mar-23,2023-03-14,Technical Skills,External,Failed,0,1,762.36,22,Under 30,0,0
3956,07-Aug-19,2019-08-07,6,5-9 yrs,Database Administrator,EW,Active,Contract,ZONE A,Temporary,It/is,General - Sga,02-01-1997,1997-01-02,TX,Female,Black,Widowed,Fully meets,3,26-09-2022,4,High,5,2,21-Oct-22,2022-10-21,Customer Service,External,Failed,0,4,611.15,22,Under 30,0,0
3957,03-Jan-22,2022-01-03,4,2-4 yrs,Database Administrator,MSC,Active,Contract,ZONE C,Temporary,It/is,Field Operations,02-01-1991,1991-01-02,TX,Female,Other,Divorced,Fully meets,3,07-06-2023,3,Medium,2,4,22-Jun-23,2023-06-22,Communication Skills,Internal,Passed,1,3,724.95,31,30-39,0,0
3958,22-Sep-20,2020-09-22,5,5-9 yrs,Database Administrator,TNS,Active,Part-Time,ZONE C,Full-Time,It/is,Field Operations,18-09-1974,1974-09-18,TX,Female,Hispanic,Married,Pip,3,10-04-2023,5,High,3,1,21-Dec-22,2022-12-21,Technical Skills,Internal,Completed,1,5,332.9,46,40-49,0,0
3959,11-Nov-22,2022-11-11,3,2-4 yrs,Data Architect,PYZ,Terminated,Part-Time,ZONE A,Full-Time,It/is,General - Con,20-08-1988,1988-08-20,TX,Male,Hispanic,Single,Fully meets,3,30-06-2023,5,High,4,5,30-Jan-23,2023-01-30,Communication Skills,Internal,Incomplete,0,5,116.9,34,30-39,0,0
3961,31-Mar-23,2023-03-31,3,2-4 yrs,BI Director,NEL,Active,Full-Time,ZONE A,Full-Time,It/is,Aerial,19-06-1978,1978-06-19,MA,Male,Black,Divorced,Fully meets,3,20-11-2022,2,Low,5,2,05-Feb-23,2023-02-05,Leadership Development,Internal,Passed,1,5,881.61,45,40-49,0,1
3962,10-Mar-21,2021-03-10,5,5-9 yrs,Sr. DBA,MSC,Active,Contract,ZONE B,Part-Time,It/is,Aerial,18-11-1990,1990-11-18,MA,Female,Hispanic,Divorced,Fully meets,3,30-05-2023,4,High,3,3,04-Nov-22,2022-11-04,Customer Service,Internal,Failed,0,3,454.92,31,30-39,0,0
3963,30-Aug-19,2019-08-30,6,5-9 yrs,Sr. Accountant,TNS,Active,Part-Time,ZONE B,Temporary,It/is,Field Operations,19-05-1998,1998-05-19,MA,Female,Black,Widowed,Fully meets,3,28-07-2023,4,High,1,5,15-Apr-23,2023-04-15,Customer Service,External,Completed,1,2,381.88,21,Under 30,0,0
3965,22-Apr-20,2020-04-22,6,5-9 yrs,Software Engineering Manager,WBL,Active,Contract,ZONE B,Part-Time,It/is,General - Con,01-11-1998,1998-11-01,MA,Female,Other,Married,Fully meets,3,08-06-2023,4,High,1,2,20-Jun-23,2023-06-20,Technical Skills,Internal,Completed,1,4,198.58,22,Under 30,0,0
3967,03-Dec-18,2018-12-03,7,5-9 yrs,Data Analyst,MSC,Active,Full-Time,ZONE A,Temporary,It/is,Finance & Accounting,19-07-1955,1955-07-19,MA,Female,Black,Married,Fully meets,3,05-01-2023,5,High,3,4,16-May-23,2023-05-16,Customer Service,External,Failed,0,4,683.96,63,60+,0,0
3968,20-Feb-21,2021-02-20,5,5-9 yrs,Data Analyst,NEL,Active,Contract,ZONE B,Temporary,It/is,Engineers,14-07-1967,1967-07-14,MA,Female,Other,Married,Fully meets,3,14-12-2022,5,High,5,1,02-Dec-22,2022-12-02,Technical Skills,External,Completed,1,3,891.63,54,50-59,0,0
3969,17-Jan-21,2021-01-17,5,5-9 yrs,Database Administrator,PL,Active,Contract,ZONE A,Full-Time,It/is,Aerial,18-06-1966,1966-06-18,MA,Female,Asian,Divorced,Exceeds,3,09-08-2022,4,High,5,2,01-Mar-23,2023-03-01,Technical Skills,Internal,Failed,0,4,701.87,55,50-59,0,0
3971,29-Jan-21,2021-01-29,5,5-9 yrs,Database Administrator,SVG,Active,Part-Time,ZONE A,Temporary,It/is,General - Con,31-10-1958,1958-10-31,TX,Female,Other,Widowed,Fully meets,3,23-03-2023,3,Medium,3,2,16-Aug-22,2022-08-16,Project Management,External,Passed,1,5,482.47,63,60+,0,0
3972,26-Jul-22,2022-07-26,3,2-4 yrs,Database Administrator,TNS,Active,Part-Time,ZONE B,Part-Time,It/is,General - Con,07-06-1955,1955-06-07,TX,Female,Black,Divorced,Fully meets,3,29-10-2022,5,High,4,1,25-Apr-23,2023-04-25,Leadership Development,External,Incomplete,0,5,853.57,67,60+,0,0
3973,21-Sep-18,2018-09-21,7,5-9 yrs,Database Administrator,WBL,Terminated,Part-Time,ZONE C,Temporary,It/is,Field Operations,22-05-1973,1973-05-22,TX,Female,Hispanic,Single,Exceeds,3,17-08-2022,3,Medium,2,1,14-Nov-22,2022-11-14,Leadership Development,Internal,Passed,1,1,202.97,45,40-49,0,0
3974,25-Dec-18,2018-12-25,7,5-9 yrs,Data Architect,BPC,Terminated,Part-Time,ZONE C,Full-Time,It/is,General - Eng,07-01-1986,1986-01-07,TX,Male,Other,Married,Exceeds,3,04-04-2023,4,High,5,1,27-Apr-23,2023-04-27,Communication Skills,Internal,Passed,1,1,487.4,32,30-39,0,0
3975,03-Nov-20,2020-11-03,5,5-9 yrs,CIO,CCDR,Terminated,Part-Time,ZONE B,Temporary,It/is,Field Operations,25-01-1999,1999-01-25,TX,Male,Asian,Single,Fully meets,3,27-11-2022,1,Low,4,3,08-May-23,2023-05-08,Leadership Development,External,Completed,1,2,669.81,21,Under 30,0,0
3976,22-Oct-21,2021-10-22,4,2-4 yrs,Sr. DBA,MSC,Active,Full-Time,ZONE C,Temporary,It/is,Field Operations,17-11-1991,1991-11-17,MA,Female,White,Divorced,Fully meets,3,25-04-2023,4,High,5,1,22-Apr-23,2023-04-22,Leadership Development,Internal,Completed,1,1,645.02,30,30-39,0,0
3978,12-Jul-20,2020-07-12,5,5-9 yrs,Sr. Accountant,PYZ,Active,Part-Time,ZONE B,Part-Time,It/is,General - Con,26-04-1980,1980-04-26,MA,Male,Asian,Widowed,Fully meets,3,04-09-2022,4,High,3,5,15-May-23,2023-05-15,Project Management,External,Failed,0,1,131.98,40,40-49,0,0
3980,11-May-20,2020-05-11,6,5-9 yrs,Data Analyst,PL,Active,Full-Time,ZONE C,Full-Time,It/is,Project Management - Con,02-12-1975,1975-12-02,MA,Female,White,Married,Exceeds,3,03-10-2022,4,High,2,5,27-Jul-23,2023-07-27,Communication Skills,External,Incomplete,0,1,695.56,45,40-49,0,0
3981,24-Jul-20,2020-07-24,5,5-9 yrs,Data Analyst,BPC,Active,Full-Time,ZONE A,Temporary,It/is,Field Operations,07-02-1960,1960-02-07,MA,Female,Black,Divorced,Fully meets,3,31-10-2022,1,Low,2,4,22-Dec-22,2022-12-22,Communication Skills,External,Passed,1,2,869.96,60,60+,0,0
3982,09-Aug-22,2022-08-09,3,2-4 yrs,Database Administrator,CCDR,Active,Part-Time,ZONE B,Part-Time,It/is,Aerial,12-06-1957,1957-06-12,MA,Female,Other,Married,Needs improvement,3,09-10-2022,1,Low,1,1,09-Dec-22,2022-12-09,Technical Skills,Internal,Completed,1,1,189.91,65,60+,0,0
3983,12-Jun-22,2022-06-12,3,2-4 yrs,Database Administrator,SVG,Active,Full-Time,ZONE A,Full-Time,It/is,Field Operations,12-04-1964,1964-04-12,MA,Female,Hispanic,Married,Exceeds,3,03-12-2022,4,High,3,1,24-Jul-23,2023-07-24,Project Management,External,Failed,0,5,407.96,58,50-59,0,0
3984,10-Feb-22,2022-02-10,4,2-4 yrs,Database Administrator,EW,Active,Contract,ZONE B,Full-Time,It/is,Wireline Construction,23-07-1963,1963-07-23,TX,Female,Hispanic,Single,Fully meets,3,24-02-2023,5,High,5,4,07-Aug-22,2022-08-07,Communication Skills,Internal,Incomplete,0,1,202.91,59,50-59,0,0
3985,13-Jan-23,2023-01-13,3,2-4 yrs,Database Administrator,MSC,Terminated,Part-Time,ZONE A,Part-Time,It/is,People Services,18-01-1992,1992-01-18,TX,Male,White,Widowed,Fully meets,3,28-09-2022,5,High,4,2,16-Oct-22,2022-10-16,Communication Skills,Internal,Passed,1,4,956.95,31,30-39,0,1
3986,10-Mar-20,2020-03-10,6,5-9 yrs,Database Administrator,TNS,Active,Part-Time,ZONE A,Temporary,It/is,Catv,27-11-1972,1972-11-27,TX,Female,Hispanic,Married,Fully meets,3,08-10-2022,4,High,3,2,15-Oct-22,2022-10-15,Technical Skills,External,Passed,1,5,813.03,48,40-49,0,0
3987,25-Feb-22,2022-02-25,4,2-4 yrs,Data Architect,PYZ,Terminated,Full-Time,ZONE A,Full-Time,It/is,Catv,03-05-1982,1982-05-03,TX,Male,Other,Widowed,Exceeds,3,22-12-2022,5,High,4,1,24-Aug-22,2022-08-24,Project Management,External,Passed,1,1,962.54,40,40-49,0,0
3991,10-Apr-23,2023-04-10,3,2-4 yrs,Sr. Accountant,BPC,Active,Contract,ZONE B,Full-Time,It/is,Project Management - Con,09-03-1974,1974-03-09,MA,Male,Black,Single,Fully meets,3,11-10-2022,2,Low,3,2,19-Sep-22,2022-09-19,Customer Service,Internal,Completed,1,4,716.52,49,40-49,0,1
3992,08-Dec-22,2022-12-08,3,2-4 yrs,Data Analyst,SVG,Active,Part-Time,ZONE A,Full-Time,It/is,General - Eng,28-12-1961,1961-12-28,MA,Male,Black,Married,Fully meets,3,14-07-2023,4,High,3,1,13-Sep-22,2022-09-13,Project Management,External,Completed,1,3,323.25,61,60+,0,1
3993,22-Jun-22,2022-06-22,3,2-4 yrs,Data Analyst,PYZ,Active,Contract,ZONE C,Full-Time,It/is,Field Operations,24-05-1996,1996-05-24,MA,Female,Asian,Married,Fully meets,3,16-10-2022,3,Medium,4,4,27-Jan-23,2023-01-27,Communication Skills,Internal,Failed,0,2,229.0,26,Under 30,0,0
3994,22-Sep-22,2022-09-22,3,2-4 yrs,Data Analyst,PL,Active,Full-Time,ZONE A,Full-Time,It/is,Field Operations,08-02-1987,1987-02-08,MA,Female,Asian,Single,Fully meets,3,14-02-2023,3,Medium,5,2,11-Feb-23,2023-02-11,Customer Service,Internal,Failed,0,1,861.91,35,30-39,0,0
3996,01-Sep-21,2021-09-01,4,2-4 yrs,Database Administrator,MSC,Active,Part-Time,ZONE C,Full-Time,It/is,Catv,29-11-1999,1999-11-29,MA,Female,White,Widowed,Fully meets,3,14-04-2023,3,Medium,5,1,09-Jan-23,2023-01-09,Customer Service,Internal,Failed,0,2,808.51,22,Under 30,0,0
3998,24-Dec-21,2021-12-24,4,2-4 yrs,Database Administrator,CCDR,Terminated,Full-Time,ZONE B,Full-Time,It/is,Yard (Material Handling),22-01-1971,1971-01-22,TX,Female,Other,Married,Fully meets,3,22-02-2023,5,High,5,2,26-Sep-22,2022-09-26,Customer Service,External,Completed,1,1,994.09,50,50-59,0,0
4000,26-Oct-19,2019-10-26,6,5-9 yrs,Data Architect,PYZ,Terminated,Contract,ZONE C,Full-Time,It/is,Field Operations,31-03-1960,1960-03-31,TX,Male,Black,Divorced,Fully meets,3,21-04-2023,3,Medium,2,1,06-Oct-22,2022-10-06,Leadership Development,Internal,Completed,1,4,951.27,59,50-59,0,0
1001,29-Aug-19,2019-08-29,6,5-9 yrs,Software Engineer,BPC,Active,Part-Time,ZONE A,Part-Time,Software engineering,Engineers,21-09-1957,1957-09-21,MA,Female,Black,Married,Fully meets,3,10-10-2022,2,Low,5,5,21-Sep-22,2022-09-21,Customer Service,Internal,Failed,0,4,510.83,62,60+,0,0
1003,08-Mar-23,2023-03-08,3,2-4 yrs,Software Engineer,WBL,Active,Contract,ZONE A,Part-Time,Software engineering,Field Operations,23-11-1973,1973-11-23,MA,Female,White,Married,Fully meets,3,03-01-2023,2,Low,5,2,24-Feb-23,2023-02-24,Technical Skills,Internal,Incomplete,0,4,777.06,50,50-59,0,1
1004,29-May-20,2020-05-29,6,5-9 yrs,Software Engineer,PYZ,Active,Part-Time,ZONE C,Part-Time,Software engineering,Project Management - Con,27-01-1957,1957-01-27,MA,Male,Black,Single,Fully meets,3,30-07-2023,3,Medium,5,3,12-Jan-23,2023-01-12,Customer Service,Internal,Completed,1,2,824.3,63,60+,0,0
1005,16-Sep-22,2022-09-16,3,2-4 yrs,Software Engineer,SVG,Active,Full-Time,ZONE B,Temporary,Software engineering,Field Operations,28-07-1970,1970-07-28,MA,Male,Black,Divorced,Fully meets,3,19-06-2023,2,Low,4,5,12-May-23,2023-05-12,Communication Skills,External,Passed,1,4,145.99,52,50-59,0,0
1006,15-Aug-21,2021-08-15,4,2-4 yrs,Software Engineer,MSC,Active,Full-Time,ZONE C,Part-Time,Software engineering,Engineers,19-02-1959,1959-02-19,MA,Female,White,Widowed,Fully meets,3,03-05-2023,5,High,2,1,08-May-23,2023-05-08,Project Management,Internal,Failed,0,2,838.07,62,60+,0,0
1007,25-Oct-20,2020-10-25,5,5-9 yrs,Software Engineer,SVG,Terminated,Part-Time,ZONE A,Part-Time,Software engineering,General - Con,18-03-2000,2000-03-18,MA,Male,Black,Widowed,Fully meets,3,18-07-2023,2,Low,1,5,14-May-23,2023-05-14,Leadership Development,External,Failed,0,2,667.32,20,Under 30,0,0
1008,28-Aug-19,2019-08-28,6,5-9 yrs,Software Engineer,BPC,Active,Contract,ZONE B,Temporary,Software engineering,General - Con,21-12-1981,1981-12-21,MA,Female,Hispanic,Married,Fully meets,3,21-06-2023,5,High,2,2,02-Aug-23,2023-08-02,Technical Skills,External,Incomplete,0,2,758.18,38,30-39,0,0
1009,13-Jun-19,2019-06-13,6,5-9 yrs,Software Engineer,NEL,Active,Part-Time,ZONE C,Temporary,Software engineering,General - Con,01-03-1987,1987-03-01,MA,Female,Other,Single,Fully meets,3,06-06-2023,2,Low,5,1,21-Aug-22,2022-08-21,Customer Service,Internal,Incomplete,0,2,101.21,32,30-39,0,0
1010,12-Jan-21,2021-01-12,5,5-9 yrs,Software Engineer,EW,Terminated,Part-Time,ZONE C,Temporary,Software engineering,Field Operations,21-10-1992,1992-10-21,MA,Male,Hispanic,Divorced,Fully meets,3,15-09-2022,2,Low,4,2,19-Aug-22,2022-08-19,Communication Skills,External,Incomplete,0,5,332.25,29,Under 30,0,0
1012,09-Nov-20,2020-11-09,5,5-9 yrs,Software Engineer,TNS,Terminated,Contract,ZONE A,Temporary,Software engineering,General - Eng,03-10-1978,1978-10-03,MA,Male,White,Single,Fully meets,3,13-01-2023,3,Medium,5,4,28-Mar-23,2023-03-28,Technical Skills,External,Failed,0,3,887.08,42,40-49,0,0
1013,13-May-20,2020-05-13,6,5-9 yrs,Software Engineer,PYZ,Active,Part-Time,ZONE B,Full-Time,Software engineering,Engineers,19-11-1974,1974-11-19,MA,Male,Asian,Single,Fully meets,3,13-12-2022,5,High,4,3,08-Apr-23,2023-04-08,Project Management,External,Incomplete,0,2,657.85,46,40-49,0,0
1014,31-Dec-22,2022-12-31,3,2-4 yrs,Shared Services Manager,WBL,Active,Part-Time,ZONE A,Full-Time,Software engineering,Catv,13-07-1953,1953-07-13,MA,Male,Other,Single,Fully meets,3,28-06-2023,4,High,4,1,21-Feb-23,2023-02-21,Customer Service,External,Incomplete,0,2,895.49,69,60+,0,0
1015,03-Dec-18,2018-12-03,7,5-9 yrs,Shared Services Manager,NEL,Active,Contract,ZONE A,Part-Time,Software engineering,People Services,04-12-1961,1961-12-04,MA,Female,White,Married,Fully meets,3,11-07-2023,1,Low,1,3,13-May-23,2023-05-13,Leadership Development,External,Passed,1,1,539.0,57,50-59,0,0
1016,21-Feb-20,2020-02-21,6,5-9 yrs,Senior BI Developer,PL,Active,Part-Time,ZONE B,Part-Time,Admin offices,Shop (Fleet),08-03-1956,1956-03-08,MA,Female,White,Single,Fully meets,3,09-12-2022,2,Low,3,2,30-Apr-23,2023-04-30,Communication Skills,External,Completed,1,2,606.68,64,60+,0,0
1019,14-Oct-22,2022-10-14,3,2-4 yrs,Software Engineer,EW,Terminated,Full-Time,ZONE A,Temporary,Software engineering,Fielders,28-11-1978,1978-11-28,MA,Male,Hispanic,Widowed,Fully meets,3,21-06-2023,1,Low,3,5,26-Oct-22,2022-10-26,Project Management,External,Passed,1,5,436.98,44,40-49,0,0
1020,20-Jun-23,2023-06-20,2,2-4 yrs,Software Engineer,MSC,Terminated,Contract,ZONE C,Full-Time,Software engineering,Field Operations,20-12-1990,1990-12-20,MA,Female,Black,Widowed,Fully meets,3,01-08-2023,2,Low,1,2,30-Dec-22,2022-12-30,Technical Skills,External,Passed,1,4,578.58,33,30-39,0,1
1021,09-Nov-20,2020-11-09,5,5-9 yrs,Software Engineer,TNS,Terminated,Full-Time,ZONE C,Full-Time,Software engineering,General - Eng,25-01-1989,1989-01-25,MA,Male,Hispanic,Single,Fully meets,3,09-03-2023,5,High,1,4,10-Mar-23,2023-03-10,Technical Skills,Internal,Failed,0,1,647.16,31,30-39,0,0
1022,19-Sep-22,2022-09-19,3,2-4 yrs,Software Engineer,PYZ,Active,Part-Time,ZONE A,Temporary,Software engineering,Field Operations,11-06-1962,1962-06-11,MA,Male,Black,Divorced,Fully meets,3,12-02-2023,1,Low,4,4,12-Jan-23,2023-01-12,Project Management,Internal,Failed,0,1,664.23,60,60+,0,0
1023,09-Nov-18,2018-11-09,7,5-9 yrs,Shared Services Manager,WBL,Active,Contract,ZONE C,Part-Time,Software engineering,General - Con,05-04-1992,1992-04-05,MA,Male,Hispanic,Divorced,Fully meets,3,17-01-2023,4,High,4,3,19-Oct-22,2022-10-19,Project Management,Internal,Failed,0,4,893.07,26,Under 30,0,0
1024,30-Dec-18,2018-12-30,7,5-9 yrs,Shared Services Manager,NEL,Active,Contract,ZONE A,Part-Time,Software engineering,Fielders,30-03-1987,1987-03-30,MA,Female,Other,Divorced,Fully meets,3,12-10-2022,5,High,3,1,11-Oct-22,2022-10-11,Project Management,External,Completed,1,5,868.98,31,30-39,0,0
1025,11-May-23,2023-05-11,3,2-4 yrs,Senior BI Developer,PL,Active,Full-Time,ZONE A,Temporary,Admin offices,Field Operations,13-11-1960,1960-11-13,MA,Female,Other,Divorced,Fully meets,3,24-01-2023,4,High,1,4,13-Jan-23,2023-01-13,Project Management,Internal,Incomplete,0,5,761.95,63,60+,0,1
1027,14-Jun-20,2020-06-14,5,5-9 yrs,Senior BI Developer,CCDR,Active,Part-Time,ZONE A,Full-Time,Admin offices,General - Con,21-12-1962,1962-12-21,MA,Male,Other,Single,Fully meets,3,05-04-2023,2,Low,3,5,16-Mar-23,2023-03-16,Communication Skills,External,Incomplete,0,4,357.57,58,50-59,0,0
1028,15-Oct-19,2019-10-15,6,5-9 yrs,Software Engineer,PYZ,Terminated,Full-Time,ZONE C,Part-Time,Software engineering,General - Con,22-10-2000,2000-10-22,MA,Male,Asian,Single,Fully meets,3,26-03-2023,5,High,5,4,19-Jan-23,2023-01-19,Technical Skills,Internal,Incomplete,0,3,804.06,19,Under 30,0,0
1029,28-Apr-20,2020-04-28,6,5-9 yrs,Software Engineer,SVG,Active,Part-Time,ZONE B,Part-Time,Software engineering,Field Operations,01-06-1979,1979-06-01,MA,Female,Asian,Divorced,Fully meets,3,07-11-2022,3,Medium,5,4,25-Feb-23,2023-02-25,Project Management,Internal,Failed,0,5,729.41,41,40-49,0,0
1030,29-Oct-19,2019-10-29,6,5-9 yrs,Software Engineer,TNS,Active,Contract,ZONE C,Temporary,Software engineering,Field Operations,06-07-1955,1955-07-06,MA,Male,Black,Single,Fully meets,3,03-01-2023,4,High,4,1,04-Jan-23,2023-01-04,Communication Skills,Internal,Completed,1,1,169.46,64,60+,0,0
1031,28-Apr-21,2021-04-28,5,5-9 yrs,Software Engineer,WBL,Active,Part-Time,ZONE B,Temporary,Software engineering,General - Con,29-10-1972,1972-10-29,MA,Male,White,Widowed,Fully meets,3,27-02-2023,5,High,3,2,26-Dec-22,2022-12-26,Communication Skills,Internal,Failed,0,1,833.28,49,40-49,0,0
1032,19-Apr-22,2022-04-19,4,2-4 yrs,Software Engineer,PYZ,Active,Full-Time,ZONE C,Part-Time,Software engineering,Aerial,01-07-1954,1954-07-01,MA,Male,Asian,Widowed,Fully meets,3,22-05-2023,5,High,4,4,07-Dec-22,2022-12-07,Technical Skills,External,Completed,1,3,482.23,68,60+,0,0
1033,28-Mar-23,2023-03-28,3,2-4 yrs,Shared Services Manager,WBL,Active,Contract,ZONE B,Full-Time,Software engineering,Field Operations,28-03-1997,1997-03-28,MA,Male,Other,Single,Fully meets,3,02-07-2023,3,Medium,1,3,20-Jun-23,2023-06-20,Communication Skills,Internal,Incomplete,0,4,169.85,26,Under 30,0,0
1034,06-May-19,2019-05-06,7,5-9 yrs,Shared Services Manager,NEL,Active,Full-Time,ZONE C,Part-Time,Software engineering,Project Management - Con,08-12-1977,1977-12-08,MA,Female,Black,Single,Fully meets,3,09-07-2023,2,Low,5,1,10-Nov-22,2022-11-10,Leadership Development,Internal,Failed,0,1,570.62,42,40-49,0,0
1035,13-Oct-20,2020-10-13,5,5-9 yrs,Senior BI Developer,PL,Active,Full-Time,ZONE A,Temporary,Admin offices,Underground,16-02-1979,1979-02-16,MA,Female,Asian,Divorced,Fully meets,3,19-07-2023,1,Low,5,5,11-Mar-23,2023-03-11,Communication Skills,Internal,Completed,1,2,724.14,41,40-49,0,0
1036,06-Jul-21,2021-07-06,4,2-4 yrs,Senior BI Developer,BPC,Active,Part-Time,ZONE A,Part-Time,Admin offices,Field Operations,08-08-1993,1993-08-08,MA,Male,Asian,Single,Fully meets,3,09-08-2022,5,High,2,1,10-Dec-22,2022-12-10,Customer Service,External,Failed,0,3,305.98,28,Under 30,0,0
1037,24-Sep-20,2020-09-24,5,5-9 yrs,Software Engineer,CCDR,Terminated,Part-Time,ZONE C,Full-Time,Software engineering,Fielders,27-07-1993,1993-07-27,MA,Male,Other,Widowed,Fully meets,3,25-11-2022,5,High,1,4,25-Oct-22,2022-10-25,Leadership Development,Internal,Failed,0,2,646.76,27,Under 30,0,0
1038,18-Jan-23,2023-01-18,3,2-4 yrs,Software Engineer,SVG,Active,Contract,ZONE B,Part-Time,Software engineering,Field Operations,04-05-1971,1971-05-04,MA,Male,Hispanic,Married,Fully meets,3,10-03-2023,5,High,1,2,28-Jul-23,2023-07-28,Customer Service,External,Failed,0,2,516.89,52,50-59,0,0
1039,22-Aug-19,2019-08-22,6,5-9 yrs,Software Engineer,EW,Terminated,Part-Time,ZONE B,Part-Time,Software engineering,Finance & Accounting,17-11-1982,1982-11-17,MA,Female,Other,Widowed,Fully meets,3,03-12-2022,2,Low,4,5,24-Jan-23,2023-01-24,Customer Service,External,Passed,1,5,520.41,37,30-39,0,0
1040,25-Jul-19,2019-07-25,6,5-9 yrs,Software Engineer,MSC,Terminated,Contract,ZONE A,Part-Time,Software engineering,Field Operations,25-04-1972,1972-04-25,MA,Male,White,Divorced,Fully meets,3,27-09-2022,5,High,3,1,01-Dec-22,2022-12-01,Technical Skills,Internal,Completed,1,5,712.84,47,40-49,0,0
1041,11-Nov-19,2019-11-11,6,5-9 yrs,Software Engineer,TNS,Terminated,Full-Time,ZONE A,Full-Time,Software engineering,Engineers,04-11-1976,1976-11-04,MA,Male,White,Single,Fully meets,3,19-01-2023,3,Medium,1,4,07-Mar-23,2023-03-07,Customer Service,Internal,Completed,1,3,871.12,43,40-49,0,0
1043,19-Dec-22,2022-12-19,3,2-4 yrs,Shared Services Manager,WBL,Active,Full-Time,ZONE C,Part-Time,Software engineering,Splicing,16-12-1955,1955-12-16,MA,Female,White,Married,Fully meets,3,25-02-2023,1,Low,1,3,10-Aug-22,2022-08-10,Communication Skills,External,Completed,1,2,289.93,67,60+,0,1
1044,15-Sep-20,2020-09-15,5,5-9 yrs,Shared Services Manager,NEL,Active,Contract,ZONE A,Temporary,Software engineering,Field Operations,16-09-1956,1956-09-16,MA,Female,Hispanic,Divorced,Fully meets,3,26-11-2022,2,Low,4,5,13-Sep-22,2022-09-13,Technical Skills,External,Incomplete,0,4,920.78,64,60+,0,0
1045,04-Oct-20,2020-10-04,5,5-9 yrs,Senior BI Developer,PL,Active,Full-Time,ZONE C,Temporary,Admin offices,Catv,10-06-1963,1963-06-10,MA,Female,Black,Single,Fully meets,3,08-08-2022,1,Low,4,1,11-Jun-23,2023-06-11,Customer Service,External,Completed,1,2,690.41,57,50-59,0,0
1046,23-Apr-22,2022-04-23,4,2-4 yrs,Software Engineer,CCDR,Terminated,Full-Time,ZONE A,Temporary,Software engineering,Underground,17-11-1962,1962-11-17,MA,Male,White,Single,Fully meets,3,18-02-2023,3,Medium,5,4,28-Jul-23,2023-07-28,Leadership Development,Internal,Failed,0,2,211.39,60,60+,0,0
1048,29-Nov-19,2019-11-29,6,5-9 yrs,Software Engineer,EW,Active,Part-Time,ZONE A,Temporary,Software engineering,General - Con,19-07-1956,1956-07-19,MA,Male,Asian,Widowed,Fully meets,3,19-10-2022,3,Medium,1,4,02-Dec-22,2022-12-02,Leadership Development,Internal,Completed,1,5,503.99,63,60+,0,0
1049,30-May-19,2019-05-30,7,5-9 yrs,Software Engineer,MSC,Terminated,Part-Time,ZONE B,Part-Time,Software engineering,Field Operations,26-09-1954,1954-09-26,MA,Male,White,Married,Fully meets,3,27-07-2023,3,Medium,5,2,20-Nov-22,2022-11-20,Leadership Development,Internal,Completed,1,2,518.54,65,60+,0,0
1050,23-Nov-20,2020-11-23,5,5-9 yrs,Software Engineer,TNS,Active,Contract,ZONE B,Temporary,Software engineering,Finance & Accounting,04-07-1993,1993-07-04,MA,Male,Black,Widowed,Fully meets,3,03-07-2023,4,High,5,1,03-Aug-23,2023-08-03,Customer Service,Internal,Completed,1,1,846.43,27,Under 30,0,0
1051,08-Apr-22,2022-04-08,4,2-4 yrs,Software Engineer,PYZ,Active,Full-Time,ZONE C,Part-Time,Software engineering,Field Operations,29-04-1981,1981-04-29,MA,Male,White,Divorced,Fully meets,3,01-01-2023,2,Low,4,5,13-Oct-22,2022-10-13,Leadership Development,Internal,Passed,1,3,572.94,41,40-49,0,0
1052,25-Feb-21,2021-02-25,5,5-9 yrs,Shared Services Manager,WBL,Active,Contract,ZONE B,Part-Time,Software engineering,General - Con,21-06-1980,1980-06-21,MA,Female,Hispanic,Single,Fully meets,3,19-11-2022,1,Low,4,4,25-Oct-22,2022-10-25,Communication Skills,Internal,Incomplete,0,4,234.76,41,40-49,0,0
1054,12-Feb-23,2023-02-12,3,2-4 yrs,Software Engineer,PL,Active,Part-Time,ZONE A,Full-Time,Software engineering,Engineers,10-05-1993,1993-05-10,MA,Male,White,Single,Fully meets,3,05-07-2023,1,Low,5,2,04-Nov-22,2022-11-04,Technical Skills,External,Failed,0,3,533.97,30,30-39,0,1
1055,08-Sep-18,2018-09-08,7,5-9 yrs,Software Engineer,PYZ,Active,Contract,ZONE C,Full-Time,Software engineering,Field Operations,24-11-1995,1995-11-24,MA,Female,White,Widowed,Fully meets,3,23-09-2022,3,Medium,4,1,15-Nov-22,2022-11-15,Customer Service,Internal,Passed,1,2,125.7,23,Under 30,0,0
1057,01-Jul-23,2023-07-01,2,2-4 yrs,Software Engineer,TNS,Active,Full-Time,ZONE A,Full-Time,Software engineering,Wireline Construction,27-10-1998,1998-10-27,MA,Male,Asian,Widowed,Fully meets,3,12-03-2023,3,Medium,2,5,23-Oct-22,2022-10-23,Project Management,Internal,Failed,0,4,649.23,25,Under 30,0,1
1059,29-Apr-23,2023-04-29,3,2-4 yrs,Software Engineer,BPC,Active,Part-Time,ZONE C,Full-Time,Software engineering,Engineers,23-05-1974,1974-05-23,MA,Female,Asian,Widowed,Fully meets,3,29-03-2023,4,High,3,3,16-Sep-22,2022-09-16,Technical Skills,Internal,Incomplete,0,3,256.82,49,40-49,0,1
1060,10-Oct-18,2018-10-10,7,5-9 yrs,Shared Services Manager,CCDR,Active,Part-Time,ZONE B,Full-Time,Software engineering,General - Con,05-02-1976,1976-02-05,MA,Female,Black,Single,Fully meets,3,01-07-2023,5,High,5,4,06-Sep-22,2022-09-06,Project Management,Internal,Completed,1,1,770.84,42,40-49,0,0
1061,20-Nov-22,2022-11-20,3,2-4 yrs,Shared Services Manager,EW,Active,Part-Time,ZONE C,Part-Time,Software engineering,General - Sga,21-05-1993,1993-05-21,MA,Female,Other,Single,Fully meets,3,05-02-2023,3,Medium,3,1,01-Aug-23,2023-08-01,Project Management,Internal,Incomplete,0,2,862.33,29,Under 30,0,0
1062,18-May-19,2019-05-18,7,5-9 yrs,Software Engineer,BPC,Terminated,Part-Time,ZONE A,Part-Time,Software engineering,Engineers,03-11-1969,1969-11-03,MA,Male,Hispanic,Married,Fully meets,3,03-01-2023,3,Medium,2,1,27-Nov-22,2022-11-27,Technical Skills,Internal,Failed,0,5,702.84,50,50-59,0,0
1064,30-Mar-22,2022-03-30,4,2-4 yrs,Software Engineer,SVG,Terminated,Part-Time,ZONE A,Part-Time,Software engineering,Field Operations,24-02-1987,1987-02-24,MA,Male,White,Divorced,Fully meets,3,14-12-2022,5,High,4,4,06-Oct-22,2022-10-06,Leadership Development,External,Passed,1,1,819.86,35,30-39,0,0
1065,28-Aug-18,2018-08-28,7,5-9 yrs,Software Engineer,EW,Active,Contract,ZONE C,Temporary,Software engineering,Engineers,26-06-1995,1995-06-26,MA,Male,Other,Widowed,Fully meets,3,20-01-2023,5,High,3,4,09-Dec-22,2022-12-09,Technical Skills,External,Passed,1,4,486.01,23,Under 30,0,0
1066,27-Dec-21,2021-12-27,4,2-4 yrs,Software Engineer,MSC,Active,Full-Time,ZONE C,Temporary,Software engineering,Catv,23-04-1981,1981-04-23,MA,Male,Hispanic,Single,Fully meets,3,15-07-2023,4,High,3,5,14-Jun-23,2023-06-14,Communication Skills,Internal,Completed,1,5,769.42,40,40-49,0,0
1068,01-Oct-21,2021-10-01,4,2-4 yrs,Software Engineer,PYZ,Active,Full-Time,ZONE B,Part-Time,Software engineering,Wireline Construction,24-12-1998,1998-12-24,MA,Female,Black,Widowed,Fully meets,3,09-10-2022,3,Medium,2,2,06-Nov-22,2022-11-06,Communication Skills,External,Completed,1,1,238.27,23,Under 30,0,0
1069,13-Oct-18,2018-10-13,7,5-9 yrs,Shared Services Manager,WBL,Active,Full-Time,ZONE B,Part-Time,Software engineering,General - Con,13-09-1975,1975-09-13,MA,Female,Other,Widowed,Fully meets,3,04-02-2023,3,Medium,1,2,22-Aug-22,2022-08-22,Communication Skills,Internal,Failed,0,5,886.06,43,40-49,0,0
1070,15-Dec-18,2018-12-15,7,5-9 yrs,Shared Services Manager,NEL,Active,Full-Time,ZONE C,Temporary,Software engineering,General - Sga,04-11-1998,1998-11-04,MA,Male,Black,Married,Fully meets,3,05-03-2023,3,Medium,1,2,14-Jan-23,2023-01-14,Technical Skills,Internal,Failed,0,1,943.8,20,Under 30,0,0
1071,28-Mar-19,2019-03-28,7,5-9 yrs,Software Engineer,PL,Terminated,Contract,ZONE A,Part-Time,Software engineering,Field Operations,23-06-1968,1968-06-23,MA,Male,Black,Married,Fully meets,3,15-05-2023,1,Low,2,2,16-Mar-23,2023-03-16,Communication Skills,Internal,Completed,1,5,234.26,51,50-59,0,0
1072,27-Dec-18,2018-12-27,7,5-9 yrs,Software Engineer,BPC,Active,Part-Time,ZONE C,Part-Time,Software engineering,Field Operations,20-01-1977,1977-01-20,MA,Female,Asian,Widowed,Fully meets,3,18-02-2023,2,Low,2,3,19-May-23,2023-05-19,Technical Skills,Internal,Passed,1,5,179.91,41,40-49,0,0
1073,11-May-19,2019-05-11,7,5-9 yrs,Software Engineer,CCDR,Active,Full-Time,ZONE A,Full-Time,Software engineering,Field Operations,24-09-1998,1998-09-24,MA,Male,White,Single,Fully meets,3,16-02-2023,4,High,4,2,03-Oct-22,2022-10-03,Project Management,Internal,Failed,0,4,306.3,21,Under 30,0,0
1074,19-Feb-21,2021-02-19,5,5-9 yrs,Software Engineer,SVG,Terminated,Full-Time,ZONE A,Temporary,Software engineering,General - Con,08-07-1983,1983-07-08,MA,Male,Asian,Divorced,Fully meets,3,10-02-2023,3,Medium,4,1,07-Jul-23,2023-07-07,Project Management,Internal,Passed,1,5,103.42,38,30-39,0,0
1075,05-Nov-22,2022-11-05,3,2-4 yrs,Software Engineer,EW,Active,Part-Time,ZONE B,Full-Time,Software engineering,Engineers,23-04-1968,1968-04-23,MA,Male,Asian,Married,Fully meets,3,10-04-2023,1,Low,2,3,16-May-23,2023-05-16,Project Management,Internal,Passed,1,4,573.29,54,50-59,0,0
1077,02-Feb-19,2019-02-02,7,5-9 yrs,Software Engineer,TNS,Active,Contract,ZONE B,Temporary,Software engineering,Wireless,10-05-1992,1992-05-10,MA,Female,Black,Single,Fully meets,3,12-10-2022,5,High,2,4,21-Dec-22,2022-12-21,Project Management,Internal,Incomplete,0,1,947.17,27,Under 30,0,0
1078,24-Feb-20,2020-02-24,6,5-9 yrs,Software Engineer,PYZ,Active,Contract,ZONE C,Temporary,Software engineering,Aerial,19-03-1997,1997-03-19,MA,Female,Asian,Divorced,Fully meets,3,28-07-2023,3,Medium,3,4,24-Mar-23,2023-03-24,Project Management,External,Passed,1,1,597.64,23,Under 30,0,0
1079,07-Apr-21,2021-04-07,5,5-9 yrs,Shared Services Manager,WBL,Active,Part-Time,ZONE B,Full-Time,Software engineering,Project Management - Eng,11-04-2000,2000-04-11,MA,Female,Hispanic,Divorced,Fully meets,3,08-10-2022,2,Low,2,1,15-Apr-23,2023-04-15,Communication Skills,External,Incomplete,0,5,861.1,21,Under 30,0,0
1080,14-Nov-20,2020-11-14,5,5-9 yrs,Shared Services Manager,NEL,Active,Part-Time,ZONE C,Full-Time,Software engineering,Fielders,04-08-1988,1988-08-04,MA,Male,Black,Widowed,Fully meets,3,04-03-2023,3,Medium,1,3,22-Apr-23,2023-04-22,Customer Service,External,Passed,1,4,199.14,32,30-39,0,0
1081,17-Jan-22,2022-01-17,4,2-4 yrs,Software Engineer,EW,Terminated,Contract,ZONE B,Part-Time,Software engineering,General - Con,24-08-1965,1965-08-24,MA,Male,Asian,Divorced,Fully meets,3,03-03-2023,1,Low,3,3,05-Jun-23,2023-06-05,Communication Skills,External,Failed,0,3,526.08,57,50-59,0,0
1082,02-Sep-21,2021-09-02,4,2-4 yrs,Software Engineer,MSC,Active,Part-Time,ZONE B,Part-Time,Software engineering,General - Con,03-03-1976,1976-03-03,MA,Male,Other,Married,Fully meets,3,27-02-2023,1,Low,4,1,22-Apr-23,2023-04-22,Customer Service,External,Incomplete,0,5,662.15,45,40-49,0,0
1083,30-Jul-23,2023-07-30,2,2-4 yrs,Software Engineer,NEL,Active,Part-Time,ZONE A,Full-Time,Software engineering,Aerial,09-01-1963,1963-01-09,MA,Female,Asian,Divorced,Fully meets,3,09-01-2023,5,High,5,3,18-Nov-22,2022-11-18,Project Management,External,Completed,1,4,869.89,60,60+,0,1
1084,27-Jun-23,2023-06-27,2,2-4 yrs,Software Engineer,PL,Active,Contract,ZONE C,Part-Time,Software engineering,Executive,12-08-1989,1989-08-12,MA,Male,White,Single,Fully meets,3,19-02-2023,1,Low,2,4,17-Dec-22,2022-12-17,Leadership Development,External,Completed,1,3,295.4,34,30-39,0,1
1086,12-Aug-22,2022-08-12,3,2-4 yrs,Software Engineer,SVG,Active,Contract,ZONE A,Temporary,Software engineering,Field Operations,30-07-1973,1973-07-30,MA,Female,Black,Single,Fully meets,3,14-03-2023,1,Low,1,5,15-Jul-23,2023-07-15,Leadership Development,External,Completed,1,2,641.69,49,40-49,0,0
1087,08-Jul-22,2022-07-08,3,2-4 yrs,Software Engineer,TNS,Active,Part-Time,ZONE A,Part-Time,Software engineering,Field Operations,05-08-1974,1974-08-05,MA,Female,Other,Married,Fully meets,3,03-05-2023,1,Low,5,2,10-May-23,2023-05-10,Technical Skills,Internal,Incomplete,0,5,197.34,48,40-49,0,0
1088,15-Aug-20,2020-08-15,5,5-9 yrs,Software Engineer,WBL,Active,Contract,ZONE B,Part-Time,Software engineering,General - Con,08-04-1991,1991-04-08,MA,Female,White,Widowed,Fully meets,3,20-04-2023,4,High,3,1,17-May-23,2023-05-17,Leadership Development,External,Failed,0,2,235.15,29,Under 30,0,0
1090,02-Jan-23,2023-01-02,3,2-4 yrs,Shared Services Manager,CCDR,Active,Part-Time,ZONE C,Full-Time,Software engineering,Field Operations,28-08-1965,1965-08-28,MA,Female,Black,Divorced,Fully meets,3,16-05-2023,4,High,3,4,21-Mar-23,2023-03-21,Communication Skills,External,Completed,1,1,910.33,58,50-59,0,0
1091,16-Nov-18,2018-11-16,7,5-9 yrs,Production Technician I,PYZ,Active,Contract,ZONE B,Temporary,Production,General - Sga,26-08-1986,1986-08-26,MA,Male,Asian,Single,Fully meets,3,22-04-2023,2,Low,4,3,20-Oct-22,2022-10-20,Customer Service,Internal,Incomplete,0,2,213.91,32,30-39,0,0
1092,12-Jul-22,2022-07-12,3,2-4 yrs,Production Technician I,PYZ,Active,Part-Time,ZONE C,Full-Time,Production,Field Operations,27-01-1970,1970-01-27,MA,Female,Hispanic,Divorced,Fully meets,3,08-03-2023,1,Low,4,1,20-Sep-22,2022-09-20,Communication Skills,Internal,Completed,1,5,971.46,52,50-59,0,0
1093,16-Dec-22,2022-12-16,3,2-4 yrs,Production Technician I,NEL,Active,Contract,ZONE B,Part-Time,Production,Engineers,26-04-1979,1979-04-26,MA,Female,Asian,Widowed,Fully meets,3,05-03-2023,3,Medium,1,4,07-Jul-23,2023-07-07,Customer Service,External,Failed,0,5,995.52,43,40-49,0,0
1094,08-May-23,2023-05-08,3,2-4 yrs,Production Technician II,EW,Active,Part-Time,ZONE A,Full-Time,Production,Field Operations,18-03-1994,1994-03-18,MA,Female,Other,Single,Fully meets,3,22-01-2023,5,High,4,5,18-Aug-22,2022-08-18,Communication Skills,Internal,Failed,0,4,161.4,29,Under 30,0,1
1096,15-Feb-22,2022-02-15,4,2-4 yrs,Production Technician I,PYZ,Active,Part-Time,ZONE C,Part-Time,Production,Shop (Fleet),11-01-1973,1973-01-11,MA,Female,Asian,Married,Fully meets,3,17-12-2022,1,Low,3,2,25-Sep-22,2022-09-25,Technical Skills,External,Incomplete,0,5,778.25,49,40-49,0,0
1097,17-Jul-23,2023-07-17,2,2-4 yrs,Production Technician I,SVG,Active,Contract,ZONE B,Part-Time,Production,Field Operations,02-08-1999,1999-08-02,MA,Male,Hispanic,Divorced,Fully meets,3,31-10-2022,1,Low,2,5,11-Aug-22,2022-08-11,Customer Service,Internal,Completed,1,1,609.5,24,Under 30,0,1
1098,03-May-19,2019-05-03,7,5-9 yrs,Production Technician I,PL,Terminated,Part-Time,ZONE A,Temporary,Production,General - Eng,10-01-1993,1993-01-10,MA,Male,Asian,Widowed,Fully meets,3,28-12-2022,2,Low,2,2,13-May-23,2023-05-13,Leadership Development,External,Failed,0,5,666.67,26,Under 30,0,0
1099,25-Mar-22,2022-03-25,4,2-4 yrs,Production Technician I,SVG,Active,Part-Time,ZONE A,Part-Time,Production,Field Operations,24-12-1971,1971-12-24,MA,Female,Other,Single,Fully meets,3,04-08-2023,1,Low,5,5,30-Oct-22,2022-10-30,Project Management,External,Incomplete,0,5,797.05,51,50-59,0,0
1100,07-Apr-20,2020-04-07,6,5-9 yrs,Production Technician I,EW,Active,Full-Time,ZONE C,Temporary,Production,Field Operations,10-05-1964,1964-05-10,MA,Male,White,Divorced,Fully meets,3,10-09-2022,1,Low,4,5,25-Feb-23,2023-02-25,Communication Skills,External,Completed,1,3,518.56,56,50-59,0,0
1102,04-Aug-19,2019-08-04,6,5-9 yrs,Production Technician II,EW,Active,Part-Time,ZONE A,Part-Time,Production,General - Con,19-09-1953,1953-09-19,MA,Female,Black,Single,Fully meets,3,02-03-2023,5,High,1,4,31-Dec-22,2022-12-31,Project Management,External,Failed,0,2,150.04,66,60+,0,0
1103,11-Apr-21,2021-04-11,5,5-9 yrs,Production Technician I,BPC,Terminated,Full-Time,ZONE C,Temporary,Production,Splicing,02-04-1957,1957-04-02,MA,Male,Asian,Widowed,Fully meets,3,06-11-2022,5,High,3,1,05-Jul-23,2023-07-05,Leadership Development,External,Passed,1,3,308.21,64,60+,0,0
1104,16-Jun-19,2019-06-16,6,5-9 yrs,Production Technician I,PYZ,Active,Part-Time,ZONE C,Temporary,Production,General - Eng,14-09-1995,1995-09-14,MA,Male,Asian,Divorced,Fully meets,3,21-12-2022,1,Low,4,2,11-Aug-22,2022-08-11,Communication Skills,Internal,Completed,1,4,766.77,24,Under 30,0,0
1106,18-Aug-21,2021-08-18,4,2-4 yrs,Production Technician II,BPC,Active,Full-Time,ZONE B,Temporary,Production,Aerial,01-01-1995,1995-01-01,MA,Male,Other,Single,Fully meets,3,31-01-2023,2,Low,3,3,31-Oct-22,2022-10-31,Project Management,Internal,Completed,1,1,742.55,26,Under 30,0,0
1107,16-Mar-20,2020-03-16,6,5-9 yrs,Production Technician II,BPC,Active,Contract,ZONE A,Part-Time,Production,Wireline Construction,09-02-1992,1992-02-09,MA,Female,Other,Single,Fully meets,3,18-10-2022,4,High,5,1,26-Jan-23,2023-01-26,Technical Skills,Internal,Failed,0,2,231.28,28,Under 30,0,0
1108,24-Jan-19,2019-01-24,7,5-9 yrs,Production Technician I,TNS,Active,Full-Time,ZONE A,Full-Time,Production,General - Con,18-04-1969,1969-04-18,MA,Male,White,Married,Fully meets,3,24-07-2023,4,High,5,3,23-May-23,2023-05-23,Customer Service,Internal,Completed,1,5,124.54,50,50-59,0,0
1109,11-Jun-22,2022-06-11,3,2-4 yrs,Production Technician I,EW,Terminated,Full-Time,ZONE C,Part-Time,Production,Field Operations,01-10-1981,1981-10-01,MA,Female,White,Divorced,Fully meets,3,16-10-2022,4,High,5,4,21-Jan-23,2023-01-21,Leadership Development,External,Completed,1,5,898.37,41,40-49,0,0
1110,02-Jul-22,2022-07-02,3,2-4 yrs,Production Technician II,NEL,Active,Full-Time,ZONE B,Temporary,Production,General - Con,05-05-1987,1987-05-05,MA,Female,Asian,Single,Fully meets,3,23-02-2023,1,Low,1,4,13-Oct-22,2022-10-13,Customer Service,Internal,Passed,1,2,764.36,35,30-39,0,0
1111,08-Sep-19,2019-09-08,6,5-9 yrs,Production Technician I,BPC,Terminated,Full-Time,ZONE A,Part-Time,Production,Splicing,31-05-1952,1952-05-31,MA,Female,White,Widowed,Fully meets,3,11-05-2023,4,High,1,1,05-Dec-22,2022-12-05,Project Management,Internal,Failed,0,5,786.57,67,60+,0,0
1112,10-Jul-22,2022-07-10,3,2-4 yrs,Production Technician I,MSC,Active,Full-Time,ZONE A,Part-Time,Production,Engineers,15-07-1975,1975-07-15,MA,Female,White,Single,Fully meets,3,06-07-2023,4,High,1,1,30-Sep-22,2022-09-30,Communication Skills,Internal,Failed,0,3,668.05,47,40-49,0,0
1113,24-Apr-22,2022-04-24,4,2-4 yrs,Production Technician I,NEL,Active,Contract,ZONE B,Part-Time,Production,General - Con,03-09-1976,1976-09-03,MA,Female,Asian,Divorced,Fully meets,3,09-04-2023,3,Medium,3,5,20-Jan-23,2023-01-20,Technical Skills,External,Incomplete,0,2,956.92,46,40-49,0,0
1114,31-Mar-20,2020-03-31,6,5-9 yrs,Production Technician I,PL,Active,Full-Time,ZONE C,Part-Time,Production,General - Con,31-12-1960,1960-12-31,MA,Female,Hispanic,Widowed,Fully meets,3,03-03-2023,1,Low,3,3,25-Feb-23,2023-02-25,Communication Skills,Internal,Incomplete,0,1,912.27,60,60+,0,0
1115,23-Mar-19,2019-03-23,7,5-9 yrs,Production Technician I,PYZ,Active,Contract,ZONE A,Part-Time,Production,Field Operations,19-02-1997,1997-02-19,MA,Male,Black,Widowed,Fully meets,3,11-03-2023,4,High,1,3,19-May-23,2023-05-19,Customer Service,Internal,Incomplete,0,4,881.71,22,Under 30,0,0
1116,09-Mar-19,2019-03-09,7,5-9 yrs,Production Technician I,SVG,Terminated,Full-Time,ZONE A,Full-Time,Production,Field Operations,10-08-1984,1984-08-10,MA,Male,White,Divorced,Fully meets,3,16-12-2022,3,Medium,4,4,16-May-23,2023-05-16,Communication Skills,Internal,Incomplete,0,4,557.68,35,30-39,0,0
1117,21-Feb-19,2019-02-21,7,5-9 yrs,Production Technician I,TNS,Terminated,Full-Time,ZONE C,Temporary,Production,General - Con,23-08-1997,1997-08-23,MA,Male,Other,Divorced,Fully meets,3,29-07-2023,4,High,5,1,12-Jan-23,2023-01-12,Communication Skills,Internal,Completed,1,4,271.68,22,Under 30,0,0
1118,04-Oct-19,2019-10-04,6,5-9 yrs,Production Technician I,WBL,Active,Full-Time,ZONE B,Temporary,Production,Engineers,29-02-1976,1976-02-29,MA,Male,Asian,Divorced,Fully meets,3,22-02-2023,1,Low,5,3,16-Dec-22,2022-12-16,Communication Skills,External,Completed,1,2,299.68,43,40-49,0,0
1119,24-Nov-19,2019-11-24,6,5-9 yrs,Production Technician I,BPC,Active,Part-Time,ZONE C,Part-Time,Production,Field Operations,31-12-1994,1994-12-31,MA,Female,White,Single,Fully meets,3,16-04-2023,4,High,4,5,08-Jul-23,2023-07-08,Communication Skills,Internal,Incomplete,0,5,440.28,25,Under 30,0,0
1120,17-Aug-20,2020-08-17,5,5-9 yrs,Production Technician I,CCDR,Active,Part-Time,ZONE B,Temporary,Production,People Services,20-09-1968,1968-09-20,MA,Female,Black,Divorced,Fully meets,3,05-06-2023,3,Medium,3,4,10-Mar-23,2023-03-10,Leadership Development,Internal,Incomplete,0,4,553.83,52,50-59,0,0
1121,16-Mar-21,2021-03-16,5,5-9 yrs,Production Manager,EW,Active,Part-Time,ZONE C,Full-Time,Production,Aerial,29-05-1981,1981-05-29,MA,Female,Hispanic,Widowed,Fully meets,3,21-01-2023,1,Low,1,4,19-Sep-22,2022-09-19,Leadership Development,Internal,Failed,0,1,428.9,40,40-49,0,0
1122,16-Nov-21,2021-11-16,4,2-4 yrs,Production Manager,MSC,Active,Contract,ZONE C,Part-Time,Production,General - Con,13-11-1975,1975-11-13,MA,Female,White,Married,Fully meets,3,04-12-2022,2,Low,1,2,21-Jan-23,2023-01-21,Communication Skills,Internal,Passed,1,3,444.4,46,40-49,0,0
1123,03-May-22,2022-05-03,4,2-4 yrs,Production Manager,NEL,Active,Full-Time,ZONE B,Full-Time,Production,Field Operations,06-11-1965,1965-11-06,MA,Female,Other,Married,Fully meets,3,10-06-2023,2,Low,3,1,31-Jan-23,2023-01-31,Project Management,Internal,Completed,1,4,254.38,57,50-59,0,0
1124,24-Dec-19,2019-12-24,6,5-9 yrs,Production Manager,PL,Active,Full-Time,ZONE A,Full-Time,Production,Engineers,17-06-1986,1986-06-17,MA,Female,Other,Married,Fully meets,3,27-02-2023,3,Medium,2,3,03-Nov-22,2022-11-03,Communication Skills,Internal,Failed,0,1,256.21,33,30-39,0,0
1125,21-Oct-21,2021-10-21,4,2-4 yrs,Production Technician II,WBL,Active,Contract,ZONE B,Part-Time,Production,Aerial,05-05-1991,1991-05-05,MA,Male,Hispanic,Married,Fully meets,3,17-03-2023,4,High,3,4,14-Dec-22,2022-12-14,Communication Skills,Internal,Incomplete,0,2,756.19,30,30-39,0,0
1126,08-Sep-18,2018-09-08,7,5-9 yrs,Production Technician II,NEL,Terminated,Part-Time,ZONE C,Temporary,Production,Engineers,27-10-1959,1959-10-27,MA,Male,White,Divorced,Fully meets,3,23-04-2023,3,Medium,3,2,29-Jul-23,2023-07-29,Technical Skills,Internal,Failed,0,4,500.45,59,50-59,0,0
1127,26-Feb-19,2019-02-26,7,5-9 yrs,Production Technician II,PL,Active,Full-Time,ZONE A,Full-Time,Production,General - Con,28-03-2001,2001-03-28,MA,Male,White,Married,Fully meets,3,27-01-2023,5,High,1,3,04-Sep-22,2022-09-04,Communication Skills,External,Incomplete,0,2,500.83,18,Under 30,1,0
1128,21-Apr-23,2023-04-21,3,2-4 yrs,Production Technician II,BPC,Active,Part-Time,ZONE B,Part-Time,Production,General - Con,20-06-1957,1957-06-20,MA,Female,Hispanic,Married,Fully meets,3,18-02-2023,4,High,2,4,17-May-23,2023-05-17,Communication Skills,Internal,Incomplete,0,1,773.8,66,60+,0,0
1129,19-Sep-19,2019-09-19,6,5-9 yrs,Production Technician II,CCDR,Terminated,Full-Time,ZONE B,Part-Time,Production,Field Operations,17-05-1956,1956-05-17,MA,Female,Other,Married,Fully meets,3,31-10-2022,1,Low,1,1,11-Sep-22,2022-09-11,Technical Skills,Internal,Passed,1,2,768.06,63,60+,0,0
1130,23-Dec-20,2020-12-23,5,5-9 yrs,Production Technician I,SVG,Active,Contract,ZONE A,Part-Time,Production,Technology / It,17-02-1997,1997-02-17,MA,Female,Hispanic,Divorced,Fully meets,3,07-05-2023,1,Low,5,4,09-Nov-22,2022-11-09,Leadership Development,External,Completed,1,3,777.7,23,Under 30,0,0
1131,29-Mar-19,2019-03-29,7,5-9 yrs,Production Technician I,EW,Active,Part-Time,ZONE B,Part-Time,Production,Splicing,22-03-1995,1995-03-22,MA,Female,Black,Single,Fully meets,3,11-05-2023,4,High,4,4,31-Mar-23,2023-03-31,Customer Service,Internal,Incomplete,0,2,943.05,24,Under 30,0,0
1132,15-May-21,2021-05-15,5,5-9 yrs,Production Technician I,NEL,Terminated,Contract,ZONE B,Full-Time,Production,Aerial,04-11-1963,1963-11-04,MA,Female,Hispanic,Widowed,Fully meets,3,15-07-2023,1,Low,5,5,27-Sep-22,2022-09-27,Communication Skills,Internal,Passed,1,4,475.91,58,50-59,0,0
1134,06-Dec-21,2021-12-06,4,2-4 yrs,Production Technician I,BPC,Terminated,Part-Time,ZONE C,Temporary,Production,General - Con,07-09-1996,1996-09-07,MA,Female,Asian,Single,Fully meets,3,29-12-2022,4,High,1,2,09-Dec-22,2022-12-09,Communication Skills,External,Passed,1,1,271.49,25,Under 30,0,0
1135,27-Oct-21,2021-10-27,4,2-4 yrs,Production Technician I,CCDR,Active,Full-Time,ZONE A,Temporary,Production,Engineers,30-08-1964,1964-08-30,MA,Male,Other,Widowed,Fully meets,3,23-02-2023,5,High,4,4,22-Mar-23,2023-03-22,Project Management,Internal,Passed,1,2,524.23,57,50-59,0,0
1137,29-May-19,2019-05-29,7,5-9 yrs,Production Technician I,EW,Active,Full-Time,ZONE C,Part-Time,Production,Field Operations,28-02-1954,1954-02-28,MA,Male,Black,Single,Fully meets,3,12-11-2022,3,Medium,3,5,09-Sep-22,2022-09-09,Communication Skills,Internal,Passed,1,5,270.92,65,60+,0,0
1138,12-Jul-19,2019-07-12,6,5-9 yrs,Production Technician I,MSC,Active,Full-Time,ZONE B,Temporary,Production,General - Eng,02-08-1983,1983-08-02,MA,Male,Black,Divorced,Fully meets,3,19-10-2022,4,High,5,1,10-Sep-22,2022-09-10,Customer Service,Internal,Failed,0,4,155.14,36,30-39,0,0
1139,10-Aug-18,2018-08-10,7,5-9 yrs,Production Technician I,TNS,Active,Contract,ZONE A,Temporary,Production,Splicing,11-04-1953,1953-04-11,MA,Male,Hispanic,Married,Fully meets,3,27-08-2022,2,Low,4,2,01-Oct-22,2022-10-01,Customer Service,External,Completed,1,1,930.06,65,60+,0,0
1140,29-Sep-21,2021-09-29,4,2-4 yrs,Production Technician I,PYZ,Active,Part-Time,ZONE C,Full-Time,Production,Engineers,11-08-1988,1988-08-11,MA,Female,Black,Single,Fully meets,3,04-05-2023,5,High,3,2,27-Sep-22,2022-09-27,Customer Service,Internal,Passed,1,1,949.81,33,30-39,0,0
1142,02-Aug-23,2023-08-02,2,2-4 yrs,Production Manager,NEL,Active,Full-Time,ZONE B,Temporary,Production,Project Management - Con,10-11-1992,1992-11-10,MA,Female,Asian,Married,Fully meets,3,21-06-2023,4,High,4,4,17-Jul-23,2023-07-17,Leadership Development,External,Completed,1,3,675.04,31,30-39,0,1
1144,13-Oct-19,2019-10-13,6,5-9 yrs,Production Manager,BPC,Active,Part-Time,ZONE B,Part-Time,Production,Wireline Construction,16-04-1963,1963-04-16,MA,Female,Asian,Single,Fully meets,3,03-11-2022,5,High,3,2,10-Jan-23,2023-01-10,Communication Skills,External,Completed,1,4,750.25,56,50-59,0,0
1146,06-Aug-23,2023-08-06,2,2-4 yrs,Production Technician II,SVG,Active,Contract,ZONE C,Part-Time,Production,Field Operations,10-11-1963,1963-11-10,MA,Male,Hispanic,Divorced,Fully meets,3,21-09-2022,3,Medium,2,2,28-Jun-23,2023-06-28,Technical Skills,External,Failed,0,3,894.88,60,60+,0,1
1150,05-Aug-20,2020-08-05,5,5-9 yrs,Production Technician I,MSC,Active,Part-Time,ZONE A,Full-Time,Production,Aerial,03-04-1981,1981-04-03,MA,Female,White,Single,Fully meets,3,28-12-2022,3,Medium,4,4,03-Jun-23,2023-06-03,Project Management,External,Incomplete,0,5,797.35,39,30-39,0,0
1151,23-Aug-22,2022-08-23,3,2-4 yrs,Production Technician I,EW,Active,Part-Time,ZONE A,Part-Time,Production,Field Operations,29-06-1978,1978-06-29,MA,Male,Asian,Widowed,Fully meets,3,12-12-2022,5,High,3,1,19-Dec-22,2022-12-19,Project Management,External,Passed,1,4,707.59,44,40-49,0,0
1152,12-Jan-23,2023-01-12,3,2-4 yrs,Production Technician I,CCDR,Active,Full-Time,ZONE A,Full-Time,Production,Engineers,02-10-1963,1963-10-02,MA,Female,Other,Divorced,Fully meets,3,14-12-2022,1,Low,1,5,29-Mar-23,2023-03-29,Customer Service,External,Incomplete,0,2,564.48,60,60+,0,0
1154,27-Sep-21,2021-09-27,4,2-4 yrs,Production Technician I,MSC,Terminated,Full-Time,ZONE C,Part-Time,Production,Field Operations,01-11-1987,1987-11-01,MA,Female,White,Married,Fully meets,3,09-06-2023,1,Low,3,2,12-Aug-22,2022-08-12,Customer Service,Internal,Incomplete,0,3,338.48,34,30-39,0,0
1155,17-Nov-18,2018-11-17,7,5-9 yrs,Production Technician I,NEL,Terminated,Contract,ZONE A,Temporary,Production,Finance & Accounting,06-11-1951,1951-11-06,MA,Female,Other,Married,Fully meets,3,25-08-2022,2,Low,3,1,10-Sep-22,2022-09-10,Technical Skills,Internal,Failed,0,1,339.01,67,60+,0,0
1156,22-Jul-19,2019-07-22,6,5-9 yrs,Production Technician I,PL,Terminated,Contract,ZONE A,Full-Time,Production,Billable Consultants,20-04-1980,1980-04-20,MA,Male,Hispanic,Married,Fully meets,3,12-05-2023,1,Low,5,2,04-Sep-22,2022-09-04,Customer Service,Internal,Incomplete,0,5,939.49,39,30-39,0,0
1157,10-Feb-19,2019-02-10,7,5-9 yrs,Production Technician I,PYZ,Active,Part-Time,ZONE A,Temporary,Production,Wireline Construction,18-03-1996,1996-03-18,MA,Male,Hispanic,Married,Fully meets,3,06-06-2023,1,Low,4,2,11-Oct-22,2022-10-11,Technical Skills,External,Passed,1,1,276.47,23,Under 30,0,0
1158,22-Nov-18,2018-11-22,7,5-9 yrs,Production Technician I,SVG,Terminated,Full-Time,ZONE A,Full-Time,Production,Field Operations,04-07-1958,1958-07-04,MA,Male,Asian,Widowed,Fully meets,3,17-03-2023,2,Low,4,4,14-Sep-22,2022-09-14,Customer Service,External,Completed,1,3,154.71,60,60+,0,0
1159,23-Apr-23,2023-04-23,3,2-4 yrs,Production Technician I,TNS,Active,Part-Time,ZONE A,Temporary,Production,Splicing,03-06-1979,1979-06-03,MA,Male,Other,Divorced,Fully meets,3,18-02-2023,1,Low,2,4,27-Dec-22,2022-12-27,Leadership Development,External,Failed,0,3,674.24,44,40-49,0,1
1160,26-Dec-22,2022-12-26,3,2-4 yrs,Production Technician I,WBL,Active,Part-Time,ZONE B,Full-Time,Production,General - Con,10-09-1976,1976-09-10,MA,Female,Asian,Single,Fully meets,3,20-08-2022,4,High,2,3,07-Nov-22,2022-11-07,Leadership Development,External,Failed,0,2,137.96,46,40-49,0,1
1161,14-Jun-20,2020-06-14,5,5-9 yrs,Production Technician I,PYZ,Active,Contract,ZONE B,Part-Time,Production,Yard (Material Handling),30-08-1954,1954-08-30,MA,Female,Other,Widowed,Fully meets,3,09-04-2023,3,Medium,4,4,13-Nov-22,2022-11-13,Technical Skills,Internal,Passed,1,5,926.85,66,60+,0,0
1162,29-Mar-22,2022-03-29,4,2-4 yrs,Production Technician I,WBL,Active,Full-Time,ZONE C,Temporary,Production,General - Con,17-08-1983,1983-08-17,MA,Female,Asian,Widowed,Fully meets,3,05-10-2022,3,Medium,3,2,02-Sep-22,2022-09-02,Communication Skills,External,Incomplete,0,1,846.55,39,30-39,0,0
1163,18-Dec-22,2022-12-18,3,2-4 yrs,Production Manager,NEL,Active,Contract,ZONE A,Part-Time,Production,Project Management - Con,07-02-1996,1996-02-07,MA,Female,White,Divorced,Fully meets,3,14-12-2022,1,Low,2,3,23-Feb-23,2023-02-23,Communication Skills,External,Passed,1,3,734.77,26,Under 30,0,0
1164,21-Mar-19,2019-03-21,7,5-9 yrs,Production Manager,PL,Active,Part-Time,ZONE A,Part-Time,Production,General - Sga,25-10-1950,1950-10-25,MA,Female,Other,Married,Fully meets,3,23-10-2022,5,High,5,5,01-Mar-23,2023-03-01,Technical Skills,Internal,Incomplete,0,3,315.09,69,60+,0,0
1165,08-Feb-21,2021-02-08,5,5-9 yrs,Production Manager,BPC,Active,Full-Time,ZONE C,Full-Time,Production,Field Operations,09-09-1998,1998-09-09,MA,Female,Other,Widowed,Fully meets,3,09-01-2023,3,Medium,3,1,27-Sep-22,2022-09-27,Communication Skills,Internal,Passed,1,3,686.05,23,Under 30,0,0
1166,06-Jun-22,2022-06-06,3,2-4 yrs,Production Technician II,WBL,Active,Full-Time,ZONE A,Temporary,Production,Field Operations,13-01-1965,1965-01-13,MA,Male,Other,Married,Fully meets,3,27-02-2023,2,Low,1,4,10-Aug-22,2022-08-10,Communication Skills,External,Passed,1,4,942.51,57,50-59,0,0
1167,01-Nov-21,2021-11-01,4,2-4 yrs,Production Technician II,NEL,Active,Contract,ZONE B,Full-Time,Production,Field Operations,01-09-1955,1955-09-01,MA,Female,Other,Single,Fully meets,3,22-05-2023,2,Low,3,4,23-Feb-23,2023-02-23,Project Management,Internal,Failed,0,4,782.82,66,60+,0,0
1169,30-Jul-20,2020-07-30,5,5-9 yrs,Production Technician II,BPC,Active,Contract,ZONE B,Part-Time,Production,Field Operations,15-09-1960,1960-09-15,MA,Female,Asian,Single,Fully meets,3,03-08-2023,1,Low,3,2,30-Jun-23,2023-06-30,Technical Skills,Internal,Incomplete,0,1,487.66,60,60+,0,0
1171,16-Jun-22,2022-06-16,3,2-4 yrs,Production Technician I,SVG,Active,Part-Time,ZONE A,Part-Time,Production,Field Operations,24-07-1953,1953-07-24,MA,Female,Hispanic,Single,Fully meets,3,24-06-2023,4,High,1,4,07-Sep-22,2022-09-07,Project Management,Internal,Completed,1,1,294.74,69,60+,0,0
1172,13-Jun-21,2021-06-13,4,2-4 yrs,Production Technician I,EW,Terminated,Full-Time,ZONE C,Full-Time,Production,Engineers,20-05-1952,1952-05-20,MA,Male,Asian,Married,Fully meets,3,19-06-2023,1,Low,3,2,30-Mar-23,2023-03-30,Communication Skills,External,Passed,1,5,202.09,69,60+,0,0
1173,14-Nov-20,2020-11-14,5,5-9 yrs,Production Technician I,BPC,Terminated,Full-Time,ZONE C,Full-Time,Production,Isp,30-01-1968,1968-01-30,MA,Female,White,Widowed,Fully meets,3,16-06-2023,5,High,5,2,09-Feb-23,2023-02-09,Customer Service,Internal,Passed,1,4,901.42,52,50-59,0,0
1174,16-Jun-20,2020-06-16,5,5-9 yrs,Production Technician I,CCDR,Terminated,Full-Time,ZONE C,Temporary,Production,Field Operations,10-12-1973,1973-12-10,MA,Female,Other,Widowed,Fully meets,3,06-03-2023,2,Low,1,5,12-May-23,2023-05-12,Project Management,External,Incomplete,0,3,454.23,47,40-49,0,0
1175,20-Dec-18,2018-12-20,7,5-9 yrs,Production Technician I,EW,Terminated,Full-Time,ZONE A,Part-Time,Production,Catv,04-08-1996,1996-08-04,MA,Female,Asian,Divorced,Fully meets,3,22-04-2023,2,Low,1,2,04-Jan-23,2023-01-04,Project Management,Internal,Passed,1,3,460.39,22,Under 30,0,0
1176,29-Oct-22,2022-10-29,3,2-4 yrs,Production Technician I,MSC,Active,Contract,ZONE A,Part-Time,Production,Engineers,27-12-1960,1960-12-27,MA,Female,White,Married,Fully meets,3,17-10-2022,2,Low,2,5,14-Feb-23,2023-02-14,Leadership Development,Internal,Completed,1,2,644.72,62,60+,0,0
1177,20-Jul-20,2020-07-20,5,5-9 yrs,Production Technician I,NEL,Active,Contract,ZONE A,Temporary,Production,Aerial,06-07-1968,1968-07-06,MA,Female,Other,Married,Fully meets,3,12-08-2022,2,Low,2,5,17-Sep-22,2022-09-17,Customer Service,External,Passed,1,3,436.86,52,50-59,0,0
1178,03-Oct-21,2021-10-03,4,2-4 yrs,Production Technician I,PL,Terminated,Contract,ZONE C,Part-Time,Production,Field Operations,07-05-1959,1959-05-07,MA,Male,Other,Single,Fully meets,3,03-05-2023,2,Low,1,2,21-Dec-22,2022-12-21,Project Management,External,Failed,0,1,361.52,62,60+,0,0
1179,16-Jul-22,2022-07-16,3,2-4 yrs,Production Technician I,PYZ,Active,Part-Time,ZONE A,Full-Time,Production,Aerial,08-09-1990,1990-09-08,MA,Male,Black,Divorced,Fully meets,3,10-07-2023,3,Medium,5,1,11-Feb-23,2023-02-11,Technical Skills,Internal,Passed,1,2,229.05,32,30-39,0,0
1181,13-Jun-21,2021-06-13,4,2-4 yrs,Production Technician I,TNS,Active,Full-Time,ZONE C,Part-Time,Production,Wireline Construction,16-06-1993,1993-06-16,MA,Male,Other,Married,Fully meets,3,05-07-2023,5,High,5,4,31-Dec-22,2022-12-31,Communication Skills,External,Incomplete,0,1,483.82,28,Under 30,0,0
1182,29-Dec-20,2020-12-29,5,5-9 yrs,Production Technician I,WBL,Active,Full-Time,ZONE C,Temporary,Production,Splicing,09-12-1973,1973-12-09,MA,Female,Black,Divorced,Fully meets,3,25-08-2022,2,Low,4,5,19-Oct-22,2022-10-19,Communication Skills,External,Passed,1,5,623.64,47,40-49,0,0
1185,13-Dec-18,2018-12-13,7,5-9 yrs,Production Manager,EW,Active,Part-Time,ZONE A,Full-Time,Production,Fielders,22-02-1973,1973-02-22,MA,Female,Other,Widowed,Fully meets,3,13-08-2022,1,Low,2,4,22-Sep-22,2022-09-22,Project Management,Internal,Failed,0,5,957.9,45,40-49,0,0
1186,03-Mar-21,2021-03-03,5,5-9 yrs,Production Manager,MSC,Active,Full-Time,ZONE A,Temporary,Production,Splicing,25-08-1983,1983-08-25,MA,Female,Hispanic,Single,Fully meets,3,12-05-2023,3,Medium,3,5,12-Jun-23,2023-06-12,Communication Skills,External,Failed,0,5,886.45,38,30-39,0,0
1187,04-Jul-21,2021-07-04,4,2-4 yrs,Production Manager,NEL,Active,Part-Time,ZONE A,Full-Time,Production,Aerial,15-09-1997,1997-09-15,MA,Female,Black,Single,Fully meets,3,19-11-2022,4,High,1,1,25-Oct-22,2022-10-25,Communication Skills,Internal,Incomplete,0,4,443.55,24,Under 30,0,0
1188,06-Feb-20,2020-02-06,6,5-9 yrs,Production Technician II,WBL,Terminated,Contract,ZONE B,Part-Time,Production,General - Sga,28-05-1979,1979-05-28,MA,Male,Black,Divorced,Fully meets,3,16-07-2023,4,High,1,1,07-Jan-23,2023-01-07,Technical Skills,Internal,Passed,1,4,899.13,41,40-49,0,0
1189,28-Jun-20,2020-06-28,5,5-9 yrs,Production Technician II,NEL,Terminated,Contract,ZONE C,Full-Time,Production,General - Eng,07-03-1988,1988-03-07,MA,Female,Other,Married,Fully meets,3,19-07-2023,5,High,5,3,20-Sep-22,2022-09-20,Communication Skills,External,Completed,1,1,202.74,32,30-39,0,0
1190,22-Dec-20,2020-12-22,5,5-9 yrs,Production Technician II,PL,Terminated,Contract,ZONE B,Full-Time,Production,Project Management - Eng,20-04-1998,1998-04-20,MA,Female,Hispanic,Married,Fully meets,3,07-04-2023,2,Low,5,3,21-May-23,2023-05-21,Project Management,External,Failed,0,4,727.81,22,Under 30,0,0
1191,24-Nov-19,2019-11-24,6,5-9 yrs,Production Technician II,BPC,Active,Full-Time,ZONE B,Full-Time,Production,Wireline Construction,25-04-1978,1978-04-25,MA,Female,Black,Divorced,Fully meets,3,13-07-2023,4,High,4,4,23-Sep-22,2022-09-23,Customer Service,Internal,Completed,1,2,820.39,41,40-49,0,0
1192,23-Sep-22,2022-09-23,3,2-4 yrs,Production Technician II,CCDR,Active,Full-Time,ZONE C,Full-Time,Production,General - Con,07-12-1988,1988-12-07,MA,Female,White,Single,Fully meets,3,24-12-2022,3,Medium,1,1,11-Oct-22,2022-10-11,Leadership Development,External,Passed,1,4,111.94,34,30-39,0,0
1194,14-Jan-19,2019-01-14,7,5-9 yrs,Production Technician I,EW,Terminated,Full-Time,ZONE C,Temporary,Production,Field Operations,08-03-1953,1953-03-08,MA,Male,Asian,Widowed,Fully meets,3,04-12-2022,5,High,4,2,07-May-23,2023-05-07,Communication Skills,Internal,Completed,1,2,430.92,66,60+,0,0
1196,09-Mar-19,2019-03-09,7,5-9 yrs,Production Technician I,PYZ,Active,Part-Time,ZONE C,Temporary,Production,General - Eng,07-11-1978,1978-11-07,MA,Female,Other,Married,Fully meets,3,02-06-2023,4,High,5,4,28-Feb-23,2023-02-28,Communication Skills,Internal,Completed,1,5,355.3,41,40-49,0,0
1197,13-Jun-20,2020-06-13,5,5-9 yrs,Production Technician I,WBL,Active,Full-Time,ZONE B,Part-Time,Production,Safety,12-06-1958,1958-06-12,MA,Female,Hispanic,Divorced,Fully meets,3,09-11-2022,3,Medium,5,4,25-Feb-23,2023-02-25,Technical Skills,Internal,Passed,1,5,575.1,62,60+,0,0
1198,22-Jan-19,2019-01-22,7,5-9 yrs,Production Technician I,NEL,Active,Contract,ZONE B,Part-Time,Production,Field Operations,28-09-1952,1952-09-28,MA,Female,Asian,Married,Fully meets,3,12-12-2022,3,Medium,2,2,19-Jun-23,2023-06-19,Project Management,Internal,Failed,0,1,140.82,67,60+,0,0
1200,27-Apr-22,2022-04-27,4,2-4 yrs,Production Technician I,BPC,Active,Part-Time,ZONE A,Full-Time,Production,General - Con,08-10-1977,1977-10-08,MA,Female,Other,Married,Fully meets,3,19-04-2023,4,High,5,1,29-Jul-23,2023-07-29,Project Management,Internal,Incomplete,0,2,996.77,45,40-49,0,0
1201,11-Apr-22,2022-04-11,4,2-4 yrs,Production Technician I,CCDR,Terminated,Contract,ZONE A,Part-Time,Production,General - Con,27-01-1954,1954-01-27,MA,Male,Other,Divorced,Fully meets,3,23-02-2023,2,Low,4,4,10-Oct-22,2022-10-10,Communication Skills,External,Passed,1,2,145.39,68,60+,0,0
1202,01-Sep-22,2022-09-01,3,2-4 yrs,Production Technician I,SVG,Terminated,Contract,ZONE B,Temporary,Production,Wireline Construction,20-06-1983,1983-06-20,MA,Male,White,Widowed,Fully meets,3,14-08-2022,1,Low,3,2,08-Dec-22,2022-12-08,Technical Skills,Internal,Incomplete,0,1,344.74,39,30-39,0,0
1203,08-Sep-18,2018-09-08,7,5-9 yrs,Production Technician I,EW,Active,Contract,ZONE A,Part-Time,Production,Engineers,16-01-1987,1987-01-16,MA,Male,White,Divorced,Fully meets,3,03-10-2022,3,Medium,5,3,12-Oct-22,2022-10-12,Project Management,External,Incomplete,0,5,308.09,31,30-39,0,0
1205,23-Jul-20,2020-07-23,5,5-9 yrs,Production Technician I,TNS,Active,Full-Time,ZONE C,Part-Time,Production,Yard (Material Handling),04-05-1956,1956-05-04,MA,Female,Hispanic,Single,Fully meets,3,07-04-2023,2,Low,1,2,01-Aug-23,2023-08-01,Communication Skills,External,Failed,0,3,201.83,64,60+,0,0
1206,28-Dec-18,2018-12-28,7,5-9 yrs,Production Technician I,PYZ,Active,Part-Time,ZONE C,Part-Time,Production,Engineers,15-02-1956,1956-02-15,MA,Female,White,Divorced,Fully meets,3,17-10-2022,3,Medium,4,2,20-Jul-23,2023-07-20,Technical Skills,Internal,Passed,1,5,391.85,62,60+,0,0
1207,01-Oct-19,2019-10-01,6,5-9 yrs,Production Technician I,WBL,Active,Contract,ZONE B,Full-Time,Production,Wireline Construction,08-07-1956,1956-07-08,MA,Female,White,Divorced,Fully meets,3,06-08-2022,2,Low,1,2,07-Dec-22,2022-12-07,Communication Skills,Internal,Completed,1,5,682.36,63,60+,0,0
1208,17-Aug-19,2019-08-17,6,5-9 yrs,Production Manager,NEL,Active,Contract,ZONE A,Part-Time,Production,Wireline Construction,30-12-1979,1979-12-30,MA,Female,Black,Single,Fully meets,3,18-08-2022,5,High,1,5,20-Sep-22,2022-09-20,Leadership Development,Internal,Passed,1,3,492.39,40,40-49,0,0
1209,31-May-23,2023-05-31,3,2-4 yrs,Production Manager,PL,Active,Part-Time,ZONE A,Part-Time,Production,Wireline Construction,04-06-1999,1999-06-04,MA,Female,Other,Married,Fully meets,3,28-05-2023,1,Low,3,1,18-Jun-23,2023-06-18,Communication Skills,External,Failed,0,2,197.78,24,Under 30,0,0
1211,05-Nov-18,2018-11-05,7,5-9 yrs,Production Technician II,CCDR,Terminated,Part-Time,ZONE B,Part-Time,Production,Field Operations,11-12-1981,1981-12-11,MA,Male,Other,Widowed,Fully meets,3,16-03-2023,3,Medium,3,1,30-Jul-23,2023-07-30,Leadership Development,External,Passed,1,3,557.34,37,30-39,0,0
1212,26-Aug-20,2020-08-26,5,5-9 yrs,Production Technician II,EW,Terminated,Contract,ZONE C,Full-Time,Production,Engineers,27-08-1983,1983-08-27,MA,Female,Hispanic,Single,Fully meets,3,31-01-2023,4,High,5,4,03-May-23,2023-05-03,Project Management,Internal,Failed,0,5,817.92,37,30-39,0,0
1213,23-Feb-20,2020-02-23,6,5-9 yrs,Production Technician II,MSC,Active,Part-Time,ZONE A,Part-Time,Production,Project Management - Con,22-03-1987,1987-03-22,MA,Female,White,Married,Fully meets,3,28-09-2022,1,Low,2,4,15-Feb-23,2023-02-15,Project Management,External,Failed,0,4,485.39,33,30-39,0,0
1214,12-Feb-22,2022-02-12,4,2-4 yrs,Production Technician II,NEL,Active,Full-Time,ZONE B,Full-Time,Production,Splicing,19-09-1967,1967-09-19,MA,Female,Asian,Divorced,Fully meets,3,02-06-2023,1,Low,5,3,02-Apr-23,2023-04-02,Customer Service,Internal,Completed,1,3,145.13,55,50-59,0,0
1215,13-Feb-20,2020-02-13,6,5-9 yrs,Production Technician II,PL,Active,Contract,ZONE C,Temporary,Production,Aerial,18-07-1983,1983-07-18,MA,Female,Asian,Widowed,Fully meets,3,25-10-2022,2,Low,1,5,13-Sep-22,2022-09-13,Communication Skills,External,Passed,1,4,751.88,37,30-39,0,0
1216,15-Feb-23,2023-02-15,3,2-4 yrs,Production Technician I,PYZ,Terminated,Part-Time,ZONE B,Part-Time,Production,General - Con,19-06-1986,1986-06-19,MA,Female,Black,Single,Fully meets,3,09-09-2022,4,High,1,1,16-Jul-23,2023-07-16,Leadership Development,External,Incomplete,0,1,136.48,37,30-39,0,0
1217,03-Dec-19,2019-12-03,6,5-9 yrs,Production Technician I,SVG,Terminated,Full-Time,ZONE B,Part-Time,Production,Wireline Construction,17-07-1960,1960-07-17,MA,Male,Asian,Single,Fully meets,3,23-08-2022,5,High,5,1,17-Apr-23,2023-04-17,Customer Service,External,Completed,1,1,857.42,59,50-59,0,0
1218,31-Dec-18,2018-12-31,7,5-9 yrs,Production Technician I,WBL,Active,Full-Time,ZONE B,Temporary,Production,General - Con,15-10-1974,1974-10-15,MA,Female,Black,Married,Fully meets,3,27-02-2023,2,Low,3,1,30-Jan-23,2023-01-30,Leadership Development,Internal,Failed,0,3,733.16,44,40-49,0,0
1219,16-Jan-20,2020-01-16,6,5-9 yrs,Production Technician I,BPC,Terminated,Part-Time,ZONE B,Part-Time,Production,Engineers,09-02-1974,1974-02-09,MA,Female,Hispanic,Married,Fully meets,3,17-07-2023,2,Low,2,2,15-Sep-22,2022-09-15,Communication Skills,External,Failed,0,5,761.31,46,40-49,0,0
1220,20-Nov-18,2018-11-20,7,5-9 yrs,Production Technician I,CCDR,Terminated,Full-Time,ZONE C,Temporary,Production,Executive,31-12-1949,1949-12-31,MA,Female,Asian,Single,Fully meets,3,08-05-2023,5,High,2,4,29-Jun-23,2023-06-29,Leadership Development,External,Passed,1,1,920.41,69,60+,0,0
1221,11-Nov-22,2022-11-11,3,2-4 yrs,Production Technician I,EW,Terminated,Part-Time,ZONE A,Part-Time,Production,Yard (Material Handling),09-04-1967,1967-04-09,MA,Female,Asian,Single,Fully meets,3,17-08-2022,5,High,5,3,25-Aug-22,2022-08-25,Customer Service,Internal,Passed,1,4,167.69,55,50-59,0,1
1223,26-Jan-21,2021-01-26,5,5-9 yrs,Production Technician I,NEL,Active,Full-Time,ZONE C,Temporary,Production,Engineers,15-01-1996,1996-01-15,MA,Female,Asian,Widowed,Fully meets,3,07-05-2023,4,High,1,4,30-Aug-22,2022-08-30,Project Management,External,Completed,1,1,474.36,25,Under 30,0,0
1224,26-Nov-21,2021-11-26,4,2-4 yrs,Production Technician I,PL,Terminated,Part-Time,ZONE B,Part-Time,Production,Wireline Construction,27-09-1964,1964-09-27,MA,Male,Hispanic,Married,Fully meets,3,20-05-2023,4,High,2,3,18-Mar-23,2023-03-18,Project Management,Internal,Incomplete,0,5,598.72,57,50-59,0,0
1225,15-May-23,2023-05-15,3,2-4 yrs,Production Technician I,PYZ,Active,Contract,ZONE C,Part-Time,Production,Finance & Accounting,14-01-1957,1957-01-14,MA,Male,Asian,Married,Fully meets,3,05-11-2022,1,Low,2,4,14-Aug-22,2022-08-14,Customer Service,Internal,Completed,1,5,557.02,66,60+,0,1
1226,20-Jun-23,2023-06-20,2,2-4 yrs,Production Technician I,SVG,Active,Full-Time,ZONE A,Full-Time,Production,Field Operations,16-04-1967,1967-04-16,MA,Male,Other,Divorced,Fully meets,3,04-04-2023,4,High,5,4,20-May-23,2023-05-20,Customer Service,Internal,Completed,1,3,939.92,56,50-59,0,1
1227,22-Aug-19,2019-08-22,6,5-9 yrs,Production Technician I,TNS,Active,Part-Time,ZONE C,Part-Time,Production,Billable Consultants,21-03-1987,1987-03-21,MA,Female,Other,Divorced,Fully meets,3,12-12-2022,1,Low,2,2,15-May-23,2023-05-15,Communication Skills,External,Failed,0,3,669.19,32,30-39,0,0
1228,30-Aug-21,2021-08-30,4,2-4 yrs,Production Technician I,WBL,Active,Contract,ZONE B,Full-Time,Production,Fielders,02-12-1994,1994-12-02,MA,Female,Other,Widowed,Fully meets,3,21-01-2023,2,Low,5,3,05-Oct-22,2022-10-05,Technical Skills,Internal,Failed,0,5,525.69,27,Under 30,0,0
1229,27-Jan-20,2020-01-27,6,5-9 yrs,Production Technician I,BPC,Active,Part-Time,ZONE B,Part-Time,Production,Field Operations,31-12-1952,1952-12-31,MA,Female,Black,Single,Fully meets,3,20-05-2023,4,High,2,5,11-Jan-23,2023-01-11,Customer Service,External,Failed,0,1,173.66,68,60+,0,0
1230,04-Mar-22,2022-03-04,4,2-4 yrs,Production Technician I,CCDR,Active,Contract,ZONE C,Temporary,Production,Wireline Construction,18-09-1974,1974-09-18,MA,Female,Hispanic,Widowed,Fully meets,3,30-11-2022,5,High,4,4,30-Apr-23,2023-04-30,Communication Skills,External,Completed,1,1,635.71,48,40-49,0,0
1231,07-Mar-20,2020-03-07,6,5-9 yrs,Production Manager,EW,Active,Contract,ZONE B,Temporary,Production,Wireless,03-10-1994,1994-10-03,MA,Female,Black,Married,Fully meets,3,13-03-2023,2,Low,2,1,06-Aug-22,2022-08-06,Project Management,External,Passed,1,1,896.8,26,Under 30,0,0
1233,23-Jul-22,2022-07-23,3,2-4 yrs,Production Technician II,WBL,Active,Full-Time,ZONE A,Part-Time,Production,Wireline Construction,07-05-1992,1992-05-07,MA,Male,Other,Divorced,Fully meets,3,01-05-2023,5,High,5,3,29-Nov-22,2022-11-29,Customer Service,Internal,Failed,0,3,460.59,30,30-39,0,0
1235,14-Apr-20,2020-04-14,6,5-9 yrs,Production Technician II,PL,Active,Full-Time,ZONE B,Full-Time,Production,General - Con,17-05-1998,1998-05-17,MA,Female,Other,Widowed,Fully meets,3,23-03-2023,5,High,5,3,10-Apr-23,2023-04-10,Project Management,Internal,Failed,0,3,737.91,22,Under 30,0,0
1237,23-Mar-21,2021-03-23,5,5-9 yrs,Production Technician II,CCDR,Terminated,Part-Time,ZONE A,Part-Time,Production,Yard (Material Handling),17-12-1975,1975-12-17,MA,Female,Black,Divorced,Fully meets,3,11-07-2023,4,High,3,1,11-Nov-22,2022-11-11,Leadership Development,External,Passed,1,2,762.82,46,40-49,0,0
1238,27-Oct-20,2020-10-27,5,5-9 yrs,Production Technician I,SVG,Terminated,Part-Time,ZONE B,Part-Time,Production,Engineers,12-09-1968,1968-09-12,MA,Female,Other,Single,Fully meets,3,29-12-2022,1,Low,3,3,14-Nov-22,2022-11-14,Leadership Development,Internal,Incomplete,0,2,640.14,52,50-59,0,0
1239,11-Jun-22,2022-06-11,3,2-4 yrs,Production Technician I,TNS,Terminated,Part-Time,ZONE C,Temporary,Production,Splicing,09-07-2001,2001-07-09,MA,Female,Hispanic,Single,Fully meets,3,07-10-2022,4,High,5,5,28-Apr-23,2023-04-28,Project Management,Internal,Incomplete,0,3,726.03,21,Under 30,0,0
1240,19-Mar-20,2020-03-19,6,5-9 yrs,Production Technician I,PYZ,Active,Contract,ZONE B,Temporary,Production,Isp,11-04-1985,1985-04-11,MA,Female,Asian,Single,Fully meets,3,02-08-2023,1,Low,4,3,04-Jan-23,2023-01-04,Communication Skills,External,Passed,1,5,758.75,35,30-39,0,0
1241,07-Nov-19,2019-11-07,6,5-9 yrs,Production Technician I,WBL,Terminated,Contract,ZONE B,Full-Time,Production,Field Operations,13-03-1992,1992-03-13,MA,Female,Black,Married,Fully meets,3,16-01-2023,4,High,4,3,01-Feb-23,2023-02-01,Project Management,External,Failed,0,5,878.94,27,Under 30,0,0
1242,24-Apr-23,2023-04-24,3,2-4 yrs,Production Technician I,NEL,Active,Full-Time,ZONE C,Part-Time,Production,Wireline Construction,18-03-1959,1959-03-18,MA,Female,White,Married,Fully meets,3,28-07-2023,4,High,4,1,14-Mar-23,2023-03-14,Project Management,External,Passed,1,3,227.9,64,60+,0,1
1243,04-Jun-20,2020-06-04,5,5-9 yrs,Production Technician I,PL,Active,Contract,ZONE A,Temporary,Production,General - Con,07-03-1979,1979-03-07,MA,Female,White,Widowed,Fully meets,3,04-05-2023,5,High,2,3,05-Feb-23,2023-02-05,Communication Skills,Internal,Incomplete,0,3,855.27,41,40-49,0,0
1244,23-May-22,2022-05-23,4,2-4 yrs,Production Technician I,BPC,Active,Part-Time,ZONE A,Full-Time,Production,Isp,11-02-1954,1954-02-11,MA,Male,Asian,Married,Fully meets,3,17-08-2022,2,Low,3,5,18-Feb-23,2023-02-18,Technical Skills,External,Incomplete,0,5,170.62,68,60+,0,0
1245,17-May-19,2019-05-17,7,5-9 yrs,Production Technician I,CCDR,Active,Full-Time,ZONE B,Temporary,Production,Engineers,03-02-1961,1961-02-03,MA,Male,White,Widowed,Fully meets,3,23-09-2022,3,Medium,5,5,29-Jun-23,2023-06-29,Communication Skills,Internal,Incomplete,0,4,392.14,58,50-59,0,0
1247,04-Mar-19,2019-03-04,7,5-9 yrs,Production Technician I,EW,Active,Part-Time,ZONE C,Part-Time,Production,Wireless,26-03-1972,1972-03-26,MA,Female,Other,Single,Fully meets,3,13-11-2022,2,Low,4,5,09-Dec-22,2022-12-09,Customer Service,External,Completed,1,5,307.13,47,40-49,0,0
1248,29-Mar-21,2021-03-29,5,5-9 yrs,Production Technician I,MSC,Active,Part-Time,ZONE B,Full-Time,Production,Underground,09-09-1988,1988-09-09,MA,Female,White,Divorced,Fully meets,3,05-12-2022,5,High,3,2,24-Aug-22,2022-08-24,Communication Skills,Internal,Passed,1,4,165.05,33,30-39,0,0
1249,07-Jul-19,2019-07-07,6,5-9 yrs,Production Technician I,TNS,Active,Full-Time,ZONE A,Part-Time,Production,Field Operations,30-11-1996,1996-11-30,MA,Female,Asian,Divorced,Fully meets,3,22-12-2022,2,Low,4,2,15-Aug-22,2022-08-15,Communication Skills,Internal,Completed,1,4,371.27,23,Under 30,0,0
1250,06-Sep-18,2018-09-06,7,5-9 yrs,Production Technician I,BPC,Active,Contract,ZONE B,Full-Time,Production,General - Sga,08-12-1990,1990-12-08,MA,Female,Black,Widowed,Fully meets,3,26-04-2023,4,High,5,1,28-Apr-23,2023-04-28,Communication Skills,External,Incomplete,0,3,366.78,28,Under 30,0,0
1252,11-Mar-22,2022-03-11,4,2-4 yrs,Production Manager,EW,Active,Part-Time,ZONE A,Temporary,Production,Project Management - Con,21-02-1982,1982-02-21,MA,Female,Asian,Divorced,Fully meets,3,10-06-2023,2,Low,3,2,20-Nov-22,2022-11-20,Leadership Development,Internal,Completed,1,1,314.51,40,40-49,0,0
1253,13-Jul-20,2020-07-13,5,5-9 yrs,Production Manager,MSC,Active,Part-Time,ZONE A,Part-Time,Production,Project Management - Con,15-05-1971,1971-05-15,MA,Female,Asian,Divorced,Fully meets,3,10-01-2023,2,Low,4,2,03-Jun-23,2023-06-03,Customer Service,Internal,Completed,1,2,793.86,49,40-49,0,0
1255,30-Sep-19,2019-09-30,6,5-9 yrs,Production Technician II,NEL,Terminated,Full-Time,ZONE A,Temporary,Production,General - Con,24-11-1984,1984-11-24,MA,Female,Black,Married,Fully meets,3,03-11-2022,3,Medium,1,1,23-Oct-22,2022-10-23,Customer Service,External,Passed,1,2,693.25,35,30-39,0,0
1256,08-Jan-20,2020-01-08,6,5-9 yrs,Production Technician II,PL,Active,Contract,ZONE A,Temporary,Production,Wireline Construction,14-08-1991,1991-08-14,MA,Female,White,Widowed,Fully meets,3,24-10-2022,4,High,4,2,26-May-23,2023-05-26,Project Management,Internal,Completed,1,4,926.76,29,Under 30,0,0
1257,16-Oct-21,2021-10-16,4,2-4 yrs,Production Technician II,BPC,Active,Full-Time,ZONE B,Temporary,Production,Engineers,07-11-1978,1978-11-07,MA,Female,Asian,Divorced,Fully meets,3,19-07-2023,2,Low,1,1,23-May-23,2023-05-23,Technical Skills,Internal,Failed,0,1,694.61,43,40-49,0,0
1258,29-Jun-22,2022-06-29,3,2-4 yrs,Production Technician II,CCDR,Active,Full-Time,ZONE C,Temporary,Production,Aerial,16-10-1977,1977-10-16,MA,Female,Other,Widowed,Fully meets,3,16-04-2023,3,Medium,5,4,30-Jun-23,2023-06-30,Project Management,Internal,Incomplete,0,1,732.02,45,40-49,0,0
1259,01-May-22,2022-05-01,4,2-4 yrs,Production Technician I,SVG,Terminated,Full-Time,ZONE A,Temporary,Production,General - Con,14-07-1956,1956-07-14,MA,Male,White,Single,Fully meets,3,17-10-2022,1,Low,3,4,04-Jan-23,2023-01-04,Leadership Development,Internal,Completed,1,1,897.62,66,60+,0,0
1260,16-Aug-18,2018-08-16,7,5-9 yrs,Production Technician I,TNS,Active,Full-Time,ZONE B,Part-Time,Production,Project Management - Con,18-06-1957,1957-06-18,MA,Female,Asian,Married,Fully meets,3,21-02-2023,5,High,2,5,21-Nov-22,2022-11-21,Leadership Development,Internal,Completed,1,2,786.57,61,60+,0,0
1261,27-Dec-19,2019-12-27,6,5-9 yrs,Production Technician I,PYZ,Active,Part-Time,ZONE C,Temporary,Production,Field Operations,27-09-1959,1959-09-27,MA,Female,Hispanic,Married,Fully meets,3,13-07-2023,2,Low,5,4,26-Jul-23,2023-07-26,Project Management,External,Incomplete,0,3,613.93,60,60+,0,0
1262,01-Jul-21,2021-07-01,4,2-4 yrs,Production Technician I,WBL,Terminated,Part-Time,ZONE A,Full-Time,Production,Engineers,16-03-1977,1977-03-16,MA,Female,Hispanic,Widowed,Fully meets,3,16-12-2022,3,Medium,4,1,17-Jan-23,2023-01-17,Communication Skills,Internal,Passed,1,2,711.8,44,40-49,0,0
1264,15-Feb-19,2019-02-15,7,5-9 yrs,Production Technician I,PL,Active,Full-Time,ZONE C,Full-Time,Production,Field Operations,23-10-1998,1998-10-23,MA,Female,Hispanic,Married,Fully meets,3,21-04-2023,3,Medium,5,4,16-May-23,2023-05-16,Customer Service,Internal,Failed,0,5,509.67,21,Under 30,0,0
1265,17-Jan-22,2022-01-17,4,2-4 yrs,Production Technician I,BPC,Terminated,Part-Time,ZONE C,Full-Time,Production,Field Operations,28-05-1976,1976-05-28,MA,Male,Black,Widowed,Fully meets,3,28-06-2023,4,High,2,5,15-Jun-23,2023-06-15,Leadership Development,Internal,Incomplete,0,4,494.96,46,40-49,0,0
1266,14-Nov-21,2021-11-14,4,2-4 yrs,Production Technician I,CCDR,Terminated,Full-Time,ZONE A,Full-Time,Production,Project Management - Con,04-04-1971,1971-04-04,MA,Male,Hispanic,Divorced,Fully meets,3,29-03-2023,1,Low,3,1,30-Mar-23,2023-03-30,Project Management,Internal,Incomplete,0,5,465.72,50,50-59,0,0
1267,14-Nov-20,2020-11-14,5,5-9 yrs,Production Technician I,SVG,Active,Part-Time,ZONE C,Full-Time,Production,General - Con,11-09-1971,1971-09-11,MA,Female,White,Divorced,Fully meets,3,25-04-2023,4,High,1,5,27-Feb-23,2023-02-27,Technical Skills,Internal,Failed,0,1,507.43,49,40-49,0,0
1268,25-Feb-23,2023-02-25,3,2-4 yrs,Production Technician I,EW,Active,Part-Time,ZONE A,Part-Time,Production,General - Con,26-12-1961,1961-12-26,MA,Female,Other,Single,Fully meets,3,18-04-2023,2,Low,1,2,25-May-23,2023-05-25,Project Management,External,Passed,1,5,401.97,62,60+,0,0
1269,23-Aug-22,2022-08-23,3,2-4 yrs,Production Technician I,MSC,Active,Contract,ZONE A,Full-Time,Production,Yard (Material Handling),28-04-1965,1965-04-28,MA,Female,Black,Divorced,Fully meets,3,19-09-2022,1,Low,2,4,23-Dec-22,2022-12-23,Customer Service,External,Passed,1,4,813.9,57,50-59,0,0
1270,01-May-19,2019-05-01,7,5-9 yrs,Production Technician I,TNS,Active,Part-Time,ZONE C,Full-Time,Production,Field Operations,17-10-1967,1967-10-17,MA,Female,Hispanic,Married,Fully meets,3,16-03-2023,5,High,5,1,21-Aug-22,2022-08-21,Leadership Development,External,Completed,1,2,360.02,52,50-59,0,0
1271,26-Apr-20,2020-04-26,6,5-9 yrs,Production Technician I,PYZ,Active,Full-Time,ZONE A,Part-Time,Production,General - Sga,16-11-1951,1951-11-16,MA,Female,Asian,Widowed,Fully meets,3,13-01-2023,3,Medium,1,5,15-Feb-23,2023-02-15,Customer Service,Internal,Completed,1,3,692.71,69,60+,0,0
1272,08-Feb-21,2021-02-08,5,5-9 yrs,Production Technician I,WBL,Active,Full-Time,ZONE C,Temporary,Production,General - Eng,27-05-1971,1971-05-27,MA,Female,Black,Single,Fully meets,3,31-10-2022,4,High,2,3,24-Feb-23,2023-02-24,Technical Skills,Internal,Failed,0,3,233.12,50,50-59,0,0
1273,29-Oct-20,2020-10-29,5,5-9 yrs,Production Manager,NEL,Active,Contract,ZONE A,Part-Time,Production,General - Sga,14-03-1957,1957-03-14,MA,Female,Asian,Single,Fully meets,3,26-02-2023,1,Low,4,2,24-May-23,2023-05-24,Technical Skills,External,Incomplete,0,1,881.48,63,60+,0,0
1274,22-Nov-22,2022-11-22,3,2-4 yrs,Production Manager,PL,Active,Contract,ZONE A,Full-Time,Production,Engineers,06-11-1975,1975-11-06,MA,Female,Black,Single,Fully meets,3,19-03-2023,2,Low,1,5,22-May-23,2023-05-22,Project Management,Internal,Passed,1,2,448.48,47,40-49,0,0
1275,11-Oct-22,2022-10-11,3,2-4 yrs,Production Technician II,CCDR,Active,Full-Time,ZONE B,Part-Time,Production,Aerial,19-06-1982,1982-06-19,MA,Female,Other,Single,Fully meets,3,19-08-2022,2,Low,5,3,13-Jun-23,2023-06-13,Communication Skills,External,Incomplete,0,3,288.88,40,40-49,0,0
1276,28-Dec-19,2019-12-28,6,5-9 yrs,Production Technician II,EW,Active,Full-Time,ZONE A,Full-Time,Production,General - Sga,21-04-1978,1978-04-21,MA,Female,White,Married,Fully meets,3,01-06-2023,1,Low,4,5,15-Jul-23,2023-07-15,Communication Skills,Internal,Failed,0,1,572.45,41,40-49,0,0
1277,11-Apr-19,2019-04-11,7,5-9 yrs,Production Technician II,MSC,Active,Full-Time,ZONE C,Part-Time,Production,Splicing,10-05-1984,1984-05-10,MA,Female,Other,Single,Fully meets,3,01-08-2023,4,High,3,3,27-Mar-23,2023-03-27,Communication Skills,Internal,Passed,1,3,141.38,35,30-39,0,0
1278,26-Oct-20,2020-10-26,5,5-9 yrs,Production Technician II,NEL,Active,Full-Time,ZONE A,Part-Time,Production,Field Operations,13-08-1955,1955-08-13,MA,Female,White,Divorced,Fully meets,3,28-05-2023,2,Low,4,5,04-Feb-23,2023-02-04,Technical Skills,Internal,Incomplete,0,1,331.46,65,60+,0,0
1279,09-Jul-21,2021-07-09,4,2-4 yrs,Production Technician II,PL,Terminated,Part-Time,ZONE B,Full-Time,Production,Field Operations,16-07-1994,1994-07-16,MA,Female,White,Married,Fully meets,3,11-10-2022,3,Medium,3,5,23-Nov-22,2022-11-23,Technical Skills,Internal,Incomplete,0,4,704.93,27,Under 30,0,0
1281,07-Aug-20,2020-08-07,5,5-9 yrs,Production Technician I,TNS,Terminated,Part-Time,ZONE A,Part-Time,Production,Finance & Accounting,19-12-1968,1968-12-19,MA,Female,White,Widowed,Fully meets,3,31-05-2023,4,High,2,1,31-Jan-23,2023-01-31,Project Management,External,Completed,1,3,775.97,52,50-59,0,0
1282,10-Apr-21,2021-04-10,5,5-9 yrs,Production Technician I,BPC,Terminated,Part-Time,ZONE A,Temporary,Production,Catv,28-12-1980,1980-12-28,MA,Female,Black,Widowed,Fully meets,3,04-10-2022,3,Medium,3,1,20-Feb-23,2023-02-20,Leadership Development,External,Passed,1,4,376.0,41,40-49,0,0
1283,11-Jan-21,2021-01-11,5,5-9 yrs,Production Technician I,CCDR,Active,Full-Time,ZONE C,Full-Time,Production,General - Eng,18-02-2000,2000-02-18,MA,Female,Asian,Married,Fully meets,3,19-11-2022,2,Low,1,2,17-Jan-23,2023-01-17,Customer Service,External,Failed,0,2,106.54,21,Under 30,0,0
1284,08-Dec-19,2019-12-08,6,5-9 yrs,Production Technician I,EW,Active,Contract,ZONE B,Full-Time,Production,General - Eng,28-01-1985,1985-01-28,MA,Female,Other,Married,Fully meets,3,24-11-2022,5,High,1,5,10-Nov-22,2022-11-10,Communication Skills,External,Completed,1,1,852.87,34,30-39,0,0
1285,26-Sep-21,2021-09-26,4,2-4 yrs,Production Technician I,MSC,Active,Part-Time,ZONE C,Full-Time,Production,General - Eng,21-07-1994,1994-07-21,MA,Male,Hispanic,Widowed,Fully meets,3,05-07-2023,3,Medium,2,2,08-Nov-22,2022-11-08,Project Management,External,Completed,1,4,469.03,27,Under 30,0,0
1286,09-Sep-21,2021-09-09,4,2-4 yrs,Production Technician I,NEL,Terminated,Full-Time,ZONE B,Temporary,Production,Field Operations,25-05-1999,1999-05-25,MA,Male,Asian,Divorced,Fully meets,3,13-04-2023,1,Low,5,1,28-May-23,2023-05-28,Customer Service,Internal,Incomplete,0,2,274.85,22,Under 30,0,0
1288,11-Jan-22,2022-01-11,4,2-4 yrs,Production Technician I,PYZ,Active,Full-Time,ZONE C,Part-Time,Production,Aerial,29-05-1998,1998-05-29,MA,Female,Hispanic,Single,Fully meets,3,15-07-2023,2,Low,4,5,13-May-23,2023-05-13,Technical Skills,External,Incomplete,0,5,948.31,24,Under 30,0,0
1290,13-Apr-21,2021-04-13,5,5-9 yrs,Production Technician I,TNS,Active,Full-Time,ZONE A,Full-Time,Production,General - Sga,14-05-1996,1996-05-14,MA,Female,White,Married,Fully meets,3,12-04-2023,5,High,4,2,14-May-23,2023-05-14,Leadership Development,External,Completed,1,4,140.72,25,Under 30,0,0
1291,17-Jun-23,2023-06-17,2,2-4 yrs,Production Technician I,WBL,Active,Contract,ZONE B,Temporary,Production,Engineers,12-03-1988,1988-03-12,MA,Female,Black,Divorced,Fully meets,3,24-05-2023,5,High,4,5,12-Sep-22,2022-09-12,Technical Skills,Internal,Passed,1,3,913.62,35,30-39,0,1
1293,01-Jun-21,2021-06-01,5,5-9 yrs,Production Technician I,CCDR,Active,Contract,ZONE B,Full-Time,Production,Wireline Construction,21-10-1993,1993-10-21,MA,Female,Asian,Single,Fully meets,3,15-03-2023,2,Low,3,2,12-Mar-23,2023-03-12,Project Management,Internal,Passed,1,2,668.77,28,Under 30,0,0
1294,07-Apr-23,2023-04-07,3,2-4 yrs,Production Manager,EW,Active,Part-Time,ZONE B,Part-Time,Production,Wireline Construction,28-09-1970,1970-09-28,MA,Female,Hispanic,Single,Fully meets,3,03-08-2023,5,High,4,2,15-Aug-22,2022-08-15,Technical Skills,Internal,Passed,1,3,906.05,53,50-59,0,1
1295,13-Jun-21,2021-06-13,4,2-4 yrs,Production Technician II,PYZ,Active,Full-Time,ZONE A,Full-Time,Production,General - Con,24-10-1970,1970-10-24,MA,Female,Other,Married,Fully meets,3,18-02-2023,3,Medium,3,3,03-Jan-23,2023-01-03,Communication Skills,Internal,Incomplete,0,5,689.77,51,50-59,0,0
1296,13-Mar-19,2019-03-13,7,5-9 yrs,Production Technician II,WBL,Terminated,Full-Time,ZONE B,Part-Time,Production,Field Operations,27-01-1985,1985-01-27,MA,Female,Asian,Widowed,Fully meets,3,07-02-2023,1,Low,1,5,05-Mar-23,2023-03-05,Communication Skills,External,Passed,1,2,694.27,34,30-39,0,0
1297,24-May-19,2019-05-24,7,5-9 yrs,Production Technician II,NEL,Terminated,Part-Time,ZONE A,Temporary,Production,Isp,08-08-1968,1968-08-08,MA,Female,Other,Married,Fully meets,3,10-08-2022,2,Low,4,4,14-Jun-23,2023-06-14,Project Management,External,Passed,1,3,352.75,51,50-59,0,0
1298,25-Feb-23,2023-02-25,3,2-4 yrs,Production Technician II,PL,Active,Part-Time,ZONE B,Temporary,Production,General - Con,10-03-1983,1983-03-10,MA,Female,Black,Married,Fully meets,3,06-12-2022,1,Low,2,1,16-May-23,2023-05-16,Project Management,Internal,Passed,1,3,411.17,40,40-49,0,0
1299,24-Mar-20,2020-03-24,6,5-9 yrs,Production Technician II,BPC,Active,Contract,ZONE B,Full-Time,Production,Aerial,10-10-1953,1953-10-10,MA,Female,Asian,Widowed,Fully meets,3,02-07-2023,1,Low,2,2,21-Jan-23,2023-01-21,Project Management,External,Completed,1,3,358.81,67,60+,0,0
1300,12-Jun-21,2021-06-12,4,2-4 yrs,Production Technician II,CCDR,Active,Contract,ZONE B,Temporary,Production,Field Operations,05-09-1967,1967-09-05,MA,Female,Black,Married,Fully meets,3,07-10-2022,1,Low,3,1,29-Apr-23,2023-04-29,Technical Skills,Internal,Passed,1,4,588.64,54,50-59,0,0
1301,22-Mar-19,2019-03-22,7,5-9 yrs,Production Technician I,MSC,Terminated,Part-Time,ZONE B,Temporary,Production,Field Operations,28-03-1950,1950-03-28,MA,Female,Asian,Widowed,Fully meets,3,21-01-2023,1,Low,4,2,22-Sep-22,2022-09-22,Communication Skills,Internal,Incomplete,0,1,472.18,69,60+,0,0
1302,08-Mar-21,2021-03-08,5,5-9 yrs,Production Technician I,TNS,Terminated,Full-Time,ZONE A,Full-Time,Production,Field Operations,02-07-2000,2000-07-02,MA,Female,Other,Married,Fully meets,3,04-06-2023,1,Low,2,4,20-Aug-22,2022-08-20,Project Management,Internal,Passed,1,2,758.79,21,Under 30,0,0
1303,15-May-20,2020-05-15,6,5-9 yrs,Production Technician I,PYZ,Active,Contract,ZONE A,Full-Time,Production,Finance & Accounting,01-02-1957,1957-02-01,MA,Female,Hispanic,Single,Fully meets,3,01-01-2023,5,High,3,5,02-Jun-23,2023-06-02,Leadership Development,Internal,Failed,0,3,921.81,63,60+,0,0
1304,24-Jan-23,2023-01-24,3,2-4 yrs,Production Technician I,WBL,Active,Full-Time,ZONE B,Part-Time,Production,Safety,13-02-1996,1996-02-13,MA,Female,Asian,Widowed,Fully meets,3,11-04-2023,3,Medium,5,1,16-Jan-23,2023-01-16,Communication Skills,External,Completed,1,3,405.08,27,Under 30,0,1
1305,06-Jan-21,2021-01-06,5,5-9 yrs,Production Technician I,NEL,Terminated,Full-Time,ZONE B,Temporary,Production,Field Operations,14-11-1998,1998-11-14,MA,Male,White,Married,Fully meets,3,22-02-2023,2,Low,5,2,08-Jul-23,2023-07-08,Technical Skills,Internal,Failed,0,3,784.22,23,Under 30,0,0
1306,16-Apr-21,2021-04-16,5,5-9 yrs,Production Technician I,PL,Active,Part-Time,ZONE B,Part-Time,Production,Project Management - Con,07-08-1997,1997-08-07,MA,Male,Hispanic,Single,Fully meets,3,12-11-2022,1,Low,3,5,13-Jul-23,2023-07-13,Technical Skills,External,Failed,0,4,443.99,24,Under 30,0,0
1307,22-Sep-21,2021-09-22,4,2-4 yrs,Production Technician I,BPC,Terminated,Contract,ZONE A,Full-Time,Production,Engineers,24-02-1981,1981-02-24,MA,Male,Black,Married,Fully meets,3,18-11-2022,1,Low,5,1,16-Nov-22,2022-11-16,Technical Skills,Internal,Incomplete,0,3,609.9,40,40-49,0,0
1308,28-Jun-22,2022-06-28,3,2-4 yrs,Production Technician I,CCDR,Active,Full-Time,ZONE C,Full-Time,Production,Project Management - Con,03-10-1980,1980-10-03,MA,Female,Asian,Divorced,Fully meets,3,28-08-2022,4,High,5,2,10-Oct-22,2022-10-10,Leadership Development,External,Failed,0,5,742.16,42,40-49,0,0
1309,17-Aug-20,2020-08-17,5,5-9 yrs,Production Technician I,SVG,Active,Part-Time,ZONE C,Part-Time,Production,Field Operations,15-05-1980,1980-05-15,MA,Female,Other,Widowed,Fully meets,3,07-09-2022,1,Low,1,3,09-Sep-22,2022-09-09,Technical Skills,External,Failed,0,3,517.74,40,40-49,0,0
1310,03-Apr-23,2023-04-03,3,2-4 yrs,Production Technician I,EW,Active,Part-Time,ZONE B,Full-Time,Production,General - Con,11-02-1988,1988-02-11,MA,Female,Asian,Single,Fully meets,3,24-04-2023,3,Medium,4,3,16-Oct-22,2022-10-16,Project Management,Internal,Incomplete,0,4,350.59,35,30-39,0,1
1311,26-May-23,2023-05-26,3,2-4 yrs,Production Technician I,MSC,Active,Full-Time,ZONE C,Part-Time,Production,Engineers,22-02-1987,1987-02-22,MA,Male,Asian,Single,Fully meets,3,09-03-2023,5,High,2,3,17-Oct-22,2022-10-17,Leadership Development,Internal,Incomplete,0,1,546.94,36,30-39,0,1
1312,10-Apr-21,2021-04-10,5,5-9 yrs,Production Technician I,TNS,Active,Full-Time,ZONE B,Full-Time,Production,General - Eng,09-08-1997,1997-08-09,MA,Female,Black,Widowed,Fully meets,3,25-09-2022,2,Low,5,2,29-Apr-23,2023-04-29,Communication Skills,Internal,Completed,1,4,514.37,24,Under 30,0,0
1313,18-Apr-23,2023-04-18,3,2-4 yrs,Production Technician I,PYZ,Active,Contract,ZONE C,Part-Time,Production,Field Operations,04-12-1957,1957-12-04,MA,Female,Hispanic,Single,Fully meets,3,18-07-2023,5,High,4,1,25-Oct-22,2022-10-25,Leadership Development,Internal,Incomplete,0,5,786.98,66,60+,0,1
1314,13-Oct-21,2021-10-13,4,2-4 yrs,Production Technician I,WBL,Active,Contract,ZONE C,Full-Time,Production,General - Con,30-08-1996,1996-08-30,MA,Female,White,Divorced,Fully meets,3,28-03-2023,5,High,5,3,18-Mar-23,2023-03-18,Project Management,Internal,Passed,1,4,852.21,25,Under 30,0,0
1315,10-Oct-20,2020-10-10,5,5-9 yrs,Sr. Accountant,NEL,Active,Part-Time,ZONE A,Temporary,Admin offices,Splicing,21-12-1956,1956-12-21,MA,Female,Asian,Widowed,Fully meets,3,29-11-2022,5,High,1,1,29-Jul-23,2023-07-29,Communication Skills,External,Failed,0,4,761.63,64,60+,0,0
1316,20-Jan-19,2019-01-20,7,5-9 yrs,President & CEO,CCDR,Active,Part-Time,ZONE A,Full-Time,Executive office,Aerial,24-10-1955,1955-10-24,MA,Female,Asian,Single,Fully meets,3,20-07-2023,3,Medium,4,3,20-Apr-23,2023-04-20,Technical Skills,External,Passed,1,5,202.62,64,60+,0,0
1318,29-Jul-23,2023-07-29,2,2-4 yrs,Administrative Assistant,WBL,Active,Contract,ZONE B,Temporary,Admin offices,Field Operations,14-05-1984,1984-05-14,MA,Female,White,Divorced,Fully meets,3,21-05-2023,5,High,4,2,17-Oct-22,2022-10-17,Communication Skills,External,Completed,1,4,344.55,39,30-39,0,1
1319,24-Aug-19,2019-08-24,6,5-9 yrs,Accountant I,EW,Active,Part-Time,ZONE C,Temporary,Admin offices,Finance & Accounting,23-07-1964,1964-07-23,MA,Male,Asian,Married,Fully meets,3,14-06-2023,4,High,2,5,19-May-23,2023-05-19,Project Management,Internal,Failed,0,1,777.46,55,50-59,0,0
1320,25-Dec-18,2018-12-25,7,5-9 yrs,Administrative Assistant,WBL,Active,Part-Time,ZONE B,Full-Time,Admin offices,Wireline Construction,06-09-1983,1983-09-06,MA,Female,White,Widowed,Fully meets,3,12-01-2023,5,High,1,5,25-Aug-22,2022-08-25,Leadership Development,External,Completed,1,3,948.71,35,30-39,0,0
1321,27-May-21,2021-05-27,5,5-9 yrs,Accountant I,TNS,Active,Contract,ZONE A,Full-Time,Admin offices,Project Management - Con,16-03-1958,1958-03-16,MA,Male,Black,Single,Fully meets,3,30-04-2023,1,Low,5,5,19-Jan-23,2023-01-19,Customer Service,Internal,Passed,1,5,308.77,63,60+,0,0
1322,02-Feb-23,2023-02-02,3,2-4 yrs,Accountant I,TNS,Active,Full-Time,ZONE B,Full-Time,Admin offices,Executive,18-05-1985,1985-05-18,MA,Female,Hispanic,Widowed,Fully meets,3,17-01-2023,1,Low,5,2,24-Feb-23,2023-02-24,Customer Service,External,Incomplete,0,1,891.25,38,30-39,0,0
1323,06-Dec-22,2022-12-06,3,2-4 yrs,Administrative Assistant,PL,Active,Full-Time,ZONE B,Temporary,Admin offices,Aerial,19-03-1953,1953-03-19,MA,Female,Black,Divorced,Fully meets,3,02-05-2023,5,High,1,5,30-Mar-23,2023-03-30,Customer Service,Internal,Passed,1,2,659.9,69,60+,0,0
1324,23-Jul-21,2021-07-23,4,2-4 yrs,Accountant I,MSC,Active,Part-Time,ZONE A,Part-Time,Admin offices,General - Con,28-10-1986,1986-10-28,MA,Female,Hispanic,Single,Fully meets,3,16-11-2022,5,High,3,3,30-Sep-22,2022-09-30,Project Management,Internal,Failed,0,2,858.72,35,30-39,0,0
1325,16-Nov-19,2019-11-16,6,5-9 yrs,Accountant I,TNS,Active,Contract,ZONE B,Temporary,Admin offices,Engineers,02-05-1982,1982-05-02,MA,Female,Black,Divorced,Fully meets,3,17-12-2022,1,Low,5,3,28-Mar-23,2023-03-28,Project Management,External,Failed,0,5,380.24,37,30-39,0,0
1326,08-Mar-20,2020-03-08,6,5-9 yrs,Sr. Network Engineer,PYZ,Active,Full-Time,ZONE A,Temporary,Admin offices,General - Eng,17-11-1977,1977-11-17,MA,Male,White,Widowed,Fully meets,3,04-03-2023,5,High,3,1,01-May-23,2023-05-01,Leadership Development,External,Passed,1,5,505.4,43,40-49,0,0
1327,14-Jan-19,2019-01-14,7,5-9 yrs,Sr. Network Engineer,WBL,Active,Part-Time,ZONE B,Temporary,Admin offices,Engineers,20-02-1960,1960-02-20,MA,Male,White,Single,Fully meets,3,23-03-2023,5,High,3,4,02-Jul-23,2023-07-02,Leadership Development,Internal,Passed,1,3,609.01,59,50-59,0,0
1328,29-Feb-20,2020-02-29,6,5-9 yrs,Sr. Network Engineer,NEL,Active,Part-Time,ZONE C,Full-Time,It/is,Executive,24-12-1975,1975-12-24,MA,Male,Asian,Single,Fully meets,3,07-11-2022,1,Low,4,3,24-Mar-23,2023-03-24,Customer Service,Internal,Failed,0,3,656.38,45,40-49,0,0
1329,25-Nov-22,2022-11-25,3,2-4 yrs,Software Engineer,PL,Active,Contract,ZONE B,Part-Time,Software engineering,Field Operations,01-11-1958,1958-11-01,MA,Male,Black,Widowed,Fully meets,3,23-05-2023,3,Medium,2,5,11-Jun-23,2023-06-11,Project Management,External,Passed,1,5,692.63,64,60+,0,0
1330,15-Sep-22,2022-09-15,3,2-4 yrs,Accountant I,MSC,Active,Full-Time,ZONE A,Part-Time,Admin offices,General - Con,01-03-1990,1990-03-01,MA,Female,White,Divorced,Fully meets,3,25-09-2022,3,Medium,5,2,20-Nov-22,2022-11-20,Project Management,Internal,Incomplete,0,3,633.72,32,30-39,0,0
1333,14-Mar-22,2022-03-14,4,2-4 yrs,Sr. Network Engineer,WBL,Active,Part-Time,ZONE A,Part-Time,It/is,Field Operations,15-04-1978,1978-04-15,MA,Male,Black,Divorced,Fully meets,3,29-01-2023,3,Medium,4,5,01-Mar-23,2023-03-01,Customer Service,Internal,Passed,1,2,605.12,44,40-49,0,0
1334,01-Sep-20,2020-09-01,5,5-9 yrs,Sr. Network Engineer,NEL,Active,Full-Time,ZONE B,Part-Time,It/is,Underground,23-09-1952,1952-09-23,MA,Male,Other,Widowed,Fully meets,3,21-12-2022,1,Low,3,1,01-Apr-23,2023-04-01,Project Management,Internal,Failed,0,1,297.12,68,60+,0,0
1337,10-Aug-18,2018-08-10,7,5-9 yrs,Accountant I,WBL,Active,Full-Time,ZONE A,Temporary,Admin offices,General - Con,30-03-1953,1953-03-30,MA,Female,White,Single,Fully meets,3,01-11-2022,3,Medium,3,4,17-Jan-23,2023-01-17,Project Management,External,Failed,0,5,719.7,65,60+,0,0
1338,30-Sep-20,2020-09-30,5,5-9 yrs,Sr. Network Engineer,BPC,Active,Contract,ZONE C,Part-Time,Admin offices,Shop (Fleet),14-03-1988,1988-03-14,MA,Male,Other,Widowed,Fully meets,3,20-10-2022,1,Low,1,1,30-Oct-22,2022-10-30,Leadership Development,External,Incomplete,0,1,355.83,32,30-39,0,0
1339,01-Apr-21,2021-04-01,5,5-9 yrs,Sr. Network Engineer,CCDR,Active,Contract,ZONE B,Temporary,It/is,Wireline Construction,19-11-1981,1981-11-19,MA,Male,Hispanic,Widowed,Fully meets,3,02-12-2022,1,Low,3,2,24-Nov-22,2022-11-24,Customer Service,Internal,Incomplete,0,3,754.47,40,40-49,0,0
1341,03-Nov-21,2021-11-03,4,2-4 yrs,Software Engineering Manager,CCDR,Active,Part-Time,ZONE C,Full-Time,Software engineering,Engineers,22-02-1979,1979-02-22,MA,Female,Hispanic,Single,Fully meets,3,15-05-2023,1,Low,3,4,14-Feb-23,2023-02-14,Project Management,Internal,Passed,1,3,268.78,42,40-49,0,0
1342,22-Jun-19,2019-06-22,6,5-9 yrs,Accountant I,EW,Active,Full-Time,ZONE B,Part-Time,Admin offices,Aerial,30-06-1985,1985-06-30,MA,Female,Asian,Single,Fully meets,3,20-12-2022,3,Medium,2,2,28-Jan-23,2023-01-28,Project Management,Internal,Failed,0,4,930.72,34,30-39,0,0
1343,12-Nov-19,2019-11-12,6,5-9 yrs,Accountant I,MSC,Active,Contract,ZONE B,Temporary,Admin offices,Shop (Fleet),31-05-1958,1958-05-31,MA,Female,White,Married,Fully meets,3,07-09-2022,1,Low,2,3,02-Sep-22,2022-09-02,Customer Service,External,Completed,1,5,924.85,61,60+,0,0
1344,20-Sep-22,2022-09-20,3,2-4 yrs,Accountant I,TNS,Active,Part-Time,ZONE A,Part-Time,Admin offices,General - Con,21-12-1980,1980-12-21,MA,Male,White,Single,Fully meets,3,23-08-2022,1,Low,4,5,01-Nov-22,2022-11-01,Technical Skills,Internal,Incomplete,0,5,284.38,42,40-49,0,0
1345,27-Jan-23,2023-01-27,3,2-4 yrs,Sr. Network Engineer,PYZ,Active,Full-Time,ZONE A,Full-Time,Admin offices,Fielders,13-05-1978,1978-05-13,MA,Male,Other,Single,Fully meets,3,28-08-2022,2,Low,4,4,30-Nov-22,2022-11-30,Communication Skills,External,Passed,1,1,395.1,45,40-49,0,1
1347,04-Mar-22,2022-03-04,4,2-4 yrs,Sr. Network Engineer,NEL,Active,Part-Time,ZONE B,Full-Time,It/is,General - Con,21-03-1995,1995-03-21,MA,Male,Hispanic,Married,Fully meets,3,28-02-2023,4,High,3,1,22-Oct-22,2022-10-22,Communication Skills,Internal,Failed,0,5,792.72,27,Under 30,0,0
1350,04-Mar-22,2022-03-04,4,2-4 yrs,Accountant I,MSC,Active,Part-Time,ZONE B,Temporary,Admin offices,Field Operations,02-11-1968,1968-11-02,MA,Female,Black,Divorced,Fully meets,3,05-03-2023,3,Medium,4,5,29-Jan-23,2023-01-29,Leadership Development,Internal,Incomplete,0,2,610.06,54,50-59,0,0
1351,28-Mar-21,2021-03-28,5,5-9 yrs,Accountant I,TNS,Active,Contract,ZONE C,Part-Time,Admin offices,Field Operations,05-03-1998,1998-03-05,MA,Male,White,Divorced,Fully meets,3,18-01-2023,4,High,1,5,20-Dec-22,2022-12-20,Project Management,Internal,Passed,1,2,278.16,23,Under 30,0,0
1352,08-Aug-18,2018-08-08,7,5-9 yrs,Sr. Network Engineer,PYZ,Active,Contract,ZONE B,Full-Time,Admin offices,Field Operations,18-06-1974,1974-06-18,MA,Male,Other,Divorced,Fully meets,3,03-06-2023,4,High,2,1,01-Nov-22,2022-11-01,Communication Skills,External,Completed,1,4,218.93,44,40-49,0,0
1356,20-Mar-23,2023-03-20,3,2-4 yrs,Accountant I,EW,Active,Part-Time,ZONE A,Temporary,Admin offices,Engineers,12-06-1988,1988-06-12,MA,Female,Hispanic,Married,Fully meets,3,14-08-2022,1,Low,1,1,06-Apr-23,2023-04-06,Technical Skills,Internal,Incomplete,0,3,301.39,35,30-39,0,0
1357,07-Sep-18,2018-09-07,7,5-9 yrs,Accountant I,MSC,Active,Full-Time,ZONE C,Temporary,Admin offices,Engineers,04-07-1972,1972-07-04,MA,Male,Black,Divorced,Fully meets,3,30-01-2023,1,Low,4,3,26-May-23,2023-05-26,Project Management,External,Incomplete,0,3,231.65,46,40-49,0,0
1358,08-Nov-18,2018-11-08,7,5-9 yrs,Accountant I,TNS,Active,Part-Time,ZONE B,Full-Time,Admin offices,Field Operations,29-03-1996,1996-03-29,MA,Male,Black,Married,Fully meets,3,25-02-2023,1,Low,2,5,10-Aug-22,2022-08-10,Communication Skills,Internal,Completed,1,2,994.81,22,Under 30,0,0
1359,26-Jan-19,2019-01-26,7,5-9 yrs,Sr. Network Engineer,BPC,Active,Full-Time,ZONE A,Part-Time,Admin offices,Catv,19-03-1998,1998-03-19,MA,Male,Asian,Married,Fully meets,3,09-01-2023,4,High,5,1,14-Feb-23,2023-02-14,Customer Service,External,Incomplete,0,4,729.91,21,Under 30,0,0
1360,30-Aug-21,2021-08-30,4,2-4 yrs,Sr. Network Engineer,CCDR,Active,Contract,ZONE B,Full-Time,It/is,Field Operations,25-09-1964,1964-09-25,MA,Male,Asian,Divorced,Pip,3,31-03-2023,5,High,2,1,20-Sep-22,2022-09-20,Leadership Development,Internal,Passed,1,2,538.02,57,50-59,0,0
1362,10-Nov-19,2019-11-10,6,5-9 yrs,Administrative Assistant,SVG,Active,Full-Time,ZONE C,Part-Time,Admin offices,General - Con,11-10-1983,1983-10-11,MA,Female,Asian,Widowed,Exceeds,3,11-01-2023,5,High,2,5,29-Aug-22,2022-08-29,Customer Service,Internal,Passed,1,4,196.94,36,30-39,0,0
1363,28-Jul-23,2023-07-28,2,2-4 yrs,Accountant I,EW,Active,Full-Time,ZONE A,Full-Time,Admin offices,General - Con,21-04-1982,1982-04-21,MA,Female,Asian,Divorced,Pip,3,19-06-2023,5,High,2,2,15-Dec-22,2022-12-15,Project Management,Internal,Completed,1,2,285.83,41,40-49,0,1
1364,03-Apr-19,2019-04-03,7,5-9 yrs,Accountant I,MSC,Active,Contract,ZONE C,Temporary,Admin offices,Finance & Accounting,20-01-1973,1973-01-20,MA,Male,White,Divorced,Exceeds,3,03-05-2023,2,Low,2,4,28-Dec-22,2022-12-28,Project Management,External,Incomplete,0,4,818.6,46,40-49,0,0
1365,24-Jul-19,2019-07-24,6,5-9 yrs,Accountant I,TNS,Active,Contract,ZONE C,Part-Time,Admin offices,Field Operations,13-07-1982,1982-07-13,MA,Male,Hispanic,Widowed,Exceeds,3,08-10-2022,5,High,1,2,10-Apr-23,2023-04-10,Leadership Development,External,Incomplete,0,1,610.97,37,30-39,0,0
1367,06-Oct-20,2020-10-06,5,5-9 yrs,Sr. Network Engineer,WBL,Active,Part-Time,ZONE B,Temporary,It/is,Executive,12-08-1990,1990-08-12,MA,Female,White,Divorced,Exceeds,3,20-07-2023,1,Low,4,3,20-Sep-22,2022-09-20,Project Management,External,Incomplete,0,5,438.44,30,30-39,0,0
1368,04-Apr-20,2020-04-04,6,5-9 yrs,Sr. Accountant,PYZ,Active,Part-Time,ZONE C,Temporary,Admin offices,General - Sga,26-08-1993,1993-08-26,MA,Female,White,Widowed,Exceeds,3,04-10-2022,2,Low,2,2,19-Oct-22,2022-10-19,Project Management,Internal,Incomplete,0,4,271.9,27,Under 30,0,0
1369,26-Mar-21,2021-03-26,5,5-9 yrs,Administrative Assistant,CCDR,Active,Contract,ZONE C,Full-Time,Sales,Aerial,24-03-1974,1974-03-24,MA,Female,Black,Married,Exceeds,3,08-03-2023,2,Low,4,3,31-Jan-23,2023-01-31,Communication Skills,External,Incomplete,0,2,629.2,47,40-49,0,0
1370,19-May-22,2022-05-19,4,2-4 yrs,Administrative Assistant,SVG,Active,Part-Time,ZONE A,Temporary,Admin offices,General - Con,13-12-1992,1992-12-13,MA,Female,Black,Married,Exceeds,3,19-07-2023,1,Low,2,1,06-Sep-22,2022-09-06,Leadership Development,Internal,Incomplete,0,1,850.28,30,30-39,0,0
1371,28-Aug-21,2021-08-28,4,2-4 yrs,Accountant I,EW,Active,Contract,ZONE A,Part-Time,Admin offices,Field Operations,07-05-1957,1957-05-07,MA,Female,Black,Married,Exceeds,3,19-05-2023,1,Low,1,2,01-Oct-22,2022-10-01,Leadership Development,External,Passed,1,1,321.25,64,60+,0,0
1372,24-Nov-22,2022-11-24,3,2-4 yrs,Accountant I,MSC,Active,Contract,ZONE A,Full-Time,Admin offices,Aerial,19-08-1991,1991-08-19,MA,Male,White,Single,Exceeds,3,30-07-2023,3,Medium,1,4,03-Jun-23,2023-06-03,Customer Service,Internal,Passed,1,1,475.32,31,30-39,0,0
1373,12-Jan-22,2022-01-12,4,2-4 yrs,Accountant I,TNS,Active,Contract,ZONE A,Part-Time,Admin offices,Field Operations,20-04-1986,1986-04-20,MA,Male,Other,Divorced,Exceeds,3,12-06-2023,1,Low,2,5,08-Sep-22,2022-09-08,Leadership Development,External,Failed,0,4,847.2,36,30-39,0,0
1375,14-Jul-21,2021-07-14,4,2-4 yrs,Sr. Accountant,PYZ,Active,Contract,ZONE B,Full-Time,Admin offices,Technology / It,07-07-1999,1999-07-07,MA,Female,Asian,Divorced,Exceeds,3,28-09-2022,1,Low,3,2,25-Jun-23,2023-06-25,Technical Skills,External,Passed,1,3,880.9,22,Under 30,0,0
1376,03-Dec-19,2019-12-03,6,5-9 yrs,Administrative Assistant,CCDR,Active,Full-Time,ZONE B,Temporary,Sales,Field Operations,08-12-1958,1958-12-08,MA,Female,Other,Single,Exceeds,3,12-06-2023,4,High,3,5,02-Aug-23,2023-08-02,Customer Service,External,Completed,1,3,795.72,61,60+,0,0
1377,03-Mar-21,2021-03-03,5,5-9 yrs,Administrative Assistant,SVG,Active,Part-Time,ZONE A,Full-Time,Admin offices,General - Con,18-05-1968,1968-05-18,MA,Female,White,Divorced,Exceeds,3,05-03-2023,5,High,5,4,20-Jun-23,2023-06-20,Communication Skills,Internal,Completed,1,2,909.56,53,50-59,0,0
1378,13-Jun-22,2022-06-13,3,2-4 yrs,Accountant I,EW,Active,Full-Time,ZONE C,Part-Time,Admin offices,Fielders,06-03-1975,1975-03-06,MA,Female,White,Married,Pip,3,03-02-2023,1,Low,4,5,28-Jan-23,2023-01-28,Communication Skills,External,Failed,0,5,145.7,47,40-49,0,0
1379,23-Jan-23,2023-01-23,3,2-4 yrs,Accountant I,MSC,Active,Part-Time,ZONE A,Temporary,Admin offices,General - Sga,21-10-1984,1984-10-21,MA,Male,White,Widowed,Exceeds,3,28-02-2023,5,High,2,5,06-Mar-23,2023-03-06,Communication Skills,Internal,Passed,1,1,397.48,39,30-39,0,0
1380,06-Sep-20,2020-09-06,5,5-9 yrs,Accountant I,TNS,Active,Part-Time,ZONE A,Temporary,Admin offices,Field Operations,04-05-1953,1953-05-04,MA,Male,Hispanic,Single,Exceeds,3,27-12-2022,1,Low,1,2,26-May-23,2023-05-26,Communication Skills,External,Failed,0,3,326.7,67,60+,0,0
1381,17-Oct-22,2022-10-17,3,2-4 yrs,Sr. Network Engineer,PYZ,Active,Full-Time,ZONE A,Temporary,It/is,Aerial,01-11-2000,2000-11-01,MA,Female,Other,Single,Pip,3,10-07-2023,2,Low,2,1,20-Sep-22,2022-09-20,Leadership Development,Internal,Failed,0,4,718.16,22,Under 30,0,1
1382,07-Jun-19,2019-06-07,6,5-9 yrs,Sr. Accountant,TNS,Active,Full-Time,ZONE B,Part-Time,Admin offices,Field Operations,16-03-1968,1968-03-16,MA,Female,White,Widowed,Exceeds,3,30-11-2022,2,Low,1,1,21-Feb-23,2023-02-21,Communication Skills,Internal,Passed,1,5,162.46,51,50-59,0,0
1383,28-Jan-22,2022-01-28,4,2-4 yrs,Sr. Accountant,BPC,Active,Contract,ZONE C,Part-Time,Admin offices,General - Con,10-10-1994,1994-10-10,MA,Female,Hispanic,Divorced,Exceeds,3,02-09-2022,4,High,1,5,15-Jan-23,2023-01-15,Customer Service,Internal,Completed,1,3,924.64,28,Under 30,0,0
1384,01-Jul-20,2020-07-01,5,5-9 yrs,Administrative Assistant,CCDR,Active,Part-Time,ZONE B,Full-Time,Admin offices,Field Operations,12-03-1956,1956-03-12,MA,Female,Other,Single,Pip,3,05-05-2023,2,Low,3,4,04-Oct-22,2022-10-04,Leadership Development,Internal,Passed,1,4,628.48,64,60+,0,0
1385,30-May-20,2020-05-30,6,5-9 yrs,Administrative Assistant,SVG,Active,Full-Time,ZONE C,Part-Time,Admin offices,Field Operations,09-05-1966,1966-05-09,MA,Female,Hispanic,Divorced,Pip,3,11-09-2022,3,Medium,1,3,27-Jun-23,2023-06-27,Communication Skills,Internal,Passed,1,1,678.07,54,50-59,0,0
1386,05-Oct-19,2019-10-05,6,5-9 yrs,Accountant I,EW,Active,Contract,ZONE C,Full-Time,Admin offices,General - Con,19-08-1976,1976-08-19,MA,Female,White,Married,Exceeds,3,18-03-2023,2,Low,4,5,29-Jun-23,2023-06-29,Technical Skills,External,Passed,1,1,106.91,43,40-49,0,0
1388,09-May-19,2019-05-09,7,5-9 yrs,Accountant I,TNS,Active,Part-Time,ZONE B,Full-Time,Admin offices,Field Operations,23-12-1970,1970-12-23,MA,Female,Black,Single,Exceeds,3,15-07-2023,5,High,2,4,18-Apr-23,2023-04-18,Communication Skills,External,Completed,1,1,918.34,49,40-49,0,0
1389,28-Oct-19,2019-10-28,6,5-9 yrs,Production Technician II,NEL,Active,Part-Time,ZONE A,Full-Time,Production,Isp,11-11-1962,1962-11-11,MA,Male,Hispanic,Widowed,Exceeds,3,25-02-2023,4,High,4,3,16-Jan-23,2023-01-16,Communication Skills,External,Incomplete,0,3,425.34,57,50-59,0,0
1390,11-Jan-19,2019-01-11,7,5-9 yrs,Production Technician I,SVG,Active,Contract,ZONE C,Part-Time,Production,General - Con,21-12-1955,1955-12-21,MA,Male,Asian,Married,Exceeds,3,23-01-2023,2,Low,3,4,03-Mar-23,2023-03-03,Communication Skills,External,Completed,1,3,512.53,64,60+,0,0
1392,07-Jun-19,2019-06-07,6,5-9 yrs,Production Technician I,PL,Active,Part-Time,ZONE A,Part-Time,Production,Field Operations,25-02-1955,1955-02-25,MA,Female,Hispanic,Widowed,Exceeds,3,19-09-2022,4,High,4,3,20-Apr-23,2023-04-20,Leadership Development,External,Completed,1,3,578.62,64,60+,0,0
1395,17-Dec-21,2021-12-17,4,2-4 yrs,Production Technician II,SVG,Terminated,Full-Time,ZONE C,Part-Time,Production,General - Con,14-11-1960,1960-11-14,MA,Male,Black,Divorced,Exceeds,3,31-05-2023,4,High,1,2,28-Dec-22,2022-12-28,Communication Skills,Internal,Failed,0,2,302.97,61,60+,0,0
1396,04-May-19,2019-05-04,7,5-9 yrs,Production Technician I,SVG,Active,Part-Time,ZONE A,Full-Time,Production,General - Eng,07-09-1956,1956-09-07,MA,Female,Hispanic,Married,Exceeds,3,07-07-2023,2,Low,1,3,13-Sep-22,2022-09-13,Communication Skills,Internal,Completed,1,3,632.28,63,60+,0,0
1397,25-Dec-18,2018-12-25,7,5-9 yrs,Production Technician I,MSC,Active,Contract,ZONE A,Part-Time,Production,General - Con,26-02-1981,1981-02-26,MA,Male,Other,Single,Exceeds,3,31-03-2023,3,Medium,2,3,01-Mar-23,2023-03-01,Customer Service,Internal,Incomplete,0,2,669.41,37,30-39,0,0
1398,03-Jan-21,2021-01-03,5,5-9 yrs,Production Technician I,PYZ,Active,Part-Time,ZONE C,Full-Time,Production,Splicing,12-12-1972,1972-12-12,MA,Female,White,Single,Needs improvement,3,07-04-2023,1,Low,1,1,04-Jan-23,2023-01-04,Communication Skills,External,Passed,1,3,191.99,49,40-49,0,0
1399,15-Jun-23,2023-06-15,2,2-4 yrs,Production Technician I,BPC,Active,Part-Time,ZONE C,Full-Time,Production,General - Con,15-12-1977,1977-12-15,MA,Female,Other,Widowed,Needs improvement,3,07-03-2023,1,Low,4,4,02-May-23,2023-05-02,Customer Service,Internal,Incomplete,0,2,695.11,46,40-49,0,1
1400,29-Aug-18,2018-08-29,7,5-9 yrs,Production Technician II,NEL,Active,Full-Time,ZONE B,Full-Time,Production,Field Operations,03-04-1955,1955-04-03,MA,Female,White,Divorced,Exceeds,3,17-05-2023,2,Low,3,3,06-Aug-22,2022-08-06,Communication Skills,Internal,Failed,0,2,634.92,63,60+,0,0
1401,04-Jan-19,2019-01-04,7,5-9 yrs,Production Technician I,PL,Active,Contract,ZONE B,Part-Time,Production,Splicing,17-08-1967,1967-08-17,MA,Male,White,Single,Exceeds,3,04-11-2022,2,Low,5,3,03-Jul-23,2023-07-03,Communication Skills,Internal,Incomplete,0,5,873.98,52,50-59,0,0
1402,10-Sep-21,2021-09-10,4,2-4 yrs,Production Technician I,MSC,Active,Full-Time,ZONE B,Full-Time,Production,General - Sga,12-10-1988,1988-10-12,MA,Female,White,Divorced,Exceeds,3,13-07-2023,2,Low,4,4,14-Oct-22,2022-10-14,Communication Skills,External,Passed,1,3,602.33,33,30-39,0,0
1404,01-Nov-18,2018-11-01,7,5-9 yrs,Production Technician II,BPC,Terminated,Contract,ZONE B,Part-Time,Production,Finance & Accounting,06-12-1978,1978-12-06,MA,Male,Hispanic,Single,Exceeds,3,18-02-2023,1,Low,2,2,02-Oct-22,2022-10-02,Project Management,Internal,Completed,1,4,411.94,40,40-49,0,0
1405,08-Dec-18,2018-12-08,7,5-9 yrs,Production Technician II,PL,Active,Part-Time,ZONE A,Temporary,Production,Field Operations,30-03-1977,1977-03-30,MA,Female,Other,Single,Exceeds,3,29-04-2023,3,Medium,3,3,15-Sep-22,2022-09-15,Customer Service,External,Completed,1,4,537.73,41,40-49,0,0
1406,25-Oct-22,2022-10-25,3,2-4 yrs,Production Technician II,PYZ,Active,Part-Time,ZONE A,Full-Time,Production,General - Con,10-11-1982,1982-11-10,MA,Female,Asian,Single,Exceeds,3,15-05-2023,4,High,1,5,03-May-23,2023-05-03,Technical Skills,Internal,Incomplete,0,5,930.1,40,40-49,0,0
1407,04-Apr-23,2023-04-04,3,2-4 yrs,Production Technician I,TNS,Active,Full-Time,ZONE B,Temporary,Production,General - Sga,30-03-1983,1983-03-30,MA,Male,Hispanic,Married,Exceeds,3,16-02-2023,3,Medium,3,1,23-Nov-22,2022-11-23,Communication Skills,External,Completed,1,3,249.66,40,40-49,0,1
1408,17-Mar-21,2021-03-17,5,5-9 yrs,Production Technician I,PL,Active,Contract,ZONE B,Part-Time,Production,Field Operations,03-12-1980,1980-12-03,MA,Female,Other,Single,Exceeds,3,07-06-2023,3,Medium,3,3,24-Dec-22,2022-12-24,Communication Skills,Internal,Passed,1,5,691.82,41,40-49,0,0
1409,11-Mar-19,2019-03-11,7,5-9 yrs,Production Technician I,MSC,Terminated,Full-Time,ZONE A,Part-Time,Production,General - Con,02-04-1981,1981-04-02,MA,Female,Other,Widowed,Exceeds,3,17-05-2023,2,Low,2,1,23-Aug-22,2022-08-23,Customer Service,Internal,Passed,1,4,938.59,38,30-39,0,0
1411,02-Jul-19,2019-07-02,6,5-9 yrs,Production Technician I,EW,Active,Part-Time,ZONE C,Part-Time,Production,Aerial,26-05-1980,1980-05-26,MA,Female,Hispanic,Married,Exceeds,3,25-06-2023,5,High,4,5,14-Dec-22,2022-12-14,Technical Skills,External,Incomplete,0,1,690.75,39,30-39,0,0
1412,20-Jun-19,2019-06-20,6,5-9 yrs,Production Technician I,MSC,Active,Part-Time,ZONE B,Full-Time,Production,Field Operations,19-09-1982,1982-09-19,MA,Female,White,Widowed,Exceeds,3,16-06-2023,4,High,3,5,24-Aug-22,2022-08-24,Project Management,External,Incomplete,0,4,544.19,37,30-39,0,0
1414,15-Nov-22,2022-11-15,3,2-4 yrs,Production Technician I,BPC,Active,Contract,ZONE C,Full-Time,Production,Aerial,03-06-1966,1966-06-03,MA,Male,Asian,Married,Exceeds,3,13-08-2022,1,Low,4,4,21-Jan-23,2023-01-21,Customer Service,Internal,Failed,0,3,997.2,56,50-59,0,0
1415,22-Aug-20,2020-08-22,5,5-9 yrs,Production Technician I,CCDR,Active,Part-Time,ZONE A,Part-Time,Production,Field Operations,14-08-1977,1977-08-14,MA,Male,Asian,Divorced,Exceeds,3,16-09-2022,2,Low,2,1,28-Dec-22,2022-12-28,Customer Service,Internal,Incomplete,0,3,633.96,43,40-49,0,0
1416,09-Apr-20,2020-04-09,6,5-9 yrs,Production Technician I,EW,Active,Part-Time,ZONE B,Full-Time,Production,Field Operations,12-09-1953,1953-09-12,MA,Male,Asian,Widowed,Exceeds,3,11-05-2023,5,High,4,3,27-Oct-22,2022-10-27,Customer Service,External,Passed,1,2,638.69,67,60+,0,0
1418,26-Sep-18,2018-09-26,7,5-9 yrs,Production Technician I,NEL,Active,Part-Time,ZONE C,Temporary,Production,Wireline Construction,30-12-2000,2000-12-30,MA,Female,Other,Married,Needs improvement,3,25-11-2022,2,Low,1,3,24-Jun-23,2023-06-24,Project Management,External,Failed,0,1,840.76,18,Under 30,1,0
1419,22-May-23,2023-05-22,3,2-4 yrs,Production Technician I,PL,Active,Contract,ZONE C,Full-Time,Production,Field Operations,11-01-1984,1984-01-11,MA,Female,Other,Divorced,Exceeds,3,11-02-2023,4,High,2,1,13-Apr-23,2023-04-13,Leadership Development,Internal,Passed,1,1,108.04,39,30-39,0,1
1423,25-Jun-22,2022-06-25,3,2-4 yrs,Production Technician I,WBL,Active,Full-Time,ZONE A,Full-Time,Production,Aerial,12-03-1992,1992-03-12,MA,Female,White,Single,Needs improvement,3,23-03-2023,2,Low,5,5,15-Mar-23,2023-03-15,Communication Skills,Internal,Passed,1,3,255.55,30,30-39,0,0
1426,08-Mar-22,2022-03-08,4,2-4 yrs,Production Technician I,EW,Terminated,Full-Time,ZONE A,Full-Time,Production,General - Con,19-07-2000,2000-07-19,MA,Female,Hispanic,Widowed,Exceeds,3,11-07-2023,4,High,5,5,02-Dec-22,2022-12-02,Project Management,External,Completed,1,3,938.04,22,Under 30,0,0
1427,22-Feb-19,2019-02-22,7,5-9 yrs,Production Technician II,CCDR,Active,Full-Time,ZONE A,Part-Time,Production,Engineers,09-05-1953,1953-05-09,MA,Male,Asian,Divorced,Needs improvement,3,09-02-2023,1,Low,2,3,25-Apr-23,2023-04-25,Project Management,External,Passed,1,1,684.24,66,60+,0,0
1428,08-Dec-22,2022-12-08,3,2-4 yrs,Production Technician II,SVG,Active,Full-Time,ZONE C,Part-Time,Production,Executive,26-02-1970,1970-02-26,MA,Male,White,Divorced,Exceeds,3,04-06-2023,3,Medium,5,2,30-Aug-22,2022-08-30,Technical Skills,Internal,Failed,0,5,956.11,52,50-59,0,1
1430,13-Feb-23,2023-02-13,3,2-4 yrs,Production Technician II,MSC,Terminated,Part-Time,ZONE A,Temporary,Production,Yard (Material Handling),19-01-1959,1959-01-19,MA,Female,Asian,Single,Needs improvement,3,15-09-2022,2,Low,2,2,26-Aug-22,2022-08-26,Leadership Development,External,Passed,1,4,193.99,64,60+,0,1
1431,15-Mar-19,2019-03-15,7,5-9 yrs,Production Technician II,TNS,Active,Full-Time,ZONE B,Full-Time,Production,Field Operations,31-10-1951,1951-10-31,MA,Female,Black,Widowed,Exceeds,3,28-10-2022,2,Low,1,1,15-Oct-22,2022-10-15,Technical Skills,External,Failed,0,3,790.72,68,60+,0,0
1432,18-Jul-19,2019-07-18,6,5-9 yrs,Production Technician II,PYZ,Active,Contract,ZONE A,Part-Time,Production,Project Management - Con,29-07-1991,1991-07-29,MA,Male,White,Married,Exceeds,3,13-10-2022,4,High,3,4,06-Aug-22,2022-08-06,Communication Skills,Internal,Completed,1,4,894.75,28,Under 30,0,0
1433,09-Apr-21,2021-04-09,5,5-9 yrs,Production Technician I,SVG,Active,Part-Time,ZONE C,Part-Time,Production,General - Con,25-08-1995,1995-08-25,MA,Female,White,Widowed,Needs improvement,3,06-08-2022,5,High,1,3,18-Sep-22,2022-09-18,Customer Service,Internal,Passed,1,4,863.73,26,Under 30,0,0
1434,30-Dec-18,2018-12-30,7,5-9 yrs,Production Technician I,EW,Active,Part-Time,ZONE C,Part-Time,Production,Splicing,28-12-1986,1986-12-28,MA,Female,White,Divorced,Exceeds,3,21-10-2022,1,Low,2,3,27-Apr-23,2023-04-27,Project Management,External,Incomplete,0,2,746.99,32,30-39,0,0
1435,30-Jul-21,2021-07-30,4,2-4 yrs,Production Technician I,MSC,Active,Contract,ZONE C,Temporary,Production,Field Operations,29-11-1998,1998-11-29,MA,Female,Hispanic,Single,Exceeds,3,23-03-2023,4,High,2,3,21-Sep-22,2022-09-21,Leadership Development,Internal,Passed,1,4,360.38,23,Under 30,0,0
1436,28-Oct-22,2022-10-28,3,2-4 yrs,Production Technician I,TNS,Active,Full-Time,ZONE C,Temporary,Production,Field Operations,27-05-1989,1989-05-27,MA,Male,Hispanic,Married,Needs improvement,3,09-07-2023,1,Low,2,2,26-Aug-22,2022-08-26,Technical Skills,Internal,Incomplete,0,1,298.3,33,30-39,0,1
1437,29-Oct-20,2020-10-29,5,5-9 yrs,Production Technician I,PYZ,Active,Contract,ZONE C,Temporary,Production,Project Management - Con,25-06-1996,1996-06-25,MA,Male,Asian,Single,Exceeds,3,06-01-2023,4,High,5,5,28-Dec-22,2022-12-28,Leadership Development,External,Passed,1,3,537.12,24,Under 30,0,0
1438,17-Mar-23,2023-03-17,3,2-4 yrs,Production Technician I,WBL,Active,Contract,ZONE B,Part-Time,Production,Field Operations,16-12-1977,1977-12-16,MA,Male,Asian,Married,Exceeds,3,21-01-2023,1,Low,4,1,12-May-23,2023-05-12,Customer Service,External,Passed,1,2,996.18,46,40-49,0,0
1439,20-Jul-22,2022-07-20,3,2-4 yrs,Production Technician I,NEL,Active,Full-Time,ZONE A,Temporary,Production,General - Con,24-01-1988,1988-01-24,MA,Female,Asian,Widowed,Needs improvement,3,29-11-2022,3,Medium,1,3,20-Jun-23,2023-06-20,Communication Skills,Internal,Completed,1,4,764.43,34,30-39,0,0
1440,04-Aug-23,2023-08-04,2,2-4 yrs,Production Technician I,PL,Active,Part-Time,ZONE A,Temporary,Production,Field Operations,21-02-1997,1997-02-21,MA,Female,Hispanic,Single,Needs improvement,3,02-11-2022,3,Medium,1,4,13-Nov-22,2022-11-13,Communication Skills,External,Failed,0,5,490.33,26,Under 30,0,1
1441,26-Nov-21,2021-11-26,4,2-4 yrs,Production Technician I,BPC,Active,Contract,ZONE A,Temporary,Production,Field Operations,16-03-1982,1982-03-16,MA,Female,Hispanic,Married,Needs improvement,3,07-04-2023,1,Low,1,5,23-Oct-22,2022-10-23,Customer Service,Internal,Incomplete,0,4,758.41,39,30-39,0,0
1442,27-Sep-18,2018-09-27,7,5-9 yrs,Production Technician I,CCDR,Active,Full-Time,ZONE A,Temporary,Production,Safety,10-07-1993,1993-07-10,MA,Female,Black,Single,Needs improvement,3,11-01-2023,2,Low,4,2,21-Feb-23,2023-02-21,Technical Skills,External,Incomplete,0,3,367.56,25,Under 30,0,0
1443,04-Aug-19,2019-08-04,6,5-9 yrs,Production Technician I,SVG,Active,Contract,ZONE C,Part-Time,Production,Field Operations,25-02-1960,1960-02-25,MA,Female,White,Divorced,Needs improvement,3,12-06-2023,5,High,2,3,03-May-23,2023-05-03,Leadership Development,Internal,Failed,0,5,582.49,59,50-59,0,0
1444,03-Oct-19,2019-10-03,6,5-9 yrs,Production Technician I,EW,Active,Contract,ZONE C,Part-Time,Production,General - Con,21-02-1972,1972-02-21,MA,Female,White,Divorced,Needs improvement,3,21-12-2022,5,High,5,3,30-Jan-23,2023-01-30,Leadership Development,External,Incomplete,0,2,561.14,47,40-49,0,0
1448,13-Sep-20,2020-09-13,5,5-9 yrs,Production Technician I,WBL,Active,Part-Time,ZONE A,Part-Time,Production,General - Con,13-08-1976,1976-08-13,MA,Female,Other,Single,Needs improvement,3,23-10-2022,1,Low,1,3,06-Aug-22,2022-08-06,Leadership Development,Internal,Failed,0,5,151.43,44,40-49,0,0
1449,15-Nov-22,2022-11-15,3,2-4 yrs,Production Technician II,PL,Active,Part-Time,ZONE B,Temporary,Production,General - Sga,14-09-1965,1965-09-14,MA,Male,Other,Divorced,Needs improvement,3,11-08-2022,4,High,2,2,09-Oct-22,2022-10-09,Customer Service,Internal,Passed,1,5,675.71,57,50-59,0,1
1450,07-Feb-20,2020-02-07,6,5-9 yrs,Production Technician II,PYZ,Terminated,Full-Time,ZONE C,Temporary,Production,Field Operations,20-02-1958,1958-02-20,MA,Male,White,Single,Needs improvement,3,22-04-2023,5,High,1,2,23-Jun-23,2023-06-23,Project Management,Internal,Incomplete,0,5,436.63,62,60+,0,0
1452,26-Mar-19,2019-03-26,7,5-9 yrs,Production Technician II,TNS,Active,Full-Time,ZONE B,Full-Time,Production,Field Operations,29-03-1953,1953-03-29,MA,Female,White,Single,Needs improvement,3,14-08-2022,4,High,4,5,04-Sep-22,2022-09-04,Technical Skills,Internal,Passed,1,4,320.38,66,60+,0,0
1453,22-Mar-23,2023-03-22,3,2-4 yrs,Production Technician II,WBL,Active,Full-Time,ZONE C,Temporary,Production,Engineers,20-08-1990,1990-08-20,MA,Male,Black,Single,Needs improvement,3,12-09-2022,1,Low,5,1,05-Apr-23,2023-04-05,Technical Skills,Internal,Passed,1,2,294.55,33,30-39,0,0
1454,23-Dec-22,2022-12-23,3,2-4 yrs,Production Technician II,WBL,Terminated,Full-Time,ZONE C,Temporary,Production,General - Con,12-03-1977,1977-03-12,MA,Male,Hispanic,Married,Needs improvement,3,28-07-2023,2,Low,2,1,14-Dec-22,2022-12-14,Customer Service,External,Completed,1,1,832.86,45,40-49,0,1
1455,27-Dec-19,2019-12-27,6,5-9 yrs,Production Technician I,PL,Active,Contract,ZONE C,Full-Time,Production,General - Sga,19-03-1995,1995-03-19,MA,Female,Other,Widowed,Needs improvement,3,04-07-2023,2,Low,2,4,15-May-23,2023-05-15,Leadership Development,Internal,Passed,1,5,223.34,24,Under 30,0,0
1456,25-Jun-19,2019-06-25,6,5-9 yrs,Production Technician I,PYZ,Active,Full-Time,ZONE B,Full-Time,Production,Engineers,08-10-1956,1956-10-08,MA,Female,Hispanic,Married,Exceeds,3,31-08-2022,2,Low,1,5,30-Sep-22,2022-09-30,Customer Service,External,Incomplete,0,3,456.95,63,60+,0,0
1457,23-Nov-18,2018-11-23,7,5-9 yrs,Production Technician I,SVG,Active,Contract,ZONE A,Part-Time,Production,Field Operations,03-08-1977,1977-08-03,MA,Female,Other,Married,Exceeds,3,02-07-2023,2,Low,1,1,11-May-23,2023-05-11,Project Management,External,Passed,1,5,988.47,41,40-49,0,0
1458,17-Jan-21,2021-01-17,5,5-9 yrs,Production Technician I,TNS,Active,Full-Time,ZONE A,Part-Time,Production,Wireline Construction,19-03-1994,1994-03-19,MA,Female,Hispanic,Single,Exceeds,3,06-02-2023,2,Low,2,4,22-May-23,2023-05-22,Technical Skills,External,Incomplete,0,1,429.49,27,Under 30,0,0
1460,24-Feb-21,2021-02-24,5,5-9 yrs,Production Technician I,BPC,Active,Full-Time,ZONE A,Temporary,Production,Wireline Construction,29-05-1955,1955-05-29,MA,Male,Other,Divorced,Exceeds,3,23-02-2023,2,Low,3,1,06-Mar-23,2023-03-06,Customer Service,Internal,Incomplete,0,2,864.22,66,60+,0,0
1461,12-Apr-19,2019-04-12,7,5-9 yrs,Production Technician I,CCDR,Active,Full-Time,ZONE C,Full-Time,Production,Project Management - Con,03-03-2001,2001-03-03,MA,Female,Asian,Widowed,Exceeds,3,09-04-2023,1,Low,1,2,01-Jun-23,2023-06-01,Communication Skills,Internal,Passed,1,1,302.52,18,Under 30,0,0
1462,13-Jul-23,2023-07-13,2,2-4 yrs,Production Technician I,EW,Active,Contract,ZONE C,Temporary,Production,Fielders,07-03-1960,1960-03-07,MA,Female,Other,Widowed,Exceeds,3,31-08-2022,4,High,5,5,02-Feb-23,2023-02-02,Leadership Development,External,Completed,1,4,152.66,63,60+,0,1
1463,05-Oct-20,2020-10-05,5,5-9 yrs,Production Technician I,MSC,Active,Contract,ZONE C,Temporary,Production,Field Operations,28-11-1975,1975-11-28,MA,Female,Hispanic,Divorced,Exceeds,3,13-03-2023,5,High,4,5,14-Apr-23,2023-04-14,Customer Service,Internal,Completed,1,2,399.05,45,40-49,0,0
1464,27-Jan-19,2019-01-27,7,5-9 yrs,Production Technician I,NEL,Active,Part-Time,ZONE C,Full-Time,Production,General - Sga,01-10-1957,1957-10-01,MA,Female,Asian,Married,Exceeds,3,04-07-2023,2,Low,5,1,25-Jun-23,2023-06-25,Customer Service,Internal,Completed,1,2,791.74,62,60+,0,0
1465,17-Dec-20,2020-12-17,5,5-9 yrs,Production Technician I,PL,Active,Part-Time,ZONE A,Full-Time,Production,Technology / It,22-06-1958,1958-06-22,MA,Female,Other,Single,Exceeds,3,02-06-2023,1,Low,1,3,06-Dec-22,2022-12-06,Leadership Development,External,Incomplete,0,4,770.23,62,60+,0,0
1466,04-Mar-21,2021-03-04,5,5-9 yrs,Production Technician I,PYZ,Active,Full-Time,ZONE A,Temporary,Production,Billable Consultants,08-03-1989,1989-03-08,MA,Female,White,Widowed,Exceeds,3,05-12-2022,1,Low,4,5,16-Dec-22,2022-12-16,Project Management,External,Completed,1,3,746.05,32,30-39,0,0
1467,30-Mar-23,2023-03-30,3,2-4 yrs,Production Technician I,SVG,Active,Full-Time,ZONE A,Temporary,Production,People Services,16-04-1989,1989-04-16,MA,Female,Black,Married,Fully meets,3,13-08-2022,3,Medium,4,2,13-Jan-23,2023-01-13,Technical Skills,External,Completed,1,2,177.66,34,30-39,0,1
1468,27-Dec-18,2018-12-27,7,5-9 yrs,Production Technician I,TNS,Active,Contract,ZONE A,Part-Time,Production,Field Operations,30-08-1965,1965-08-30,MA,Female,Hispanic,Divorced,Exceeds,3,21-04-2023,3,Medium,1,3,10-Apr-23,2023-04-10,Leadership Development,Internal,Passed,1,5,429.38,53,50-59,0,0
1469,20-Sep-21,2021-09-20,4,2-4 yrs,Production Technician I,WBL,Active,Full-Time,ZONE B,Temporary,Production,Field Operations,17-08-1976,1976-08-17,MA,Female,Asian,Married,Exceeds,3,23-02-2023,4,High,2,4,25-Aug-22,2022-08-25,Leadership Development,External,Incomplete,0,3,867.59,45,40-49,0,0
1470,08-Feb-23,2023-02-08,3,2-4 yrs,Production Technician I,BPC,Active,Part-Time,ZONE B,Part-Time,Production,General - Sga,20-09-1995,1995-09-20,MA,Female,Asian,Married,Exceeds,3,21-03-2023,1,Low,4,1,17-Apr-23,2023-04-17,Communication Skills,External,Failed,0,5,502.65,28,Under 30,0,0
1471,16-Oct-19,2019-10-16,6,5-9 yrs,Production Technician II,CCDR,Terminated,Full-Time,ZONE B,Part-Time,Production,Field Operations,09-04-1960,1960-04-09,MA,Male,White,Divorced,Exceeds,3,23-12-2022,3,Medium,4,2,06-Mar-23,2023-03-06,Technical Skills,Internal,Completed,1,3,488.68,59,50-59,0,0
1472,31-Aug-21,2021-08-31,4,2-4 yrs,Production Technician II,SVG,Active,Contract,ZONE C,Full-Time,Production,Project Management - Con,14-04-1972,1972-04-14,MA,Male,Other,Single,Exceeds,3,02-09-2022,2,Low,4,1,11-Apr-23,2023-04-11,Project Management,Internal,Passed,1,3,416.76,49,40-49,0,0
1475,17-Jan-23,2023-01-17,3,2-4 yrs,Production Technician II,TNS,Active,Full-Time,ZONE A,Temporary,Production,Wireline Construction,19-08-1993,1993-08-19,MA,Male,Other,Married,Exceeds,3,25-07-2023,2,Low,3,3,04-Nov-22,2022-11-04,Technical Skills,Internal,Passed,1,3,499.48,30,30-39,0,1
1476,07-Dec-19,2019-12-07,6,5-9 yrs,Production Technician II,PYZ,Terminated,Contract,ZONE C,Part-Time,Production,Field Operations,07-11-1962,1962-11-07,MA,Male,Other,Divorced,Pip,3,21-12-2022,1,Low,4,1,08-Mar-23,2023-03-08,Technical Skills,External,Completed,1,2,615.32,57,50-59,0,0
1477,21-Nov-18,2018-11-21,7,5-9 yrs,Production Technician I,CCDR,Active,Contract,ZONE B,Full-Time,Production,Wireline Construction,12-09-1963,1963-09-12,MA,Female,Asian,Married,Exceeds,3,24-02-2023,5,High,5,3,12-Mar-23,2023-03-12,Technical Skills,External,Failed,0,5,410.36,55,50-59,0,0
1478,15-Feb-21,2021-02-15,5,5-9 yrs,Production Technician I,SVG,Active,Part-Time,ZONE B,Part-Time,Production,Field Operations,21-09-1953,1953-09-21,MA,Female,Other,Divorced,Exceeds,3,22-11-2022,1,Low,1,3,03-Aug-23,2023-08-03,Leadership Development,External,Failed,0,5,453.86,68,60+,0,0
1480,18-Jan-19,2019-01-18,7,5-9 yrs,Production Technician I,MSC,Active,Part-Time,ZONE B,Part-Time,Production,Shop (Fleet),27-04-1994,1994-04-27,MA,Male,Black,Married,Needs improvement,3,16-02-2023,5,High,1,4,18-Apr-23,2023-04-18,Leadership Development,External,Failed,0,2,946.81,25,Under 30,0,0
1481,15-Mar-23,2023-03-15,3,2-4 yrs,Production Technician I,TNS,Active,Full-Time,ZONE A,Part-Time,Production,Field Operations,09-07-2000,2000-07-09,MA,Male,Asian,Single,Exceeds,3,24-07-2023,3,Medium,5,3,16-May-23,2023-05-16,Communication Skills,Internal,Completed,1,5,142.57,23,Under 30,0,0
1482,11-Nov-19,2019-11-11,6,5-9 yrs,Production Technician I,PYZ,Active,Contract,ZONE C,Temporary,Production,Finance & Accounting,02-02-1952,1952-02-02,MA,Female,Asian,Widowed,Exceeds,3,23-04-2023,1,Low,1,1,13-Oct-22,2022-10-13,Customer Service,Internal,Completed,1,5,186.57,67,60+,0,0
1483,21-Aug-22,2022-08-21,3,2-4 yrs,Production Technician I,WBL,Active,Full-Time,ZONE A,Full-Time,Production,Shop (Fleet),15-10-1961,1961-10-15,MA,Female,Hispanic,Single,Exceeds,3,19-08-2022,3,Medium,5,4,22-Aug-22,2022-08-22,Communication Skills,External,Incomplete,0,4,168.71,61,60+,0,0
1484,05-May-20,2020-05-05,6,5-9 yrs,Production Technician I,NEL,Active,Full-Time,ZONE B,Full-Time,Production,General - Con,02-07-1991,1991-07-02,MA,Female,Hispanic,Married,Exceeds,3,25-12-2022,5,High,2,1,29-Jul-23,2023-07-29,Communication Skills,External,Incomplete,0,1,473.77,29,Under 30,0,0
1485,05-Mar-21,2021-03-05,5,5-9 yrs,Production Technician I,PL,Active,Contract,ZONE A,Part-Time,Production,Aerial,16-12-1971,1971-12-16,MA,Female,Asian,Married,Exceeds,3,14-12-2022,1,Low,2,1,02-Jul-23,2023-07-02,Leadership Development,External,Completed,1,5,654.35,50,50-59,0,0
1486,07-Mar-19,2019-03-07,7,5-9 yrs,Production Technician I,BPC,Active,Part-Time,ZONE A,Full-Time,Production,Engineers,13-05-1999,1999-05-13,MA,Female,Hispanic,Divorced,Fully meets,3,05-03-2023,5,High,5,2,30-May-23,2023-05-30,Customer Service,Internal,Incomplete,0,2,176.63,20,Under 30,0,0
1487,08-May-22,2022-05-08,4,2-4 yrs,Production Technician I,CCDR,Active,Full-Time,ZONE B,Part-Time,Production,General - Con,28-08-1971,1971-08-28,MA,Female,Asian,Widowed,Fully meets,3,20-05-2023,4,High,4,2,08-Aug-22,2022-08-08,Customer Service,External,Failed,0,3,385.82,51,50-59,0,0
1490,13-Aug-19,2019-08-13,6,5-9 yrs,Production Technician I,MSC,Active,Contract,ZONE A,Temporary,Production,Engineers,23-03-1970,1970-03-23,MA,Female,White,Widowed,Needs improvement,3,06-03-2023,2,Low,3,4,23-Jul-23,2023-07-23,Communication Skills,External,Incomplete,0,4,849.95,49,40-49,0,0
1491,09-Mar-20,2020-03-09,6,5-9 yrs,Production Technician I,TNS,Active,Part-Time,ZONE C,Temporary,Production,Project Management - Con,27-02-1982,1982-02-27,MA,Female,Hispanic,Married,Exceeds,3,29-03-2023,1,Low,3,3,10-Aug-22,2022-08-10,Technical Skills,External,Failed,0,5,187.65,38,30-39,0,0
1492,06-May-20,2020-05-06,6,5-9 yrs,Production Technician II,CCDR,Active,Full-Time,ZONE B,Temporary,Production,Engineers,08-12-1955,1955-12-08,MA,Male,Other,Divorced,Exceeds,3,17-04-2023,4,High,5,2,25-Dec-22,2022-12-25,Customer Service,Internal,Failed,0,1,285.56,65,60+,0,0
1493,03-Aug-22,2022-08-03,3,2-4 yrs,Production Technician II,SVG,Active,Full-Time,ZONE B,Temporary,Production,Field Operations,19-07-1980,1980-07-19,MA,Male,Black,Married,Fully meets,3,06-12-2022,2,Low,2,4,09-Oct-22,2022-10-09,Communication Skills,Internal,Incomplete,0,3,793.43,42,40-49,0,0
1494,13-Oct-18,2018-10-13,7,5-9 yrs,Production Technician II,EW,Terminated,Contract,ZONE B,Full-Time,Production,Splicing,12-03-1949,1949-03-12,MA,Female,Hispanic,Divorced,Fully meets,3,06-05-2023,5,High,5,5,01-Feb-23,2023-02-01,Customer Service,External,Passed,1,5,978.89,69,60+,0,0
1495,04-Jul-21,2021-07-04,4,2-4 yrs,Production Technician II,MSC,Active,Part-Time,ZONE A,Temporary,Production,General - Con,11-01-1971,1971-01-11,MA,Male,Hispanic,Single,Fully meets,3,30-12-2022,3,Medium,3,4,25-Feb-23,2023-02-25,Customer Service,Internal,Completed,1,4,993.66,50,50-59,0,0
1496,30-Apr-19,2019-04-30,7,5-9 yrs,Production Technician II,TNS,Active,Part-Time,ZONE A,Full-Time,Production,Splicing,25-10-1950,1950-10-25,MA,Male,White,Widowed,Fully meets,3,09-07-2023,2,Low,3,3,07-Sep-22,2022-09-07,Customer Service,External,Completed,1,3,768.55,69,60+,0,0
1497,03-Nov-20,2020-11-03,5,5-9 yrs,Production Technician II,PYZ,Active,Contract,ZONE C,Temporary,Production,Engineers,11-12-1995,1995-12-11,MA,Male,Black,Widowed,Needs improvement,3,29-07-2023,5,High,4,5,23-Aug-22,2022-08-23,Technical Skills,External,Completed,1,3,140.78,25,Under 30,0,0
1499,26-Feb-22,2022-02-26,4,2-4 yrs,Production Technician I,CCDR,Active,Contract,ZONE A,Full-Time,Production,General - Con,27-04-1975,1975-04-27,MA,Female,Other,Married,Fully meets,3,28-11-2022,4,High,2,3,18-Jan-23,2023-01-18,Customer Service,External,Incomplete,0,5,543.52,47,40-49,0,0
1500,13-May-19,2019-05-13,7,5-9 yrs,Production Technician I,SVG,Active,Part-Time,ZONE B,Part-Time,Production,Field Operations,02-02-1985,1985-02-02,MA,Female,Hispanic,Divorced,Fully meets,3,24-07-2023,1,Low,4,4,12-Jan-23,2023-01-12,Technical Skills,Internal,Passed,1,2,916.73,34,30-39,0,0
1501,24-Oct-21,2021-10-24,4,2-4 yrs,Production Technician I,EW,Active,Contract,ZONE A,Part-Time,Production,Field Operations,01-10-1999,1999-10-01,MA,Male,Hispanic,Widowed,Fully meets,3,08-05-2023,5,High,4,4,29-Jul-23,2023-07-29,Customer Service,Internal,Completed,1,2,491.99,22,Under 30,0,0
1502,10-May-21,2021-05-10,5,5-9 yrs,Production Technician I,MSC,Active,Full-Time,ZONE B,Full-Time,Production,General - Eng,15-12-1986,1986-12-15,MA,Male,White,Divorced,Fully meets,3,08-06-2023,5,High,3,5,08-Mar-23,2023-03-08,Technical Skills,Internal,Failed,0,4,245.0,35,30-39,0,0
1503,13-Jun-21,2021-06-13,4,2-4 yrs,Production Technician I,TNS,Active,Contract,ZONE A,Part-Time,Production,General - Sga,21-04-1985,1985-04-21,MA,Female,Black,Single,Fully meets,3,24-10-2022,2,Low,2,4,09-Dec-22,2022-12-09,Communication Skills,External,Failed,0,3,574.9,36,30-39,0,0
1504,04-Nov-19,2019-11-04,6,5-9 yrs,Production Technician I,PYZ,Active,Full-Time,ZONE C,Full-Time,Production,Engineers,23-08-1971,1971-08-23,MA,Female,Other,Married,Needs improvement,3,23-10-2022,5,High,3,2,20-Jun-23,2023-06-20,Technical Skills,Internal,Failed,0,4,684.08,48,40-49,0,0
1506,05-Sep-18,2018-09-05,7,5-9 yrs,Production Technician I,NEL,Active,Part-Time,ZONE B,Part-Time,Production,Engineers,18-06-1972,1972-06-18,MA,Female,Hispanic,Single,Exceeds,3,08-05-2023,2,Low,3,2,01-Nov-22,2022-11-01,Leadership Development,External,Failed,0,1,789.33,46,40-49,0,0
1507,21-Jul-21,2021-07-21,4,2-4 yrs,Production Technician I,PL,Active,Full-Time,ZONE C,Full-Time,Production,General - Sga,15-08-1996,1996-08-15,MA,Female,Black,Widowed,Fully meets,3,19-01-2023,1,Low,2,1,21-Sep-22,2022-09-21,Technical Skills,Internal,Completed,1,3,812.13,25,Under 30,0,0
1508,20-May-23,2023-05-20,3,2-4 yrs,Production Technician I,BPC,Active,Part-Time,ZONE B,Temporary,Production,General - Con,25-12-1964,1964-12-25,MA,Female,White,Single,Fully meets,3,07-10-2022,4,High,3,2,12-May-23,2023-05-12,Customer Service,Internal,Passed,1,2,675.02,59,50-59,0,1
1509,16-May-22,2022-05-16,4,2-4 yrs,Production Technician I,CCDR,Active,Full-Time,ZONE C,Full-Time,Production,General - Sga,24-01-1960,1960-01-24,MA,Female,Other,Single,Fully meets,3,25-09-2022,5,High,1,3,29-Jun-23,2023-06-29,Project Management,Internal,Incomplete,0,4,343.07,62,60+,0,0
1510,15-Mar-21,2021-03-15,5,5-9 yrs,Production Technician I,SVG,Active,Contract,ZONE C,Temporary,Production,General - Sga,16-09-1980,1980-09-16,MA,Female,Black,Married,Fully meets,3,06-04-2023,2,Low,3,3,13-Oct-22,2022-10-13,Technical Skills,External,Incomplete,0,5,986.78,41,40-49,0,0
1513,21-Dec-19,2019-12-21,6,5-9 yrs,Production Technician II,PL,Active,Contract,ZONE C,Temporary,Production,General - Eng,03-10-1993,1993-10-03,MA,Male,Other,Widowed,Fully meets,3,18-11-2022,5,High,3,5,10-Nov-22,2022-11-10,Technical Skills,External,Failed,0,4,746.57,26,Under 30,0,0
1514,15-Jul-22,2022-07-15,3,2-4 yrs,Production Technician II,PYZ,Active,Contract,ZONE C,Part-Time,Production,Splicing,05-12-1983,1983-12-05,MA,Male,Hispanic,Widowed,Fully meets,3,08-05-2023,1,Low,3,2,01-Dec-22,2022-12-01,Leadership Development,Internal,Failed,0,5,434.39,39,30-39,0,0
1515,26-Sep-18,2018-09-26,7,5-9 yrs,Production Technician II,SVG,Active,Full-Time,ZONE B,Part-Time,Production,General - Con,18-04-1997,1997-04-18,MA,Female,Other,Married,Fully meets,3,14-12-2022,2,Low,3,1,03-Apr-23,2023-04-03,Communication Skills,External,Completed,1,3,765.84,21,Under 30,0,0
1517,02-Dec-21,2021-12-02,4,2-4 yrs,Production Technician II,WBL,Active,Full-Time,ZONE C,Part-Time,Production,Splicing,05-03-1986,1986-03-05,MA,Male,White,Married,Fully meets,3,22-01-2023,4,High,5,3,12-Jan-23,2023-01-12,Customer Service,External,Passed,1,3,615.84,35,30-39,0,0
1518,07-Mar-19,2019-03-07,7,5-9 yrs,Production Technician II,BPC,Terminated,Full-Time,ZONE B,Temporary,Production,Fielders,26-11-1975,1975-11-26,MA,Male,White,Divorced,Fully meets,3,28-09-2022,4,High,4,2,08-Dec-22,2022-12-08,Customer Service,Internal,Completed,1,2,803.79,44,40-49,0,0
1519,02-May-23,2023-05-02,3,2-4 yrs,Production Technician I,BPC,Active,Part-Time,ZONE B,Full-Time,Production,Project Management - Con,17-04-1971,1971-04-17,MA,Female,Asian,Single,Fully meets,3,25-02-2023,1,Low,3,1,23-Sep-22,2022-09-23,Leadership Development,External,Completed,1,2,586.89,52,50-59,0,1
1520,24-Aug-20,2020-08-24,5,5-9 yrs,Production Technician I,CCDR,Active,Full-Time,ZONE A,Full-Time,Production,Sales & Marketing,04-07-1976,1976-07-04,MA,Female,White,Divorced,Fully meets,3,05-04-2023,2,Low,2,5,11-Oct-22,2022-10-11,Communication Skills,External,Failed,0,5,104.48,44,40-49,0,0
1521,08-Dec-20,2020-12-08,5,5-9 yrs,Production Technician I,SVG,Active,Contract,ZONE B,Temporary,Production,Wireline Construction,15-04-1990,1990-04-15,MA,Male,Black,Single,Needs improvement,3,11-06-2023,4,High,1,3,02-Jun-23,2023-06-02,Project Management,Internal,Passed,1,1,877.41,30,30-39,0,0
1523,15-Sep-20,2020-09-15,5,5-9 yrs,Production Technician I,MSC,Active,Contract,ZONE B,Full-Time,Production,People Services,30-05-1971,1971-05-30,MA,Male,Other,Married,Fully meets,3,20-09-2022,4,High,4,3,11-Dec-22,2022-12-11,Technical Skills,External,Incomplete,0,2,660.4,49,40-49,0,0
1524,16-Mar-23,2023-03-16,3,2-4 yrs,Production Technician I,TNS,Active,Full-Time,ZONE A,Temporary,Production,Engineers,13-05-1975,1975-05-13,MA,Female,Other,Single,Fully meets,3,17-01-2023,4,High,1,2,01-May-23,2023-05-01,Communication Skills,Internal,Completed,1,2,928.81,48,40-49,0,0
1526,23-Apr-21,2021-04-23,5,5-9 yrs,Production Technician I,CCDR,Active,Contract,ZONE B,Full-Time,Production,Field Operations,04-04-1987,1987-04-04,MA,Female,Other,Divorced,Fully meets,3,20-01-2023,2,Low,3,3,26-May-23,2023-05-26,Leadership Development,Internal,Completed,1,3,190.51,34,30-39,0,0
1527,05-Jun-22,2022-06-05,3,2-4 yrs,Production Technician I,EW,Active,Part-Time,ZONE A,Full-Time,Production,Engineers,13-03-1980,1980-03-13,MA,Female,Asian,Widowed,Fully meets,3,02-06-2023,1,Low,1,3,03-Jun-23,2023-06-03,Customer Service,External,Incomplete,0,3,206.53,42,40-49,0,0
1528,19-Nov-22,2022-11-19,3,2-4 yrs,Production Technician I,MSC,Active,Part-Time,ZONE A,Part-Time,Production,Field Operations,27-11-1953,1953-11-27,MA,Female,Asian,Widowed,Fully meets,3,25-02-2023,5,High,5,2,10-Dec-22,2022-12-10,Communication Skills,Internal,Incomplete,0,1,639.93,69,60+,0,0
1529,14-Apr-23,2023-04-14,3,2-4 yrs,Production Technician I,NEL,Active,Full-Time,ZONE C,Part-Time,Production,Field Operations,27-07-1974,1974-07-27,MA,Female,Hispanic,Married,Fully meets,3,28-04-2023,3,Medium,1,3,14-Apr-23,2023-04-14,Communication Skills,External,Incomplete,0,5,304.06,49,40-49,0,0
1530,13-Dec-22,2022-12-13,3,2-4 yrs,Production Technician I,PL,Active,Contract,ZONE B,Full-Time,Production,Field Operations,02-02-2000,2000-02-02,MA,Female,Other,Single,Fully meets,3,31-10-2022,1,Low,2,3,06-Jun-23,2023-06-06,Project Management,External,Passed,1,4,261.13,22,Under 30,0,0
1534,27-Feb-22,2022-02-27,4,2-4 yrs,Production Technician II,CCDR,Active,Full-Time,ZONE B,Temporary,Production,Field Operations,10-11-1964,1964-11-10,MA,Male,White,Married,Fully meets,3,12-08-2022,1,Low,1,5,27-Oct-22,2022-10-27,Project Management,External,Failed,0,1,857.19,58,50-59,0,0
1535,08-May-21,2021-05-08,5,5-9 yrs,Production Technician II,SVG,Active,Contract,ZONE B,Part-Time,Production,General - Con,11-11-2000,2000-11-11,MA,Female,Black,Widowed,Fully meets,3,08-12-2022,4,High,2,1,09-Oct-22,2022-10-09,Customer Service,Internal,Failed,0,3,442.86,21,Under 30,0,0
1536,27-Dec-22,2022-12-27,3,2-4 yrs,Production Technician II,EW,Active,Contract,ZONE C,Part-Time,Production,General - Con,19-12-1955,1955-12-19,MA,Female,Asian,Single,Fully meets,3,19-03-2023,5,High,3,5,27-Jan-23,2023-01-27,Communication Skills,Internal,Passed,1,4,382.0,67,60+,0,0
1538,20-Jan-23,2023-01-20,3,2-4 yrs,Production Technician II,TNS,Active,Contract,ZONE B,Full-Time,Production,Splicing,18-01-2001,2001-01-18,MA,Male,White,Widowed,Fully meets,3,11-11-2022,2,Low,4,5,21-Oct-22,2022-10-21,Leadership Development,External,Failed,0,3,854.47,22,Under 30,0,1
1539,28-Dec-20,2020-12-28,5,5-9 yrs,Production Technician II,PYZ,Terminated,Part-Time,ZONE A,Full-Time,Production,Project Management - Con,02-03-1961,1961-03-02,MA,Male,Hispanic,Widowed,Fully meets,3,22-01-2023,4,High,4,5,20-Dec-22,2022-12-20,Communication Skills,Internal,Passed,1,5,899.57,59,50-59,0,0
1540,18-Feb-21,2021-02-18,5,5-9 yrs,Production Technician I,BPC,Active,Contract,ZONE C,Temporary,Production,Technology / It,19-02-1967,1967-02-19,MA,Female,Black,Widowed,Fully meets,3,24-01-2023,2,Low,4,2,27-Oct-22,2022-10-27,Communication Skills,Internal,Incomplete,0,1,686.34,54,50-59,0,0
1541,16-Jan-21,2021-01-16,5,5-9 yrs,Production Technician I,CCDR,Active,Part-Time,ZONE C,Full-Time,Production,General - Sga,13-12-1972,1972-12-13,MA,Female,Black,Widowed,Fully meets,3,26-12-2022,1,Low,4,1,17-Feb-23,2023-02-17,Communication Skills,Internal,Passed,1,4,770.12,49,40-49,0,0
1542,07-Apr-22,2022-04-07,4,2-4 yrs,Production Technician I,SVG,Active,Full-Time,ZONE A,Temporary,Production,Splicing,11-12-1992,1992-12-11,MA,Male,White,Married,Fully meets,3,31-07-2023,5,High,4,4,07-Oct-22,2022-10-07,Leadership Development,External,Incomplete,0,4,180.73,30,30-39,0,0
1543,11-Jul-19,2019-07-11,6,5-9 yrs,Production Technician I,EW,Active,Part-Time,ZONE A,Part-Time,Production,Field Operations,16-07-1961,1961-07-16,MA,Male,Black,Married,Fully meets,3,07-01-2023,4,High,1,1,01-May-23,2023-05-01,Technical Skills,Internal,Incomplete,0,2,734.87,58,50-59,0,0
1544,09-Aug-20,2020-08-09,5,5-9 yrs,Production Technician I,MSC,Active,Part-Time,ZONE C,Temporary,Production,General - Eng,18-05-1994,1994-05-18,MA,Female,Other,Married,Fully meets,3,20-06-2023,5,High,1,5,23-Oct-22,2022-10-23,Communication Skills,Internal,Passed,1,3,811.24,26,Under 30,0,0
1545,20-Sep-18,2018-09-20,7,5-9 yrs,Production Technician I,TNS,Active,Contract,ZONE A,Part-Time,Production,Field Operations,08-05-1957,1957-05-08,MA,Female,Hispanic,Married,Fully meets,3,21-08-2022,2,Low,4,2,05-Feb-23,2023-02-05,Leadership Development,Internal,Passed,1,3,566.0,61,60+,0,0
1546,21-Jan-20,2020-01-21,6,5-9 yrs,Production Technician I,PYZ,Active,Part-Time,ZONE B,Part-Time,Production,Splicing,13-08-1952,1952-08-13,MA,Female,Hispanic,Widowed,Fully meets,3,26-05-2023,3,Medium,1,5,26-Feb-23,2023-02-26,Project Management,External,Incomplete,0,5,638.92,68,60+,0,0
1547,17-Feb-22,2022-02-17,4,2-4 yrs,Production Technician I,WBL,Active,Contract,ZONE B,Temporary,Production,Technology / It,25-12-1993,1993-12-25,MA,Female,Hispanic,Widowed,Fully meets,3,24-09-2022,4,High,4,4,04-Apr-23,2023-04-04,Leadership Development,Internal,Incomplete,0,3,340.07,29,Under 30,0,0
1548,11-Jun-19,2019-06-11,6,5-9 yrs,Production Technician I,NEL,Active,Part-Time,ZONE A,Full-Time,Production,Engineers,01-08-1964,1964-08-01,MA,Male,Asian,Widowed,Needs improvement,3,14-06-2023,1,Low,4,4,12-Apr-23,2023-04-12,Communication Skills,Internal,Passed,1,4,206.75,55,50-59,0,0
1549,05-May-22,2022-05-05,4,2-4 yrs,Production Technician I,PL,Active,Part-Time,ZONE C,Full-Time,Production,Executive,16-01-1993,1993-01-16,MA,Female,Other,Married,Fully meets,3,07-07-2023,2,Low,3,1,04-Jun-23,2023-06-04,Project Management,External,Completed,1,1,759.56,29,Under 30,0,0
1550,19-Sep-18,2018-09-19,7,5-9 yrs,Production Technician I,BPC,Active,Full-Time,ZONE A,Temporary,Production,Field Operations,15-08-1961,1961-08-15,MA,Female,Black,Widowed,Fully meets,3,04-03-2023,2,Low,3,3,09-Nov-22,2022-11-09,Customer Service,External,Failed,0,3,354.19,57,50-59,0,0
1553,17-Dec-22,2022-12-17,3,2-4 yrs,Production Technician I,EW,Active,Part-Time,ZONE C,Part-Time,Production,Field Operations,04-10-1960,1960-10-04,MA,Female,Other,Single,Fully meets,3,12-01-2023,3,Medium,1,5,19-Mar-23,2023-03-19,Leadership Development,External,Completed,1,3,528.55,62,60+,0,0
1555,27-Mar-19,2019-03-27,7,5-9 yrs,Production Technician II,PL,Active,Part-Time,ZONE A,Part-Time,Production,Field Operations,26-04-1966,1966-04-26,MA,Female,Hispanic,Divorced,Fully meets,3,19-12-2022,5,High,1,2,26-Feb-23,2023-02-26,Technical Skills,External,Passed,1,5,757.78,53,50-59,0,0
1556,08-May-23,2023-05-08,3,2-4 yrs,Production Technician II,PYZ,Active,Full-Time,ZONE B,Temporary,Production,Project Management - Con,11-02-1993,1993-02-11,MA,Female,Asian,Widowed,Fully meets,3,07-10-2022,4,High,5,2,10-Jun-23,2023-06-10,Communication Skills,External,Completed,1,1,337.94,30,30-39,0,0
1557,12-Dec-18,2018-12-12,7,5-9 yrs,Production Technician II,SVG,Terminated,Part-Time,ZONE B,Temporary,Production,Project Management - Con,16-06-1991,1991-06-16,MA,Male,Hispanic,Divorced,Fully meets,3,19-08-2022,4,High,1,2,06-Jun-23,2023-06-06,Customer Service,External,Incomplete,0,5,256.57,27,Under 30,0,0
1558,25-Aug-20,2020-08-25,5,5-9 yrs,Production Technician II,TNS,Active,Part-Time,ZONE A,Temporary,Production,Field Operations,24-02-1981,1981-02-24,MA,Male,Black,Married,Fully meets,3,09-10-2022,3,Medium,5,2,25-Sep-22,2022-09-25,Leadership Development,External,Passed,1,2,839.12,39,30-39,0,0
1559,22-Apr-22,2022-04-22,4,2-4 yrs,Production Technician II,WBL,Terminated,Full-Time,ZONE B,Full-Time,Production,Project Management - Con,02-12-1965,1965-12-02,MA,Male,Other,Divorced,Fully meets,3,04-02-2023,3,Medium,1,3,08-Apr-23,2023-04-08,Project Management,External,Passed,1,1,281.94,57,50-59,0,0
1561,12-Feb-21,2021-02-12,5,5-9 yrs,Production Technician I,PL,Active,Contract,ZONE C,Full-Time,Production,General - Con,29-05-1956,1956-05-29,MA,Female,Hispanic,Single,Fully meets,3,01-04-2023,5,High,1,3,19-Oct-22,2022-10-19,Leadership Development,Internal,Incomplete,0,3,924.06,65,60+,0,0
1563,10-Sep-22,2022-09-10,3,2-4 yrs,Production Technician I,CCDR,Active,Contract,ZONE C,Temporary,Production,Field Operations,26-11-1960,1960-11-26,MA,Female,Black,Widowed,Fully meets,3,23-04-2023,1,Low,4,3,09-Dec-22,2022-12-09,Leadership Development,External,Incomplete,0,3,721.86,62,60+,0,0
1564,11-Mar-23,2023-03-11,3,2-4 yrs,Production Technician I,SVG,Active,Contract,ZONE A,Full-Time,Production,General - Con,04-03-1991,1991-03-04,MA,Male,Other,Widowed,Exceeds,3,20-12-2022,4,High,1,4,20-Apr-23,2023-04-20,Communication Skills,External,Completed,1,4,430.3,32,30-39,0,0
1565,28-Apr-22,2022-04-28,4,2-4 yrs,Production Technician I,EW,Active,Full-Time,ZONE C,Full-Time,Production,Field Operations,23-09-1960,1960-09-23,MA,Male,Asian,Widowed,Fully meets,3,16-06-2023,5,High,4,5,03-Dec-22,2022-12-03,Customer Service,Internal,Completed,1,3,337.52,62,60+,0,0
1566,20-Mar-22,2022-03-20,4,2-4 yrs,Production Technician I,MSC,Active,Full-Time,ZONE B,Temporary,Production,Yard (Material Handling),24-12-1962,1962-12-24,MA,Female,Hispanic,Divorced,Exceeds,3,25-07-2023,1,Low,4,1,05-May-23,2023-05-05,Communication Skills,Internal,Failed,0,1,692.71,60,60+,0,0
1567,04-Mar-22,2022-03-04,4,2-4 yrs,Production Technician I,TNS,Active,Contract,ZONE C,Part-Time,Production,Field Operations,29-11-1978,1978-11-29,MA,Female,Asian,Single,Fully meets,3,12-04-2023,4,High,2,4,13-May-23,2023-05-13,Project Management,External,Failed,0,1,177.99,44,40-49,0,0
1568,01-Feb-23,2023-02-01,3,2-4 yrs,Production Technician I,PYZ,Active,Part-Time,ZONE B,Full-Time,Production,Yard (Material Handling),15-03-1995,1995-03-15,MA,Female,Asian,Divorced,Fully meets,3,04-10-2022,1,Low,2,3,07-Apr-23,2023-04-07,Communication Skills,External,Incomplete,0,5,586.71,28,Under 30,0,0
1569,05-Feb-21,2021-02-05,5,5-9 yrs,Production Technician I,WBL,Active,Part-Time,ZONE C,Full-Time,Production,Engineers,24-02-1975,1975-02-24,MA,Male,Black,Widowed,Fully meets,3,08-03-2023,1,Low,3,1,20-Mar-23,2023-03-20,Customer Service,Internal,Completed,1,2,771.98,46,40-49,0,0
1570,23-Nov-22,2022-11-23,3,2-4 yrs,Production Technician I,NEL,Active,Contract,ZONE C,Part-Time,Production,General - Con,01-01-1992,1992-01-01,MA,Male,Asian,Single,Fully meets,3,07-08-2022,1,Low,4,5,28-Mar-23,2023-03-28,Project Management,Internal,Passed,1,4,121.88,30,30-39,0,0
1571,24-May-21,2021-05-24,5,5-9 yrs,Production Technician I,PL,Active,Part-Time,ZONE A,Full-Time,Production,Yard (Material Handling),12-09-1986,1986-09-12,MA,Female,Hispanic,Divorced,Exceeds,3,04-06-2023,3,Medium,2,4,15-Mar-23,2023-03-15,Project Management,External,Completed,1,2,379.68,35,30-39,0,0
1573,17-Mar-21,2021-03-17,5,5-9 yrs,Production Technician I,CCDR,Active,Contract,ZONE A,Part-Time,Production,Shop (Fleet),19-01-1985,1985-01-19,MA,Female,Other,Widowed,Fully meets,3,10-06-2023,1,Low,1,3,15-Dec-22,2022-12-15,Technical Skills,External,Incomplete,0,2,159.42,36,30-39,0,0
1577,15-Dec-20,2020-12-15,5,5-9 yrs,Production Technician II,PL,Active,Full-Time,ZONE B,Temporary,Production,Finance & Accounting,13-04-1963,1963-04-13,MA,Female,Black,Widowed,Fully meets,3,29-03-2023,5,High,2,1,26-Oct-22,2022-10-26,Customer Service,External,Failed,0,5,413.08,57,50-59,0,0
1578,06-May-21,2021-05-06,5,5-9 yrs,Production Technician II,PYZ,Terminated,Part-Time,ZONE B,Part-Time,Production,Field Operations,20-08-1980,1980-08-20,MA,Male,Hispanic,Married,Needs improvement,3,03-02-2023,5,High,5,1,29-Dec-22,2022-12-29,Technical Skills,External,Incomplete,0,1,856.71,41,40-49,0,0
1579,08-Jul-21,2021-07-08,4,2-4 yrs,Production Technician II,SVG,Active,Part-Time,ZONE A,Full-Time,Production,General - Con,30-09-1994,1994-09-30,MA,Male,White,Divorced,Fully meets,3,15-04-2023,1,Low,3,1,20-Oct-22,2022-10-20,Communication Skills,Internal,Passed,1,5,322.3,27,Under 30,0,0
1580,04-Apr-23,2023-04-04,3,2-4 yrs,Production Technician II,TNS,Active,Part-Time,ZONE A,Full-Time,Production,Finance & Accounting,10-04-1972,1972-04-10,MA,Male,Asian,Single,Needs improvement,3,23-04-2023,1,Low,1,5,29-Mar-23,2023-03-29,Project Management,Internal,Passed,1,3,527.93,51,50-59,0,1
1582,06-Apr-20,2020-04-06,6,5-9 yrs,Production Technician II,BPC,Terminated,Part-Time,ZONE C,Temporary,Production,Field Operations,01-04-1995,1995-04-01,MA,Female,Other,Single,Needs improvement,3,04-11-2022,2,Low,1,5,01-Nov-22,2022-11-01,Leadership Development,Internal,Completed,1,5,323.79,25,Under 30,0,0
1583,02-Mar-23,2023-03-02,3,2-4 yrs,Production Technician I,NEL,Terminated,Full-Time,ZONE B,Part-Time,Production,Project Management - Con,01-07-1973,1973-07-01,MA,Female,Other,Widowed,Fully meets,3,27-06-2023,3,Medium,3,3,18-Jun-23,2023-06-18,Leadership Development,External,Failed,0,3,184.66,50,50-59,0,0
1585,17-Sep-22,2022-09-17,3,2-4 yrs,Production Technician I,BPC,Active,Part-Time,ZONE A,Temporary,Production,Splicing,04-05-1956,1956-05-04,MA,Female,Black,Single,Fully meets,3,23-12-2022,5,High,4,4,06-Feb-23,2023-02-06,Technical Skills,External,Incomplete,0,5,843.28,66,60+,0,0
1586,15-Jan-22,2022-01-15,4,2-4 yrs,Production Technician I,CCDR,Active,Full-Time,ZONE C,Full-Time,Production,General - Con,05-01-1973,1973-01-05,MA,Female,Hispanic,Widowed,Fully meets,3,16-07-2023,3,Medium,3,4,06-Dec-22,2022-12-06,Communication Skills,Internal,Passed,1,3,643.9,49,40-49,0,0
1587,23-May-22,2022-05-23,4,2-4 yrs,Production Technician I,SVG,Active,Part-Time,ZONE C,Part-Time,Production,Splicing,12-12-1984,1984-12-12,MA,Male,Other,Divorced,Fully meets,3,27-06-2023,4,High,5,3,10-Mar-23,2023-03-10,Customer Service,Internal,Completed,1,4,876.73,38,30-39,0,0
1589,28-Aug-20,2020-08-28,5,5-9 yrs,Production Technician I,MSC,Active,Contract,ZONE A,Part-Time,Production,Field Operations,02-07-1996,1996-07-02,MA,Female,White,Married,Fully meets,3,26-04-2023,2,Low,1,1,22-Oct-22,2022-10-22,Project Management,Internal,Incomplete,0,4,328.06,24,Under 30,0,0
1590,09-Sep-21,2021-09-09,4,2-4 yrs,Production Technician I,TNS,Active,Part-Time,ZONE A,Full-Time,Production,Wireline Construction,09-09-1983,1983-09-09,MA,Male,Black,Single,Fully meets,3,20-04-2023,5,High,1,3,16-Mar-23,2023-03-16,Leadership Development,Internal,Failed,0,2,187.35,38,30-39,0,0
1591,10-Feb-23,2023-02-10,3,2-4 yrs,Production Technician I,PYZ,Active,Contract,ZONE A,Part-Time,Production,General - Con,20-10-1957,1957-10-20,MA,Female,Asian,Divorced,Fully meets,3,10-05-2023,4,High,3,1,09-Jun-23,2023-06-09,Leadership Development,Internal,Passed,1,5,340.01,66,60+,0,0
1592,14-Jun-20,2020-06-14,5,5-9 yrs,Production Technician I,WBL,Active,Full-Time,ZONE A,Full-Time,Production,Engineers,15-08-1981,1981-08-15,MA,Male,Other,Single,Exceeds,3,06-06-2023,1,Low,1,4,20-Jun-23,2023-06-20,Communication Skills,Internal,Incomplete,0,1,590.82,39,30-39,0,0
1593,05-Dec-20,2020-12-05,5,5-9 yrs,Production Technician I,NEL,Active,Part-Time,ZONE B,Full-Time,Production,Catv,18-11-1984,1984-11-18,MA,Male,Asian,Widowed,Exceeds,3,02-10-2022,1,Low,4,1,08-May-23,2023-05-08,Leadership Development,External,Failed,0,1,321.08,36,30-39,0,0
1594,16-Jul-22,2022-07-16,3,2-4 yrs,Production Technician I,PL,Active,Part-Time,ZONE B,Full-Time,Production,Aerial,30-04-1968,1968-04-30,MA,Female,Black,Single,Exceeds,3,08-12-2022,1,Low,1,4,04-Apr-23,2023-04-04,Communication Skills,External,Failed,0,1,684.45,54,50-59,0,0
1595,09-Jun-23,2023-06-09,2,2-4 yrs,Production Technician I,BPC,Active,Part-Time,ZONE A,Full-Time,Production,General - Eng,11-09-1969,1969-09-11,MA,Female,Black,Married,Exceeds,3,12-01-2023,3,Medium,4,3,07-May-23,2023-05-07,Leadership Development,External,Passed,1,4,571.48,54,50-59,0,1
1599,18-May-22,2022-05-18,4,2-4 yrs,Production Technician II,BPC,Terminated,Full-Time,ZONE C,Full-Time,Production,Field Operations,13-11-1975,1975-11-13,MA,Male,White,Divorced,Exceeds,3,13-09-2022,4,High,5,2,17-May-23,2023-05-17,Leadership Development,External,Passed,1,2,848.72,47,40-49,0,0
1600,06-Nov-18,2018-11-06,7,5-9 yrs,Production Technician II,CCDR,Active,Contract,ZONE A,Full-Time,Production,General - Con,19-05-1993,1993-05-19,MA,Female,Hispanic,Married,Exceeds,3,28-04-2023,5,High,3,2,15-Aug-22,2022-08-15,Project Management,Internal,Passed,1,5,851.93,25,Under 30,0,0
1601,29-Mar-22,2022-03-29,4,2-4 yrs,Production Technician II,SVG,Active,Part-Time,ZONE C,Temporary,Production,Engineers,08-10-1990,1990-10-08,MA,Male,Asian,Single,Exceeds,3,05-01-2023,4,High,2,5,20-May-23,2023-05-20,Technical Skills,Internal,Incomplete,0,4,381.09,32,30-39,0,0
1602,04-Nov-21,2021-11-04,4,2-4 yrs,Production Technician II,EW,Active,Full-Time,ZONE A,Part-Time,Production,General - Con,10-10-2000,2000-10-10,MA,Female,Asian,Married,Exceeds,3,01-04-2023,2,Low,1,3,23-Apr-23,2023-04-23,Project Management,External,Incomplete,0,4,175.5,21,Under 30,0,0
1603,27-Apr-23,2023-04-27,3,2-4 yrs,Production Technician II,MSC,Active,Part-Time,ZONE B,Part-Time,Production,General - Con,25-12-1968,1968-12-25,MA,Male,White,Single,Exceeds,3,31-08-2022,2,Low,5,1,11-Mar-23,2023-03-11,Communication Skills,External,Completed,1,2,784.15,55,50-59,0,1
1604,08-Mar-20,2020-03-08,6,5-9 yrs,Production Technician II,TNS,Active,Full-Time,ZONE B,Full-Time,Production,General - Con,19-10-1976,1976-10-19,MA,Male,Asian,Married,Exceeds,3,28-01-2023,1,Low,5,1,08-Feb-23,2023-02-08,Communication Skills,External,Passed,1,3,999.97,44,40-49,0,0
1605,27-Apr-19,2019-04-27,7,5-9 yrs,Production Technician I,NEL,Terminated,Full-Time,ZONE B,Full-Time,Production,Field Operations,20-10-1956,1956-10-20,MA,Female,Black,Single,Exceeds,3,08-05-2023,2,Low,3,3,08-Apr-23,2023-04-08,Customer Service,Internal,Passed,1,5,878.65,63,60+,0,0
1607,09-Mar-21,2021-03-09,5,5-9 yrs,Production Technician I,BPC,Active,Contract,ZONE C,Temporary,Production,Shop (Fleet),10-12-1987,1987-12-10,MA,Female,Hispanic,Married,Needs improvement,3,18-03-2023,3,Medium,5,5,30-Nov-22,2022-11-30,Customer Service,External,Completed,1,3,961.1,34,30-39,0,0
1608,05-Nov-20,2020-11-05,5,5-9 yrs,Production Technician I,CCDR,Active,Part-Time,ZONE A,Temporary,Production,Field Operations,24-02-1997,1997-02-24,MA,Female,White,Widowed,Pip,3,11-12-2022,2,Low,4,3,06-Nov-22,2022-11-06,Customer Service,Internal,Incomplete,0,1,820.96,23,Under 30,0,0
1609,12-Sep-18,2018-09-12,7,5-9 yrs,Production Technician I,SVG,Active,Contract,ZONE A,Full-Time,Production,General - Eng,26-11-1953,1953-11-26,MA,Male,Black,Married,Pip,3,13-04-2023,5,High,5,4,22-Apr-23,2023-04-22,Project Management,Internal,Failed,0,3,455.52,65,60+,0,0
1610,09-Nov-19,2019-11-09,6,5-9 yrs,Production Technician I,EW,Active,Part-Time,ZONE B,Full-Time,Production,General - Con,28-01-1986,1986-01-28,MA,Female,White,Single,Needs improvement,3,23-10-2022,4,High,5,5,29-Mar-23,2023-03-29,Communication Skills,External,Completed,1,4,815.24,33,30-39,0,0
1611,29-Nov-18,2018-11-29,7,5-9 yrs,Production Technician I,MSC,Active,Full-Time,ZONE C,Part-Time,Production,Project Management - Con,25-01-1962,1962-01-25,MA,Female,Hispanic,Widowed,Needs improvement,3,21-05-2023,1,Low,2,2,01-Oct-22,2022-10-01,Leadership Development,External,Failed,0,5,534.82,56,50-59,0,0
1612,03-Jul-22,2022-07-03,3,2-4 yrs,Production Technician I,TNS,Active,Part-Time,ZONE B,Temporary,Production,General - Sga,28-05-1993,1993-05-28,MA,Male,White,Single,Needs improvement,3,13-12-2022,5,High,5,3,25-Jan-23,2023-01-25,Technical Skills,External,Incomplete,0,4,522.79,29,Under 30,0,0
1613,26-Sep-19,2019-09-26,6,5-9 yrs,Production Technician I,PYZ,Active,Contract,ZONE C,Full-Time,Production,Field Operations,03-07-1995,1995-07-03,MA,Female,Other,Single,Exceeds,3,07-09-2022,4,High,2,1,28-Jan-23,2023-01-28,Leadership Development,Internal,Completed,1,1,868.8,24,Under 30,0,0
1615,19-Jan-23,2023-01-19,3,2-4 yrs,Production Technician I,NEL,Active,Part-Time,ZONE C,Part-Time,Production,General - Con,16-01-1960,1960-01-16,MA,Male,White,Married,Exceeds,3,27-07-2023,1,Low,1,3,31-Aug-22,2022-08-31,Technical Skills,Internal,Passed,1,1,874.1,63,60+,0,1
1616,01-Oct-18,2018-10-01,7,5-9 yrs,Production Technician I,PL,Active,Full-Time,ZONE A,Part-Time,Production,Field Operations,03-06-1991,1991-06-03,MA,Female,Black,Divorced,Needs improvement,3,29-01-2023,3,Medium,4,1,18-Jul-23,2023-07-18,Leadership Development,External,Completed,1,2,206.73,27,Under 30,0,0
1617,18-Feb-22,2022-02-18,4,2-4 yrs,Production Technician I,BPC,Active,Full-Time,ZONE B,Full-Time,Production,Aerial,27-12-1991,1991-12-27,MA,Female,Black,Divorced,Needs improvement,3,08-02-2023,5,High,1,2,06-Feb-23,2023-02-06,Leadership Development,Internal,Completed,1,3,586.5,31,30-39,0,0
1618,09-Dec-21,2021-12-09,4,2-4 yrs,Production Technician I,CCDR,Active,Full-Time,ZONE B,Temporary,Production,Field Operations,16-06-1977,1977-06-16,MA,Male,White,Widowed,Needs improvement,3,16-11-2022,2,Low,5,4,24-Apr-23,2023-04-24,Leadership Development,Internal,Passed,1,2,779.69,44,40-49,0,0
1620,27-May-20,2020-05-27,6,5-9 yrs,Production Technician I,EW,Active,Contract,ZONE A,Full-Time,Production,Executive,04-03-1967,1967-03-04,MA,Male,Asian,Single,Needs improvement,3,30-10-2022,5,High,3,2,18-Jan-23,2023-01-18,Project Management,External,Completed,1,5,986.14,53,50-59,0,0
1621,21-Sep-21,2021-09-21,4,2-4 yrs,BI Developer,MSC,Active,Full-Time,ZONE B,Temporary,It/is,Field Operations,09-12-1975,1975-12-09,MA,Male,Other,Divorced,Needs improvement,3,21-05-2023,4,High,1,3,03-Oct-22,2022-10-03,Technical Skills,Internal,Completed,1,2,264.74,46,40-49,0,0
1623,19-Jun-23,2023-06-19,2,2-4 yrs,BI Developer,PYZ,Active,Full-Time,ZONE C,Temporary,It/is,Finance & Accounting,17-06-2001,2001-06-17,MA,Male,Other,Divorced,Needs improvement,3,18-12-2022,1,Low,2,2,26-Nov-22,2022-11-26,Project Management,Internal,Passed,1,3,232.5,22,Under 30,0,1
1624,12-May-23,2023-05-12,3,2-4 yrs,Senior BI Developer,WBL,Active,Full-Time,ZONE A,Temporary,It/is,Field Operations,22-10-1996,1996-10-22,MA,Male,White,Widowed,Needs improvement,3,24-07-2023,5,High,1,3,21-Apr-23,2023-04-21,Customer Service,Internal,Failed,0,1,953.68,27,Under 30,0,1
1625,05-Jun-22,2022-06-05,3,2-4 yrs,Senior BI Developer,NEL,Active,Part-Time,ZONE B,Part-Time,It/is,Shop (Fleet),16-09-1977,1977-09-16,MA,Male,Other,Single,Exceeds,3,16-08-2022,5,High,2,2,15-Nov-22,2022-11-15,Project Management,External,Passed,1,5,101.56,45,40-49,0,0
1627,15-May-23,2023-05-15,3,2-4 yrs,BI Developer,BPC,Active,Full-Time,ZONE C,Full-Time,It/is,Field Operations,14-01-1966,1966-01-14,MA,Female,Other,Divorced,Exceeds,3,06-08-2022,4,High,4,1,05-Dec-22,2022-12-05,Project Management,Internal,Completed,1,5,943.93,57,50-59,0,1
1628,15-Dec-18,2018-12-15,7,5-9 yrs,Senior BI Developer,CCDR,Active,Part-Time,ZONE A,Temporary,It/is,Catv,12-04-1974,1974-04-12,MA,Female,Asian,Single,Needs improvement,3,12-04-2023,4,High,4,2,20-May-23,2023-05-20,Customer Service,Internal,Completed,1,1,781.52,44,40-49,0,0
1631,17-Jun-23,2023-06-17,2,2-4 yrs,BI Developer,CCDR,Terminated,Full-Time,ZONE C,Full-Time,It/is,Executive,24-10-1986,1986-10-24,MA,Female,White,Widowed,Fully meets,3,24-06-2023,2,Low,4,1,14-Jan-23,2023-01-14,Customer Service,External,Incomplete,0,1,464.49,37,30-39,0,1
1632,14-Jan-22,2022-01-14,4,2-4 yrs,BI Developer,SVG,Active,Full-Time,ZONE C,Full-Time,It/is,Field Operations,06-08-1970,1970-08-06,MA,Female,Black,Widowed,Fully meets,3,12-03-2023,5,High,4,4,26-Mar-23,2023-03-26,Leadership Development,External,Completed,1,4,196.31,52,50-59,0,0
1633,22-Oct-18,2018-10-22,7,5-9 yrs,Area Sales Manager,EW,Active,Contract,ZONE B,Temporary,It/is,Field Operations,05-05-1994,1994-05-05,MA,Female,Black,Widowed,Fully meets,3,09-12-2022,4,High,3,2,09-Oct-22,2022-10-09,Project Management,External,Passed,1,3,300.12,24,Under 30,0,0
1634,17-Oct-21,2021-10-17,4,2-4 yrs,Area Sales Manager,MSC,Active,Contract,ZONE C,Part-Time,It/is,Finance & Accounting,22-07-1974,1974-07-22,MA,Male,Black,Divorced,Fully meets,3,13-01-2023,2,Low,3,1,26-Mar-23,2023-03-26,Communication Skills,External,Failed,0,3,895.42,47,40-49,0,0
1635,19-Oct-21,2021-10-19,4,2-4 yrs,Area Sales Manager,TNS,Active,Full-Time,ZONE C,Part-Time,It/is,Safety,26-09-1988,1988-09-26,MA,Male,Hispanic,Single,Fully meets,3,19-12-2022,4,High,4,2,15-May-23,2023-05-15,Leadership Development,External,Completed,1,3,619.86,33,30-39,0,0
1636,16-Oct-18,2018-10-16,7,5-9 yrs,Sales Manager,SVG,Active,Contract,ZONE B,Part-Time,Admin offices,Aerial,07-11-1998,1998-11-07,MA,Male,White,Single,Fully meets,3,14-10-2022,4,High,5,2,31-Aug-22,2022-08-31,Technical Skills,External,Completed,1,1,943.84,20,Under 30,0,0
1637,26-Apr-20,2020-04-26,6,5-9 yrs,Sales Manager,EW,Active,Full-Time,ZONE C,Part-Time,Admin offices,General - Con,18-01-1986,1986-01-18,MA,Male,Black,Divorced,Fully meets,3,20-10-2022,4,High,1,2,04-Oct-22,2022-10-04,Customer Service,External,Failed,0,5,556.33,34,30-39,0,0
1638,22-Jan-20,2020-01-22,6,5-9 yrs,Sales Manager,MSC,Active,Full-Time,ZONE B,Full-Time,Sales,Finance & Accounting,20-07-1994,1994-07-20,MA,Male,Asian,Divorced,Fully meets,3,08-05-2023,2,Low,4,5,27-Dec-22,2022-12-27,Customer Service,External,Completed,1,4,274.97,26,Under 30,0,0
1639,30-Mar-22,2022-03-30,4,2-4 yrs,BI Director,EW,Terminated,Full-Time,ZONE A,Full-Time,It/is,Field Operations,10-01-1958,1958-01-10,MA,Male,Black,Married,Fully meets,3,12-10-2022,1,Low,2,1,21-Jan-23,2023-01-21,Communication Skills,Internal,Completed,1,5,359.87,64,60+,0,0
1640,29-May-21,2021-05-29,5,5-9 yrs,BI Developer,MSC,Terminated,Contract,ZONE A,Full-Time,It/is,Engineers,30-08-1961,1961-08-30,MA,Female,Hispanic,Divorced,Fully meets,3,19-12-2022,2,Low,4,1,01-Feb-23,2023-02-01,Communication Skills,Internal,Completed,1,1,881.51,60,60+,0,0
1641,09-Mar-23,2023-03-09,3,2-4 yrs,BI Developer,NEL,Terminated,Part-Time,ZONE C,Temporary,It/is,Field Operations,06-10-1989,1989-10-06,MA,Female,Other,Married,Fully meets,3,18-03-2023,5,High,4,4,22-Dec-22,2022-12-22,Project Management,External,Passed,1,5,879.86,34,30-39,0,1
1643,07-Apr-19,2019-04-07,7,5-9 yrs,Area Sales Manager,SVG,Active,Full-Time,ZONE A,Full-Time,It/is,Aerial,19-05-1981,1981-05-19,MA,Male,Other,Widowed,Fully meets,3,23-08-2022,5,High,3,4,13-Jul-23,2023-07-13,Technical Skills,External,Completed,1,3,674.14,38,30-39,0,0
1644,23-Mar-23,2023-03-23,3,2-4 yrs,Area Sales Manager,TNS,Active,Contract,ZONE C,Temporary,It/is,Aerial,05-10-2000,2000-10-05,MA,Male,Other,Widowed,Fully meets,3,01-04-2023,3,Medium,1,1,13-Dec-22,2022-12-13,Customer Service,External,Failed,0,4,383.95,23,Under 30,0,1
1645,18-Feb-21,2021-02-18,5,5-9 yrs,Area Sales Manager,WBL,Active,Part-Time,ZONE A,Temporary,It/is,Fielders,19-12-1975,1975-12-19,MA,Male,Hispanic,Widowed,Fully meets,3,26-09-2022,5,High,5,5,12-Aug-22,2022-08-12,Technical Skills,External,Completed,1,1,122.81,46,40-49,0,0
1646,05-Apr-19,2019-04-05,7,5-9 yrs,Sales Manager,SVG,Active,Contract,ZONE C,Full-Time,Admin offices,General - Sga,17-06-1987,1987-06-17,MA,Male,Black,Divorced,Fully meets,3,20-01-2023,2,Low,2,1,07-Aug-22,2022-08-07,Customer Service,Internal,Completed,1,5,380.22,32,30-39,0,0
1647,23-Oct-19,2019-10-23,6,5-9 yrs,Sales Manager,EW,Active,Contract,ZONE B,Part-Time,It/is,Catv,03-02-1986,1986-02-03,MA,Male,Black,Widowed,Fully meets,3,16-02-2023,4,High,2,5,15-Sep-22,2022-09-15,Communication Skills,External,Passed,1,5,719.1,33,30-39,0,0
1648,14-May-21,2021-05-14,5,5-9 yrs,Sales Manager,MSC,Active,Part-Time,ZONE C,Part-Time,Sales,Aerial,19-08-1977,1977-08-19,MA,Male,White,Single,Fully meets,3,16-12-2022,4,High,4,5,11-Jan-23,2023-01-11,Project Management,External,Passed,1,1,699.81,44,40-49,0,0
1649,19-Mar-19,2019-03-19,7,5-9 yrs,CIO,WBL,Active,Full-Time,ZONE A,Part-Time,It/is,Wireline Construction,10-03-1964,1964-03-10,TX,Male,White,Single,Fully meets,3,28-07-2023,3,Medium,1,2,24-Nov-22,2022-11-24,Leadership Development,Internal,Passed,1,5,452.38,55,50-59,0,0
1651,05-Oct-19,2019-10-05,6,5-9 yrs,BI Developer,PL,Terminated,Part-Time,ZONE A,Temporary,It/is,Aerial,23-01-1993,1993-01-23,MA,Female,Black,Widowed,Fully meets,3,01-11-2022,4,High,4,4,20-Dec-22,2022-12-20,Customer Service,Internal,Passed,1,5,595.83,26,Under 30,0,0
1652,29-Nov-21,2021-11-29,4,2-4 yrs,BI Developer,BPC,Terminated,Full-Time,ZONE C,Full-Time,It/is,Field Operations,01-06-1985,1985-06-01,MA,Female,White,Single,Fully meets,3,09-06-2023,1,Low,4,4,09-Dec-22,2022-12-09,Leadership Development,Internal,Completed,1,4,740.51,36,30-39,0,0
1653,06-Nov-18,2018-11-06,7,5-9 yrs,Area Sales Manager,EW,Active,Part-Time,ZONE B,Temporary,It/is,Field Operations,07-01-1957,1957-01-07,MA,Male,Hispanic,Married,Fully meets,3,02-12-2022,2,Low,4,5,24-Jul-23,2023-07-24,Technical Skills,External,Incomplete,0,1,886.01,61,60+,0,0
1654,27-Jul-21,2021-07-27,4,2-4 yrs,Area Sales Manager,MSC,Active,Full-Time,ZONE B,Temporary,It/is,Engineers,19-12-1999,1999-12-19,MA,Male,Black,Divorced,Fully meets,3,11-06-2023,2,Low,3,3,01-May-23,2023-05-01,Technical Skills,External,Failed,0,2,641.09,22,Under 30,0,0
1656,04-Sep-22,2022-09-04,3,2-4 yrs,Senior BI Developer,CCDR,Active,Part-Time,ZONE C,Temporary,Admin offices,Field Operations,20-05-1985,1985-05-20,MA,Male,Black,Single,Fully meets,3,30-09-2022,1,Low,4,5,19-Mar-23,2023-03-19,Leadership Development,Internal,Completed,1,3,132.75,37,30-39,0,0
1657,24-May-19,2019-05-24,7,5-9 yrs,Sales Manager,SVG,Active,Contract,ZONE B,Part-Time,It/is,Engineers,30-08-1969,1969-08-30,MA,Male,Other,Married,Fully meets,3,29-07-2023,1,Low,5,1,01-Oct-22,2022-10-01,Technical Skills,Internal,Passed,1,1,838.52,50,50-59,0,0
1658,03-Nov-19,2019-11-03,6,5-9 yrs,Sales Manager,EW,Active,Contract,ZONE B,Part-Time,It/is,Field Operations,29-12-1975,1975-12-29,MA,Male,Other,Widowed,Fully meets,3,07-08-2022,2,Low,1,2,06-Jun-23,2023-06-06,Project Management,External,Failed,0,4,474.23,44,40-49,0,0
1659,26-Nov-19,2019-11-26,6,5-9 yrs,Sales Manager,MSC,Active,Full-Time,ZONE C,Part-Time,Sales,Field Operations,30-06-1977,1977-06-30,MA,Female,White,Single,Fully meets,3,11-07-2023,4,High,5,5,23-May-23,2023-05-23,Leadership Development,Internal,Incomplete,0,1,579.06,42,40-49,0,0
1660,09-Aug-22,2022-08-09,3,2-4 yrs,CIO,WBL,Terminated,Contract,ZONE B,Full-Time,It/is,General - Con,02-07-1971,1971-07-02,MA,Male,Other,Widowed,Fully meets,3,17-06-2023,5,High,5,1,25-Jul-23,2023-07-25,Communication Skills,Internal,Failed,0,5,698.82,51,50-59,0,0
1661,19-Mar-19,2019-03-19,7,5-9 yrs,BI Director,NEL,Active,Contract,ZONE C,Full-Time,It/is,Finance & Accounting,16-05-1982,1982-05-16,MA,Male,Hispanic,Divorced,Fully meets,3,25-02-2023,5,High,4,4,20-Jul-23,2023-07-20,Technical Skills,Internal,Failed,0,5,633.36,37,30-39,0,0
1662,25-Nov-18,2018-11-25,7,5-9 yrs,BI Developer,PL,Active,Contract,ZONE C,Full-Time,It/is,Engineers,04-11-1963,1963-11-04,MA,Female,Hispanic,Married,Fully meets,3,17-05-2023,2,Low,4,5,18-Feb-23,2023-02-18,Technical Skills,Internal,Failed,0,3,241.19,55,50-59,0,0
1663,10-Apr-22,2022-04-10,4,2-4 yrs,BI Developer,BPC,Terminated,Full-Time,ZONE C,Full-Time,It/is,Aerial,30-01-1961,1961-01-30,MA,Female,Asian,Widowed,Fully meets,3,10-03-2023,4,High,2,4,13-Jul-23,2023-07-13,Communication Skills,External,Passed,1,5,271.37,61,60+,0,0
1664,02-Apr-21,2021-04-02,5,5-9 yrs,Area Sales Manager,EW,Active,Full-Time,ZONE C,Full-Time,It/is,Splicing,10-09-1991,1991-09-10,MA,Male,White,Single,Fully meets,3,12-02-2023,2,Low,1,1,08-Jul-23,2023-07-08,Project Management,Internal,Incomplete,0,1,137.87,30,30-39,0,0
1665,22-Dec-19,2019-12-22,6,5-9 yrs,Area Sales Manager,MSC,Active,Contract,ZONE A,Part-Time,It/is,Project Management - Con,10-07-1963,1963-07-10,MA,Male,Black,Widowed,Fully meets,3,23-08-2022,4,High,2,3,15-Nov-22,2022-11-15,Project Management,Internal,Passed,1,3,999.83,56,50-59,0,0
1666,14-Aug-21,2021-08-14,4,2-4 yrs,Area Sales Manager,TNS,Active,Full-Time,ZONE A,Part-Time,It/is,General - Con,22-07-1978,1978-07-22,OR,Male,Black,Divorced,Fully meets,3,12-08-2022,3,Medium,3,4,21-Feb-23,2023-02-21,Technical Skills,Internal,Failed,0,5,597.62,43,40-49,0,0
1667,28-Aug-18,2018-08-28,7,5-9 yrs,Senior BI Developer,BPC,Active,Full-Time,ZONE A,Full-Time,Admin offices,Splicing,19-03-1972,1972-03-19,MA,Male,Black,Widowed,Fully meets,3,24-10-2022,1,Low,3,5,11-Sep-22,2022-09-11,Leadership Development,External,Completed,1,1,697.89,46,40-49,0,0
1669,18-Sep-20,2020-09-18,5,5-9 yrs,Sales Manager,SVG,Active,Part-Time,ZONE A,Temporary,It/is,Field Operations,14-09-1961,1961-09-14,MA,Male,Asian,Divorced,Fully meets,3,13-09-2022,3,Medium,1,2,10-Jan-23,2023-01-10,Project Management,External,Passed,1,5,753.01,59,50-59,0,0
1670,18-Jul-19,2019-07-18,6,5-9 yrs,Sales Manager,EW,Active,Contract,ZONE A,Full-Time,It/is,Splicing,06-11-1960,1960-11-06,MA,Female,Other,Widowed,Fully meets,3,11-08-2022,2,Low,2,2,01-Feb-23,2023-02-01,Leadership Development,Internal,Failed,0,5,939.02,59,50-59,0,0
1671,21-Nov-21,2021-11-21,4,2-4 yrs,Sales Manager,MSC,Active,Contract,ZONE A,Full-Time,Sales,Project Management - Con,10-10-1964,1964-10-10,MA,Female,White,Married,Fully meets,3,08-07-2023,5,High,3,5,15-Nov-22,2022-11-15,Customer Service,External,Passed,1,2,680.45,57,50-59,0,0
1673,21-Aug-19,2019-08-21,6,5-9 yrs,BI Director,EW,Active,Part-Time,ZONE C,Full-Time,It/is,General - Con,07-11-1950,1950-11-07,MA,Female,Other,Widowed,Fully meets,3,19-08-2022,3,Medium,5,5,04-Jan-23,2023-01-04,Project Management,External,Incomplete,0,2,981.06,69,60+,0,0
1675,03-Feb-23,2023-02-03,3,2-4 yrs,Area Sales Manager,SVG,Active,Full-Time,ZONE A,Part-Time,It/is,Field Operations,02-11-1959,1959-11-02,MA,Male,Hispanic,Widowed,Fully meets,3,25-01-2023,4,High,1,4,07-Mar-23,2023-03-07,Technical Skills,Internal,Failed,0,4,904.68,64,60+,0,0
1676,08-May-23,2023-05-08,3,2-4 yrs,Area Sales Manager,TNS,Active,Part-Time,ZONE B,Full-Time,It/is,Catv,12-08-1963,1963-08-12,MA,Male,Other,Widowed,Fully meets,3,27-03-2023,2,Low,5,1,07-Dec-22,2022-12-07,Project Management,Internal,Failed,0,5,104.66,60,60+,0,1
1677,29-Jul-22,2022-07-29,3,2-4 yrs,Area Sales Manager,WBL,Active,Part-Time,ZONE B,Part-Time,It/is,General - Con,22-11-1965,1965-11-22,OR,Female,Other,Widowed,Fully meets,3,10-03-2023,5,High,4,5,02-Dec-22,2022-12-02,Technical Skills,External,Incomplete,0,2,836.37,57,50-59,0,0
1680,25-Oct-19,2019-10-25,6,5-9 yrs,Senior BI Developer,CCDR,Active,Full-Time,ZONE C,Temporary,It/is,General - Con,01-09-1976,1976-09-01,MA,Male,Other,Divorced,Fully meets,3,01-03-2023,5,High,4,5,04-Oct-22,2022-10-04,Customer Service,Internal,Completed,1,3,882.76,43,40-49,0,0
1681,05-Mar-23,2023-03-05,3,2-4 yrs,Sales Manager,SVG,Active,Contract,ZONE B,Temporary,It/is,Engineers,10-10-1974,1974-10-10,MA,Female,White,Divorced,Fully meets,3,30-05-2023,2,Low,3,4,20-Dec-22,2022-12-20,Customer Service,External,Failed,0,1,113.42,49,40-49,0,1
1682,01-Jun-21,2021-06-01,5,5-9 yrs,Sales Manager,EW,Active,Part-Time,ZONE B,Part-Time,It/is,Aerial,29-12-1970,1970-12-29,MA,Female,Black,Married,Fully meets,3,15-04-2023,5,High,3,4,19-Sep-22,2022-09-19,Project Management,External,Failed,0,3,284.61,51,50-59,0,0
1683,22-Jan-22,2022-01-22,4,2-4 yrs,Sales Manager,MSC,Terminated,Full-Time,ZONE B,Part-Time,Sales,Aerial,14-02-1988,1988-02-14,MA,Female,Other,Married,Fully meets,3,29-12-2022,2,Low,4,4,28-Jun-23,2023-06-28,Project Management,Internal,Failed,0,1,599.74,34,30-39,0,0
1684,09-Jul-23,2023-07-09,2,2-4 yrs,CIO,WBL,Terminated,Contract,ZONE A,Part-Time,It/is,Engineers,07-03-1963,1963-03-07,MA,Male,Hispanic,Widowed,Fully meets,3,30-12-2022,2,Low,4,3,05-Jun-23,2023-06-05,Leadership Development,Internal,Failed,0,5,700.99,60,60+,0,1
1685,11-Nov-18,2018-11-11,7,5-9 yrs,BI Director,NEL,Terminated,Full-Time,ZONE A,Full-Time,It/is,Aerial,26-06-1968,1968-06-26,MA,Female,Black,Divorced,Fully meets,3,18-01-2023,1,Low,4,2,01-Jan-23,2023-01-01,Customer Service,Internal,Passed,1,1,650.07,50,50-59,0,0
1686,05-Jan-21,2021-01-05,5,5-9 yrs,BI Developer,SVG,Active,Contract,ZONE C,Full-Time,It/is,Finance & Accounting,06-03-1954,1954-03-06,MA,Male,Black,Widowed,Fully meets,3,06-02-2023,2,Low,4,2,11-Nov-22,2022-11-11,Communication Skills,External,Completed,1,2,851.38,67,60+,0,0
1687,25-Nov-22,2022-11-25,3,2-4 yrs,Area Sales Manager,EW,Active,Part-Time,ZONE C,Full-Time,It/is,Engineers,25-04-1967,1967-04-25,MA,Male,White,Widowed,Fully meets,3,03-08-2023,3,Medium,4,5,24-Feb-23,2023-02-24,Customer Service,Internal,Failed,0,4,455.1,55,50-59,0,0
1688,30-Mar-20,2020-03-30,6,5-9 yrs,Area Sales Manager,MSC,Active,Full-Time,ZONE A,Full-Time,It/is,Shop (Fleet),23-07-1956,1956-07-23,OR,Male,Other,Divorced,Fully meets,3,12-11-2022,1,Low,4,5,21-Dec-22,2022-12-21,Project Management,Internal,Completed,1,3,880.67,64,60+,0,0
1689,02-Jan-21,2021-01-02,5,5-9 yrs,Senior BI Developer,MSC,Active,Part-Time,ZONE C,Temporary,Admin offices,Field Operations,04-12-1985,1985-12-04,MA,Male,Other,Married,Fully meets,3,26-04-2023,5,High,3,5,15-Sep-22,2022-09-15,Customer Service,External,Passed,1,2,712.64,36,30-39,0,0
1693,24-Dec-22,2022-12-24,3,2-4 yrs,Sales Manager,SVG,Active,Contract,ZONE C,Part-Time,It/is,Field Operations,13-08-1985,1985-08-13,MA,Female,Other,Single,Fully meets,3,18-12-2022,3,Medium,5,1,10-Mar-23,2023-03-10,Project Management,External,Passed,1,5,928.81,37,30-39,0,0
1694,09-Apr-21,2021-04-09,5,5-9 yrs,CIO,TNS,Terminated,Part-Time,ZONE A,Temporary,It/is,Aerial,04-10-1961,1961-10-04,MA,Male,Asian,Married,Fully meets,3,31-08-2022,3,Medium,5,3,30-Aug-22,2022-08-30,Communication Skills,Internal,Completed,1,5,638.07,60,60+,0,0
1695,04-Sep-18,2018-09-04,7,5-9 yrs,BI Director,SVG,Terminated,Contract,ZONE C,Full-Time,It/is,Isp,13-11-1981,1981-11-13,MA,Female,Other,Widowed,Fully meets,3,25-05-2023,3,Medium,3,3,03-Jan-23,2023-01-03,Leadership Development,Internal,Passed,1,2,913.34,37,30-39,0,0
1696,07-Nov-21,2021-11-07,4,2-4 yrs,BI Developer,NEL,Active,Full-Time,ZONE C,Temporary,It/is,General - Eng,16-09-1962,1962-09-16,MA,Male,Hispanic,Married,Fully meets,3,27-05-2023,4,High,4,1,29-May-23,2023-05-29,Project Management,Internal,Completed,1,1,754.78,59,50-59,0,0
1697,24-May-23,2023-05-24,3,2-4 yrs,BI Developer,MSC,Active,Full-Time,ZONE B,Part-Time,It/is,General - Con,15-06-1987,1987-06-15,MA,Male,Asian,Widowed,Fully meets,3,15-10-2022,1,Low,5,2,14-Oct-22,2022-10-14,Leadership Development,External,Passed,1,4,503.3,36,30-39,0,1
1698,15-Feb-21,2021-02-15,5,5-9 yrs,Area Sales Manager,EW,Active,Full-Time,ZONE A,Part-Time,It/is,Billable Consultants,14-11-1994,1994-11-14,MA,Male,White,Married,Fully meets,3,21-03-2023,3,Medium,5,4,23-Nov-22,2022-11-23,Technical Skills,External,Passed,1,5,218.31,27,Under 30,0,0
1699,03-Nov-21,2021-11-03,4,2-4 yrs,Senior BI Developer,PL,Active,Contract,ZONE C,Part-Time,Admin offices,Executive,17-06-1993,1993-06-17,MA,Male,Hispanic,Married,Fully meets,3,25-04-2023,2,Low,4,3,24-Jul-23,2023-07-24,Customer Service,External,Incomplete,0,3,730.86,28,Under 30,0,0
1700,20-Sep-18,2018-09-20,7,5-9 yrs,Senior BI Developer,BPC,Active,Contract,ZONE C,Temporary,It/is,Engineers,08-04-1958,1958-04-08,MA,Male,Asian,Widowed,Fully meets,3,04-05-2023,5,High,2,4,19-Sep-22,2022-09-19,Customer Service,External,Completed,1,4,203.34,60,60+,0,0
1701,23-Jul-19,2019-07-23,6,5-9 yrs,Senior BI Developer,CCDR,Active,Contract,ZONE A,Full-Time,It/is,Project Management - Con,06-11-1954,1954-11-06,MA,Male,Other,Single,Fully meets,3,29-04-2023,5,High,3,2,18-Jun-23,2023-06-18,Technical Skills,Internal,Passed,1,1,460.53,65,60+,0,0
1702,12-May-22,2022-05-12,4,2-4 yrs,Sales Manager,SVG,Active,Contract,ZONE A,Part-Time,It/is,Project Management - Con,08-09-1989,1989-09-08,MA,Female,Other,Single,Fully meets,3,20-01-2023,4,High,1,2,19-Mar-23,2023-03-19,Communication Skills,Internal,Completed,1,5,733.92,33,30-39,0,0
1703,03-Oct-18,2018-10-03,7,5-9 yrs,Sales Manager,EW,Active,Full-Time,ZONE B,Part-Time,Sales,Aerial,23-02-1978,1978-02-23,MA,Female,Other,Single,Fully meets,3,16-02-2023,1,Low,1,4,06-Oct-22,2022-10-06,Customer Service,Internal,Completed,1,2,987.43,40,40-49,0,0
1704,26-Nov-20,2020-11-26,5,5-9 yrs,CIO,CCDR,Active,Part-Time,ZONE C,Part-Time,It/is,Project Management - Con,21-06-1994,1994-06-21,MA,Female,Hispanic,Widowed,Fully meets,3,06-04-2023,4,High,4,3,13-May-23,2023-05-13,Customer Service,External,Completed,1,1,691.32,26,Under 30,0,0
1705,04-Oct-18,2018-10-04,7,5-9 yrs,BI Director,EW,Active,Part-Time,ZONE B,Full-Time,It/is,Project Management - Con,16-05-1958,1958-05-16,MA,Female,Hispanic,Single,Fully meets,3,02-04-2023,4,High,4,1,22-Oct-22,2022-10-22,Communication Skills,External,Passed,1,1,663.08,60,60+,0,0
1706,02-Dec-20,2020-12-02,5,5-9 yrs,BI Developer,NEL,Active,Contract,ZONE A,Full-Time,It/is,Aerial,03-04-1990,1990-04-03,MA,Female,Hispanic,Married,Fully meets,3,19-06-2023,3,Medium,2,5,21-Sep-22,2022-09-21,Customer Service,External,Incomplete,0,1,970.01,30,30-39,0,0
1707,24-Sep-21,2021-09-24,4,2-4 yrs,BI Developer,PL,Active,Part-Time,ZONE C,Full-Time,It/is,Wireline Construction,20-03-1994,1994-03-20,MA,Male,Asian,Married,Fully meets,3,21-10-2022,5,High,4,3,26-May-23,2023-05-26,Customer Service,Internal,Passed,1,3,496.31,27,Under 30,0,0
1708,10-Sep-20,2020-09-10,5,5-9 yrs,BI Developer,PYZ,Active,Full-Time,ZONE A,Temporary,It/is,Splicing,12-05-1990,1990-05-12,MA,Male,Asian,Widowed,Fully meets,3,29-01-2023,4,High,5,4,20-Jun-23,2023-06-20,Customer Service,Internal,Incomplete,0,5,640.01,30,30-39,0,0
1709,25-May-22,2022-05-25,4,2-4 yrs,Area Sales Manager,SVG,Active,Full-Time,ZONE C,Temporary,It/is,General - Sga,22-03-1962,1962-03-22,OR,Male,Black,Married,Fully meets,3,10-05-2023,5,High,4,2,03-Jun-23,2023-06-03,Technical Skills,External,Failed,0,4,858.8,60,60+,0,0
1710,15-Feb-19,2019-02-15,7,5-9 yrs,Senior BI Developer,PL,Active,Part-Time,ZONE A,Part-Time,Admin offices,Field Operations,24-05-1971,1971-05-24,MA,Male,Black,Divorced,Fully meets,3,03-07-2023,1,Low,2,3,11-Dec-22,2022-12-11,Communication Skills,External,Passed,1,2,300.52,48,40-49,0,0
1711,28-Sep-18,2018-09-28,7,5-9 yrs,Senior BI Developer,BPC,Active,Full-Time,ZONE A,Temporary,It/is,General - Con,21-04-1985,1985-04-21,MA,Male,Other,Widowed,Fully meets,3,05-05-2023,5,High,1,4,30-Sep-22,2022-09-30,Technical Skills,External,Failed,0,3,102.19,33,30-39,0,0
1712,12-Dec-18,2018-12-12,7,5-9 yrs,Senior BI Developer,CCDR,Active,Full-Time,ZONE A,Temporary,It/is,Engineers,29-02-1972,1972-02-29,MA,Female,Black,Single,Fully meets,3,12-05-2023,3,Medium,2,3,06-Jun-23,2023-06-06,Communication Skills,Internal,Completed,1,2,581.16,46,40-49,0,0
1713,01-Dec-21,2021-12-01,4,2-4 yrs,Sales Manager,SVG,Active,Contract,ZONE B,Full-Time,It/is,General - Con,29-08-1990,1990-08-29,MA,Female,Asian,Married,Fully meets,3,11-10-2022,4,High,4,5,11-Mar-23,2023-03-11,Leadership Development,Internal,Incomplete,0,3,752.91,31,30-39,0,0
1714,12-Jan-22,2022-01-12,4,2-4 yrs,Sales Manager,EW,Active,Full-Time,ZONE B,Temporary,Sales,Field Operations,20-04-2000,2000-04-20,MA,Female,White,Married,Fully meets,3,27-02-2023,1,Low,2,3,24-Jul-23,2023-07-24,Project Management,External,Passed,1,3,374.58,22,Under 30,0,0
1715,27-Oct-20,2020-10-27,5,5-9 yrs,CIO,WBL,Active,Full-Time,ZONE B,Part-Time,It/is,Aerial,10-01-1966,1966-01-10,MA,Female,White,Divorced,Fully meets,3,16-04-2023,2,Low,2,5,17-Feb-23,2023-02-17,Leadership Development,Internal,Incomplete,0,3,788.64,54,50-59,0,0
1716,02-Nov-20,2020-11-02,5,5-9 yrs,BI Director,NEL,Active,Contract,ZONE C,Part-Time,It/is,General - Con,19-03-1961,1961-03-19,MA,Female,Asian,Widowed,Fully meets,3,15-01-2023,2,Low,1,1,13-Feb-23,2023-02-13,Communication Skills,External,Incomplete,0,2,234.05,59,50-59,0,0
1717,24-Apr-21,2021-04-24,5,5-9 yrs,BI Developer,BPC,Active,Part-Time,ZONE B,Part-Time,It/is,General - Con,26-11-1959,1959-11-26,MA,Male,Asian,Widowed,Fully meets,3,06-03-2023,4,High,2,5,05-Nov-22,2022-11-05,Customer Service,External,Incomplete,0,1,381.33,62,60+,0,0
1718,29-Jun-20,2020-06-29,5,5-9 yrs,BI Developer,CCDR,Active,Full-Time,ZONE B,Temporary,It/is,Field Operations,04-01-2001,2001-01-04,MA,Male,Other,Divorced,Fully meets,3,19-07-2023,5,High,4,5,24-Dec-22,2022-12-24,Leadership Development,Internal,Passed,1,3,527.62,19,Under 30,0,0
1719,15-Jul-21,2021-07-15,4,2-4 yrs,BI Developer,SVG,Active,Contract,ZONE B,Temporary,It/is,Field Operations,10-05-1993,1993-05-10,MA,Male,Hispanic,Widowed,Fully meets,3,29-03-2023,2,Low,3,1,12-Sep-22,2022-09-12,Leadership Development,External,Passed,1,3,442.1,28,Under 30,0,0
1720,20-Jun-23,2023-06-20,2,2-4 yrs,Senior BI Developer,MSC,Active,Part-Time,ZONE C,Part-Time,It/is,Field Operations,08-03-1965,1965-03-08,MA,Male,Other,Single,Fully meets,3,10-07-2023,4,High,3,2,19-Jan-23,2023-01-19,Project Management,Internal,Passed,1,2,396.81,58,50-59,0,1
1721,22-Sep-19,2019-09-22,6,5-9 yrs,Senior BI Developer,NEL,Active,Full-Time,ZONE B,Full-Time,It/is,Finance & Accounting,25-11-1998,1998-11-25,MA,Male,White,Divorced,Fully meets,3,30-06-2023,5,High,4,4,16-Feb-23,2023-02-16,Project Management,External,Failed,0,2,730.31,21,Under 30,0,0
1722,22-Feb-22,2022-02-22,4,2-4 yrs,Senior BI Developer,PL,Active,Full-Time,ZONE B,Full-Time,It/is,Wireless,30-01-1968,1968-01-30,MA,Female,Hispanic,Divorced,Fully meets,3,16-03-2023,2,Low,2,4,14-May-23,2023-05-14,Technical Skills,External,Incomplete,0,2,128.06,54,50-59,0,0
1723,01-Jul-20,2020-07-01,5,5-9 yrs,Sales Manager,PYZ,Active,Full-Time,ZONE B,Full-Time,Sales,General - Eng,07-04-1969,1969-04-07,MA,Female,Black,Widowed,Fully meets,3,16-09-2022,5,High,1,5,25-Sep-22,2022-09-25,Technical Skills,External,Passed,1,5,942.63,51,50-59,0,0
1724,13-May-21,2021-05-13,5,5-9 yrs,CIO,TNS,Active,Part-Time,ZONE C,Part-Time,It/is,Yard (Material Handling),20-10-1957,1957-10-20,MA,Female,Other,Divorced,Fully meets,3,22-09-2022,4,High,2,2,11-Apr-23,2023-04-11,Customer Service,Internal,Failed,0,5,733.63,64,60+,0,0
1726,04-Jul-19,2019-07-04,6,5-9 yrs,BI Developer,NEL,Active,Contract,ZONE B,Full-Time,It/is,Wireline Construction,21-01-1981,1981-01-21,MA,Male,Asian,Single,Fully meets,3,14-06-2023,3,Medium,5,3,19-Oct-22,2022-10-19,Technical Skills,Internal,Completed,1,4,435.18,38,30-39,0,0
1727,31-May-19,2019-05-31,7,5-9 yrs,BI Developer,MSC,Active,Full-Time,ZONE B,Full-Time,It/is,General - Con,16-02-1996,1996-02-16,MA,Male,Hispanic,Widowed,Fully meets,3,22-12-2022,4,High,2,4,16-Feb-23,2023-02-16,Technical Skills,Internal,Failed,0,5,252.22,23,Under 30,0,0
1728,13-Mar-20,2020-03-13,6,5-9 yrs,Production Technician I,WBL,Active,Full-Time,ZONE C,Temporary,Production,General - Con,11-01-1972,1972-01-11,MA,Male,White,Divorced,Fully meets,3,01-08-2023,1,Low,4,2,31-Dec-22,2022-12-31,Customer Service,External,Completed,1,2,103.07,48,40-49,0,0
1730,30-Apr-23,2023-04-30,3,2-4 yrs,Production Technician I,EW,Active,Full-Time,ZONE B,Part-Time,Production,General - Eng,10-06-1976,1976-06-10,MA,Female,White,Divorced,Fully meets,3,03-07-2023,2,Low,4,4,20-Mar-23,2023-03-20,Customer Service,External,Incomplete,0,3,718.21,47,40-49,0,1
1732,02-Jul-21,2021-07-02,4,2-4 yrs,Production Technician II,WBL,Terminated,Contract,ZONE B,Temporary,Production,Fielders,13-04-1961,1961-04-13,MA,Female,Hispanic,Widowed,Fully meets,3,24-10-2022,1,Low,5,4,06-Jul-23,2023-07-06,Project Management,Internal,Completed,1,1,562.06,60,60+,0,0
1733,23-Oct-19,2019-10-23,6,5-9 yrs,Production Technician I,EW,Active,Full-Time,ZONE A,Temporary,Production,Field Operations,15-02-1950,1950-02-15,MA,Female,Black,Married,Fully meets,3,26-10-2022,4,High,5,3,08-Jan-23,2023-01-08,Leadership Development,External,Incomplete,0,5,845.86,69,60+,0,0
1736,29-Jan-19,2019-01-29,7,5-9 yrs,Production Technician I,TNS,Active,Contract,ZONE A,Part-Time,Production,Field Operations,25-08-1955,1955-08-25,MA,Male,Other,Married,Fully meets,3,21-04-2023,3,Medium,1,3,09-Mar-23,2023-03-09,Leadership Development,Internal,Incomplete,0,4,717.29,64,60+,0,0
1737,27-Oct-18,2018-10-27,7,5-9 yrs,Production Technician I,TNS,Active,Contract,ZONE C,Full-Time,Production,General - Eng,26-02-1983,1983-02-26,MA,Female,Hispanic,Widowed,Fully meets,3,30-03-2023,4,High,5,2,17-Oct-22,2022-10-17,Leadership Development,External,Incomplete,0,5,719.0,35,30-39,0,0
1738,30-May-23,2023-05-30,3,2-4 yrs,Production Technician II,CCDR,Terminated,Contract,ZONE A,Part-Time,Production,General - Eng,17-11-1983,1983-11-17,MA,Male,White,Single,Fully meets,3,13-11-2022,4,High,1,2,09-Jan-23,2023-01-09,Customer Service,External,Incomplete,0,5,802.66,40,40-49,0,1
1739,15-Jul-19,2019-07-15,6,5-9 yrs,Production Technician II,CCDR,Active,Contract,ZONE B,Full-Time,Production,Aerial,11-01-1982,1982-01-11,MA,Female,Hispanic,Married,Fully meets,3,10-10-2022,2,Low,5,1,04-Jul-23,2023-07-04,Communication Skills,Internal,Incomplete,0,1,388.07,37,30-39,0,0
1740,17-Mar-20,2020-03-17,6,5-9 yrs,Production Technician I,NEL,Active,Contract,ZONE B,Part-Time,Production,General - Con,03-04-1963,1963-04-03,MA,Female,Other,Married,Fully meets,3,20-09-2022,5,High,4,4,18-Feb-23,2023-02-18,Project Management,Internal,Completed,1,2,350.26,57,50-59,0,0
1741,16-Sep-22,2022-09-16,3,2-4 yrs,Production Technician I,MSC,Active,Contract,ZONE A,Temporary,Production,General - Eng,11-01-1981,1981-01-11,MA,Female,Asian,Single,Fully meets,3,22-08-2022,3,Medium,4,2,08-Nov-22,2022-11-08,Leadership Development,External,Completed,1,5,625.76,41,40-49,0,0
1742,04-Jan-21,2021-01-04,5,5-9 yrs,Production Technician I,TNS,Active,Part-Time,ZONE B,Part-Time,Production,Wireline Construction,02-03-1971,1971-03-02,MA,Female,Asian,Divorced,Fully meets,3,20-05-2023,5,High,5,3,19-Apr-23,2023-04-19,Communication Skills,External,Incomplete,0,1,206.72,50,50-59,0,0
1743,30-Nov-18,2018-11-30,7,5-9 yrs,Production Technician I,SVG,Active,Full-Time,ZONE C,Temporary,Production,Splicing,03-06-2001,2001-06-03,MA,Male,Black,Single,Fully meets,3,20-04-2023,4,High,1,5,13-Jul-23,2023-07-13,Project Management,External,Passed,1,4,954.37,17,Under 30,1,0
1745,05-Feb-22,2022-02-05,4,2-4 yrs,Production Technician II,EW,Active,Contract,ZONE C,Part-Time,Production,Aerial,26-09-1989,1989-09-26,MA,Female,Other,Widowed,Fully meets,3,14-11-2022,4,High,4,3,05-Sep-22,2022-09-05,Leadership Development,External,Completed,1,1,996.01,33,30-39,0,0
1746,23-Apr-20,2020-04-23,6,5-9 yrs,Production Technician I,WBL,Active,Full-Time,ZONE A,Full-Time,Production,General - Sga,06-04-1962,1962-04-06,MA,Male,Hispanic,Widowed,Fully meets,3,20-06-2023,4,High,3,4,18-Nov-22,2022-11-18,Communication Skills,Internal,Incomplete,0,2,787.19,58,50-59,0,0
1748,13-Jan-22,2022-01-13,4,2-4 yrs,Production Technician I,PYZ,Active,Part-Time,ZONE A,Temporary,Production,Underground,09-01-1973,1973-01-09,MA,Female,White,Widowed,Fully meets,3,12-02-2023,3,Medium,2,4,26-Mar-23,2023-03-26,Leadership Development,External,Failed,0,5,433.03,49,40-49,0,0
1749,26-Nov-20,2020-11-26,5,5-9 yrs,Production Technician I,PYZ,Active,Contract,ZONE B,Temporary,Production,Field Operations,03-02-1964,1964-02-03,MA,Female,Hispanic,Divorced,Fully meets,3,05-08-2022,1,Low,4,5,21-Jul-23,2023-07-21,Leadership Development,Internal,Incomplete,0,3,148.69,56,50-59,0,0
1750,07-Dec-18,2018-12-07,7,5-9 yrs,Production Technician I,WBL,Active,Full-Time,ZONE C,Full-Time,Production,Field Operations,11-04-1977,1977-04-11,MA,Female,Other,Widowed,Fully meets,3,13-11-2022,1,Low,2,5,20-Aug-22,2022-08-20,Project Management,Internal,Incomplete,0,1,523.44,41,40-49,0,0
1751,19-Apr-23,2023-04-19,3,2-4 yrs,Production Technician I,NEL,Active,Contract,ZONE C,Temporary,Production,General - Con,29-05-2001,2001-05-29,MA,Female,Hispanic,Widowed,Fully meets,3,24-08-2022,4,High,4,1,10-Dec-22,2022-12-10,Project Management,External,Incomplete,0,5,719.54,22,Under 30,0,1
1752,05-Mar-22,2022-03-05,4,2-4 yrs,Production Technician I,PL,Active,Part-Time,ZONE B,Temporary,Production,General - Con,04-11-1982,1982-11-04,MA,Male,White,Single,Fully meets,3,11-12-2022,2,Low,1,2,09-Oct-22,2022-10-09,Leadership Development,External,Incomplete,0,3,560.55,40,40-49,0,0
1754,13-Sep-22,2022-09-13,3,2-4 yrs,Production Technician I,CCDR,Active,Part-Time,ZONE C,Temporary,Production,Project Management - Con,18-11-1991,1991-11-18,MA,Male,Asian,Single,Fully meets,3,29-12-2022,5,High,5,1,30-Jan-23,2023-01-30,Project Management,External,Failed,0,1,980.65,31,30-39,0,0
1755,02-Jan-19,2019-01-02,7,5-9 yrs,Production Technician I,SVG,Active,Part-Time,ZONE B,Full-Time,Production,General - Con,05-10-1994,1994-10-05,MA,Male,Other,Widowed,Fully meets,3,17-10-2022,4,High,1,1,22-Nov-22,2022-11-22,Communication Skills,External,Incomplete,0,2,367.76,25,Under 30,0,0
1756,06-Jun-22,2022-06-06,3,2-4 yrs,Production Technician I,EW,Active,Part-Time,ZONE A,Part-Time,Production,Splicing,25-03-1961,1961-03-25,MA,Male,Black,Widowed,Fully meets,3,27-06-2023,2,Low,4,4,22-Apr-23,2023-04-22,Communication Skills,Internal,Failed,0,1,849.36,61,60+,0,0
1757,09-Jan-20,2020-01-09,6,5-9 yrs,Production Technician I,MSC,Active,Full-Time,ZONE A,Temporary,Production,Finance & Accounting,01-02-1985,1985-02-01,MA,Female,White,Widowed,Fully meets,3,18-08-2022,5,High,4,5,31-Dec-22,2022-12-31,Technical Skills,Internal,Incomplete,0,5,305.05,35,30-39,0,0
1758,03-Jan-19,2019-01-03,7,5-9 yrs,Production Technician I,TNS,Active,Part-Time,ZONE B,Part-Time,Production,Splicing,22-05-1958,1958-05-22,MA,Male,White,Single,Fully meets,3,18-08-2022,5,High,3,5,14-May-23,2023-05-14,Customer Service,Internal,Completed,1,5,296.24,61,60+,0,0
1760,08-Feb-20,2020-02-08,6,5-9 yrs,Production Technician I,WBL,Active,Part-Time,ZONE C,Part-Time,Production,General - Con,20-08-1993,1993-08-20,MA,Male,Hispanic,Single,Fully meets,3,16-03-2023,5,High,3,2,20-Jan-23,2023-01-20,Technical Skills,External,Passed,1,3,378.51,27,Under 30,0,0
1761,29-Oct-21,2021-10-29,4,2-4 yrs,Production Technician I,NEL,Terminated,Contract,ZONE C,Temporary,Production,Field Operations,16-05-1961,1961-05-16,MA,Female,Other,Married,Fully meets,3,20-02-2023,3,Medium,2,1,07-Nov-22,2022-11-07,Technical Skills,External,Completed,1,4,905.6,60,60+,0,0
1762,04-Jul-23,2023-07-04,2,2-4 yrs,Production Technician I,PL,Terminated,Contract,ZONE B,Part-Time,Production,Wireless,19-02-2001,2001-02-19,MA,Female,White,Divorced,Fully meets,3,19-03-2023,3,Medium,3,5,02-Sep-22,2022-09-02,Customer Service,External,Incomplete,0,3,669.57,22,Under 30,0,1
1765,17-Oct-19,2019-10-17,6,5-9 yrs,Production Technician II,BPC,Active,Contract,ZONE C,Part-Time,Production,Project Management - Con,07-09-1991,1991-09-07,MA,Female,Asian,Divorced,Fully meets,3,24-12-2022,5,High,5,2,04-Aug-23,2023-08-04,Leadership Development,External,Incomplete,0,1,393.88,28,Under 30,0,0
1766,22-Jun-19,2019-06-22,6,5-9 yrs,Production Technician I,PYZ,Active,Contract,ZONE B,Temporary,Production,Field Operations,15-07-1957,1957-07-15,MA,Female,Asian,Married,Fully meets,3,23-05-2023,1,Low,5,2,07-Jul-23,2023-07-07,Customer Service,External,Incomplete,0,3,637.61,62,60+,0,0
1767,10-Feb-23,2023-02-10,3,2-4 yrs,Production Technician I,WBL,Active,Contract,ZONE A,Full-Time,Production,General - Con,31-12-1995,1995-12-31,MA,Female,White,Divorced,Fully meets,3,09-08-2022,4,High,1,1,25-Oct-22,2022-10-25,Project Management,External,Passed,1,3,902.11,28,Under 30,0,1
1768,13-Oct-22,2022-10-13,3,2-4 yrs,Production Technician I,NEL,Active,Contract,ZONE C,Temporary,Production,Aerial,26-02-1977,1977-02-26,MA,Female,Black,Married,Fully meets,3,11-02-2023,3,Medium,3,3,30-Sep-22,2022-09-30,Leadership Development,External,Passed,1,1,999.79,45,40-49,0,1
1769,07-Mar-23,2023-03-07,3,2-4 yrs,Production Technician I,PL,Active,Contract,ZONE B,Temporary,Production,Engineers,29-04-1974,1974-04-29,MA,Male,Hispanic,Widowed,Fully meets,3,10-02-2023,4,High,3,5,27-Mar-23,2023-03-27,Leadership Development,Internal,Passed,1,1,976.58,49,40-49,0,0
1770,12-Sep-18,2018-09-12,7,5-9 yrs,Production Technician I,BPC,Active,Part-Time,ZONE A,Full-Time,Production,General - Sga,05-03-1971,1971-03-05,MA,Male,Hispanic,Single,Fully meets,3,24-02-2023,1,Low,3,5,04-Sep-22,2022-09-04,Customer Service,External,Incomplete,0,2,257.2,47,40-49,0,0
1772,28-Dec-18,2018-12-28,7,5-9 yrs,Production Technician I,SVG,Active,Contract,ZONE A,Part-Time,Production,General - Con,28-06-1954,1954-06-28,MA,Male,Asian,Widowed,Fully meets,3,01-01-2023,3,Medium,4,5,20-Aug-22,2022-08-20,Technical Skills,External,Passed,1,2,205.64,64,60+,0,0
1774,14-Sep-19,2019-09-14,6,5-9 yrs,Production Technician I,MSC,Active,Full-Time,ZONE B,Part-Time,Production,Field Operations,24-09-1989,1989-09-24,MA,Female,Asian,Widowed,Fully meets,3,09-12-2022,1,Low,1,2,08-Jun-23,2023-06-08,Customer Service,External,Failed,0,5,643.22,30,30-39,0,0
1775,06-Oct-18,2018-10-06,7,5-9 yrs,Production Technician I,TNS,Active,Contract,ZONE A,Full-Time,Production,Engineers,11-05-1997,1997-05-11,MA,Male,Black,Single,Fully meets,3,10-05-2023,4,High,2,3,08-May-23,2023-05-08,Project Management,Internal,Failed,0,4,795.28,21,Under 30,0,0
1776,03-Aug-21,2021-08-03,4,2-4 yrs,Production Technician I,PYZ,Active,Full-Time,ZONE C,Temporary,Production,Project Management - Con,11-03-1955,1955-03-11,MA,Male,Asian,Divorced,Fully meets,3,16-01-2023,3,Medium,2,3,07-Sep-22,2022-09-07,Project Management,Internal,Failed,0,2,521.69,66,60+,0,0
1777,05-Jul-19,2019-07-05,6,5-9 yrs,Production Technician I,WBL,Active,Full-Time,ZONE B,Temporary,Production,Splicing,25-04-1962,1962-04-25,MA,Female,Hispanic,Single,Fully meets,3,02-02-2023,1,Low,3,1,24-Apr-23,2023-04-24,Customer Service,External,Incomplete,0,3,157.78,57,50-59,0,0
1779,15-Jul-23,2023-07-15,2,2-4 yrs,Production Technician I,PL,Active,Full-Time,ZONE A,Temporary,Production,Project Management - Con,04-05-1961,1961-05-04,MA,Female,Other,Married,Fully meets,3,22-08-2022,5,High,3,4,27-Nov-22,2022-11-27,Project Management,Internal,Passed,1,3,188.56,62,60+,0,1
1780,10-Dec-22,2022-12-10,3,2-4 yrs,Production Technician I,BPC,Active,Contract,ZONE C,Temporary,Production,Field Operations,11-07-1993,1993-07-11,MA,Female,Hispanic,Widowed,Fully meets,3,03-06-2023,2,Low,3,2,25-Mar-23,2023-03-25,Technical Skills,External,Passed,1,2,663.72,29,Under 30,0,0
1781,02-May-19,2019-05-02,7,5-9 yrs,Production Technician I,CCDR,Active,Contract,ZONE A,Part-Time,Production,General - Sga,11-12-1983,1983-12-11,MA,Female,White,Divorced,Fully meets,3,27-09-2022,2,Low,2,4,04-Jul-23,2023-07-04,Technical Skills,External,Failed,0,4,892.3,36,30-39,0,0
1782,13-Jan-19,2019-01-13,7,5-9 yrs,Production Technician II,NEL,Terminated,Contract,ZONE A,Temporary,Production,Field Operations,08-10-1950,1950-10-08,MA,Female,Other,Married,Fully meets,3,07-07-2023,3,Medium,4,1,21-Dec-22,2022-12-21,Communication Skills,Internal,Passed,1,3,560.35,69,60+,0,0
1783,09-Jun-21,2021-06-09,4,2-4 yrs,Production Technician I,PYZ,Active,Part-Time,ZONE C,Part-Time,Production,General - Con,07-12-1981,1981-12-07,MA,Female,White,Widowed,Fully meets,3,21-04-2023,5,High,2,4,24-Dec-22,2022-12-24,Technical Skills,External,Passed,1,2,595.5,40,40-49,0,0
1784,02-Aug-23,2023-08-02,2,2-4 yrs,Production Technician I,WBL,Active,Part-Time,ZONE A,Temporary,Production,General - Con,30-03-1971,1971-03-30,MA,Female,Other,Divorced,Fully meets,3,23-02-2023,2,Low,3,1,17-Nov-22,2022-11-17,Communication Skills,External,Passed,1,2,242.18,52,50-59,0,1
1786,31-Mar-22,2022-03-31,4,2-4 yrs,Production Technician I,PL,Active,Full-Time,ZONE A,Temporary,Production,Field Operations,10-11-1979,1979-11-10,MA,Male,Hispanic,Widowed,Fully meets,3,03-06-2023,4,High,2,1,23-Apr-23,2023-04-23,Communication Skills,External,Completed,1,2,942.28,43,40-49,0,0
1787,06-Apr-19,2019-04-06,7,5-9 yrs,Production Technician I,BPC,Active,Contract,ZONE B,Temporary,Production,Engineers,10-07-1956,1956-07-10,MA,Male,Hispanic,Divorced,Fully meets,3,23-02-2023,2,Low,5,3,31-Aug-22,2022-08-31,Project Management,Internal,Passed,1,2,756.7,63,60+,0,0
1788,11-Jul-20,2020-07-11,5,5-9 yrs,Production Technician I,CCDR,Active,Contract,ZONE C,Full-Time,Production,Field Operations,08-02-1976,1976-02-08,MA,Male,Other,Divorced,Fully meets,3,04-08-2023,2,Low,5,1,23-Dec-22,2022-12-23,Leadership Development,Internal,Completed,1,4,290.99,44,40-49,0,0
1789,22-Apr-23,2023-04-22,3,2-4 yrs,Production Technician I,SVG,Active,Contract,ZONE C,Part-Time,Production,Engineers,17-02-1963,1963-02-17,MA,Male,Other,Widowed,Fully meets,3,07-10-2022,4,High,3,1,08-Jan-23,2023-01-08,Leadership Development,External,Incomplete,0,2,700.97,60,60+,0,1
1790,02-Dec-22,2022-12-02,3,2-4 yrs,Production Technician I,EW,Active,Part-Time,ZONE B,Part-Time,Production,Aerial,09-03-1956,1956-03-09,MA,Female,Asian,Divorced,Fully meets,3,11-10-2022,4,High,5,4,19-Aug-22,2022-08-19,Communication Skills,Internal,Incomplete,0,4,631.98,66,60+,0,1
1791,06-Mar-21,2021-03-06,5,5-9 yrs,Production Technician I,MSC,Active,Contract,ZONE A,Temporary,Production,Wireline Construction,02-08-1981,1981-08-02,MA,Female,Hispanic,Divorced,Fully meets,3,18-09-2022,4,High,5,3,26-Nov-22,2022-11-26,Project Management,Internal,Failed,0,5,282.85,40,40-49,0,0
1792,21-May-19,2019-05-21,7,5-9 yrs,Production Technician I,TNS,Active,Full-Time,ZONE C,Temporary,Production,Project Management - Eng,02-04-1950,1950-04-02,MA,Male,Black,Divorced,Fully meets,3,12-09-2022,2,Low,3,5,29-Nov-22,2022-11-29,Technical Skills,Internal,Completed,1,1,412.58,69,60+,0,0
1794,26-May-21,2021-05-26,5,5-9 yrs,Production Technician I,CCDR,Active,Contract,ZONE A,Temporary,Production,General - Sga,13-08-1963,1963-08-13,MA,Female,White,Widowed,Fully meets,3,17-05-2023,4,High,4,2,31-Oct-22,2022-10-31,Leadership Development,Internal,Completed,1,3,208.13,58,50-59,0,0
1795,01-Dec-19,2019-12-01,6,5-9 yrs,Production Technician I,EW,Terminated,Full-Time,ZONE B,Part-Time,Production,Yard (Material Handling),04-04-1960,1960-04-04,MA,Female,Asian,Widowed,Fully meets,3,10-06-2023,5,High,1,4,24-Feb-23,2023-02-24,Leadership Development,External,Passed,1,2,145.47,59,50-59,0,0
1796,07-Jun-21,2021-06-07,4,2-4 yrs,Production Technician I,MSC,Terminated,Contract,ZONE A,Full-Time,Production,Wireless,26-06-1976,1976-06-26,MA,Female,Hispanic,Divorced,Fully meets,3,23-11-2022,3,Medium,5,2,27-Oct-22,2022-10-27,Customer Service,External,Failed,0,1,727.51,45,40-49,0,0
1797,13-Oct-20,2020-10-13,5,5-9 yrs,Production Technician I,NEL,Active,Full-Time,ZONE A,Full-Time,Production,General - Con,18-09-1987,1987-09-18,MA,Female,Hispanic,Widowed,Fully meets,3,03-05-2023,3,Medium,3,5,24-Dec-22,2022-12-24,Project Management,External,Failed,0,5,581.43,33,30-39,0,0
1798,30-Oct-22,2022-10-30,3,2-4 yrs,Production Technician II,PL,Active,Part-Time,ZONE A,Full-Time,Production,Splicing,07-12-1985,1985-12-07,MA,Female,Black,Widowed,Fully meets,3,27-01-2023,3,Medium,2,4,11-Dec-22,2022-12-11,Communication Skills,Internal,Incomplete,0,1,725.94,37,30-39,0,0
1799,04-Sep-22,2022-09-04,3,2-4 yrs,Production Technician II,BPC,Terminated,Part-Time,ZONE C,Temporary,Production,Field Operations,19-02-1989,1989-02-19,MA,Male,Black,Married,Fully meets,3,28-04-2023,2,Low,5,3,27-Oct-22,2022-10-27,Technical Skills,Internal,Passed,1,1,338.36,33,30-39,0,0
1800,18-Oct-19,2019-10-18,6,5-9 yrs,Production Technician I,TNS,Active,Part-Time,ZONE C,Full-Time,Production,Wireline Construction,05-04-1976,1976-04-05,MA,Female,Black,Divorced,Fully meets,3,03-02-2023,4,High,3,5,17-Apr-23,2023-04-17,Technical Skills,External,Failed,0,1,732.84,43,40-49,0,0
1801,25-Jul-21,2021-07-25,4,2-4 yrs,Production Technician I,PYZ,Active,Full-Time,ZONE C,Temporary,Production,General - Con,06-08-1989,1989-08-06,MA,Female,Hispanic,Married,Fully meets,3,02-06-2023,3,Medium,4,3,22-Jun-23,2023-06-22,Technical Skills,External,Incomplete,0,1,753.69,32,30-39,0,0
1802,31-Mar-20,2020-03-31,6,5-9 yrs,Production Technician I,WBL,Active,Part-Time,ZONE B,Temporary,Production,Field Operations,13-08-1982,1982-08-13,MA,Female,Other,Divorced,Fully meets,3,21-05-2023,4,High,2,5,16-Jul-23,2023-07-16,Customer Service,Internal,Failed,0,5,131.92,38,30-39,0,0
1803,11-Nov-19,2019-11-11,6,5-9 yrs,Production Technician I,NEL,Active,Full-Time,ZONE C,Full-Time,Production,General - Eng,11-05-1982,1982-05-11,MA,Female,Other,Divorced,Fully meets,3,19-01-2023,1,Low,3,1,20-Sep-22,2022-09-20,Leadership Development,External,Passed,1,4,550.55,37,30-39,0,0
1804,05-Dec-21,2021-12-05,4,2-4 yrs,Production Technician I,PL,Active,Part-Time,ZONE A,Temporary,Production,Field Operations,20-07-1957,1957-07-20,MA,Male,Hispanic,Widowed,Fully meets,3,14-04-2023,3,Medium,3,5,22-Aug-22,2022-08-22,Customer Service,Internal,Failed,0,1,767.49,64,60+,0,0
1805,17-Dec-18,2018-12-17,7,5-9 yrs,Production Technician I,BPC,Active,Contract,ZONE A,Temporary,Production,Aerial,03-02-1969,1969-02-03,MA,Male,Black,Divorced,Fully meets,3,09-07-2023,3,Medium,3,1,11-Feb-23,2023-02-11,Communication Skills,Internal,Incomplete,0,5,222.88,49,40-49,0,0
1807,04-Sep-19,2019-09-04,6,5-9 yrs,Production Technician I,SVG,Active,Contract,ZONE C,Full-Time,Production,Yard (Material Handling),13-11-1979,1979-11-13,MA,Female,White,Widowed,Fully meets,3,03-02-2023,1,Low,4,4,07-Mar-23,2023-03-07,Technical Skills,External,Incomplete,0,5,794.61,40,40-49,0,0
1808,26-Jul-23,2023-07-26,2,2-4 yrs,Production Technician I,EW,Active,Part-Time,ZONE A,Part-Time,Production,Splicing,25-09-1983,1983-09-25,MA,Female,Black,Married,Fully meets,3,25-04-2023,5,High,2,4,12-Oct-22,2022-10-12,Customer Service,External,Passed,1,1,147.08,40,40-49,0,1
1809,19-Dec-22,2022-12-19,3,2-4 yrs,Production Technician I,MSC,Active,Contract,ZONE C,Part-Time,Production,Yard (Material Handling),24-11-1966,1966-11-24,MA,Female,Other,Divorced,Fully meets,3,07-04-2023,5,High,2,1,15-Aug-22,2022-08-15,Communication Skills,Internal,Incomplete,0,5,488.94,56,50-59,0,1
1810,17-Aug-21,2021-08-17,4,2-4 yrs,Production Technician I,TNS,Active,Full-Time,ZONE A,Part-Time,Production,General - Con,30-11-1994,1994-11-30,MA,Male,Black,Divorced,Fully meets,3,06-07-2023,5,High,1,4,22-Feb-23,2023-02-22,Project Management,External,Failed,0,1,603.57,27,Under 30,0,0
1811,11-Jun-22,2022-06-11,3,2-4 yrs,Production Technician I,PYZ,Active,Contract,ZONE A,Full-Time,Production,Technology / It,11-12-1977,1977-12-11,MA,Female,Black,Divorced,Fully meets,3,11-09-2022,2,Low,5,1,25-Jul-23,2023-07-25,Customer Service,External,Incomplete,0,3,819.87,45,40-49,0,0
1812,01-Oct-21,2021-10-01,4,2-4 yrs,Production Technician I,WBL,Terminated,Contract,ZONE A,Full-Time,Production,General - Con,29-04-1978,1978-04-29,MA,Female,Black,Widowed,Fully meets,3,05-12-2022,4,High,2,5,04-Mar-23,2023-03-04,Leadership Development,Internal,Incomplete,0,2,836.19,43,40-49,0,0
1813,04-Aug-20,2020-08-04,5,5-9 yrs,Production Technician I,NEL,Active,Contract,ZONE C,Temporary,Production,Aerial,12-01-1980,1980-01-12,MA,Female,Other,Divorced,Fully meets,3,03-06-2023,3,Medium,5,3,05-Nov-22,2022-11-05,Project Management,External,Passed,1,5,879.94,40,40-49,0,0
1814,11-Feb-22,2022-02-11,4,2-4 yrs,Production Technician I,PL,Active,Full-Time,ZONE A,Part-Time,Production,Wireline Construction,08-03-1980,1980-03-08,MA,Female,Black,Widowed,Fully meets,3,15-04-2023,3,Medium,3,1,04-Jun-23,2023-06-04,Customer Service,Internal,Failed,0,3,532.3,42,40-49,0,0
1815,22-Jun-20,2020-06-22,5,5-9 yrs,Production Technician I,BPC,Active,Contract,ZONE A,Part-Time,Production,Project Management - Con,13-05-1961,1961-05-13,MA,Female,Asian,Married,Fully meets,3,23-10-2022,1,Low,4,5,03-Oct-22,2022-10-03,Leadership Development,External,Incomplete,0,5,758.21,59,50-59,0,0
1816,28-Aug-20,2020-08-28,5,5-9 yrs,Production Technician II,NEL,Active,Contract,ZONE A,Temporary,Production,General - Con,10-05-1951,1951-05-10,MA,Female,Other,Single,Fully meets,3,03-04-2023,4,High,3,1,05-Jun-23,2023-06-05,Communication Skills,Internal,Incomplete,0,2,253.51,69,60+,0,0
1817,06-May-19,2019-05-06,7,5-9 yrs,Production Technician II,PL,Active,Contract,ZONE A,Temporary,Production,Aerial,07-01-1987,1987-01-07,MA,Female,Other,Divorced,Fully meets,3,28-02-2023,3,Medium,1,5,20-Aug-22,2022-08-20,Leadership Development,Internal,Completed,1,3,375.86,32,30-39,0,0
1818,08-Jul-21,2021-07-08,4,2-4 yrs,Production Technician II,BPC,Active,Contract,ZONE C,Part-Time,Production,Yard (Material Handling),07-01-1956,1956-01-07,MA,Male,Hispanic,Widowed,Fully meets,3,25-06-2023,3,Medium,1,3,20-Mar-23,2023-03-20,Leadership Development,External,Incomplete,0,5,909.47,65,60+,0,0
1820,04-May-23,2023-05-04,3,2-4 yrs,Production Technician I,PYZ,Active,Full-Time,ZONE C,Part-Time,Production,Shop (Fleet),01-02-1980,1980-02-01,MA,Female,Black,Divorced,Fully meets,3,23-03-2023,5,High,4,3,30-Jun-23,2023-06-30,Customer Service,Internal,Failed,0,1,742.26,43,40-49,0,0
1821,19-Dec-22,2022-12-19,3,2-4 yrs,Production Technician I,WBL,Active,Full-Time,ZONE B,Full-Time,Production,General - Sga,19-07-1980,1980-07-19,MA,Female,Hispanic,Widowed,Fully meets,3,03-11-2022,1,Low,2,1,12-Oct-22,2022-10-12,Communication Skills,Internal,Passed,1,4,713.84,42,40-49,0,1
1823,09-May-21,2021-05-09,5,5-9 yrs,Production Technician I,PL,Active,Contract,ZONE A,Full-Time,Production,Finance & Accounting,25-11-1960,1960-11-25,MA,Male,Black,Widowed,Fully meets,3,12-05-2023,4,High,4,3,10-Jul-23,2023-07-10,Leadership Development,Internal,Completed,1,4,977.99,61,60+,0,0
1824,09-Jan-20,2020-01-09,6,5-9 yrs,Production Technician I,BPC,Active,Contract,ZONE B,Temporary,Production,Yard (Material Handling),02-03-1960,1960-03-02,MA,Male,Other,Married,Fully meets,3,15-03-2023,3,Medium,1,1,16-Sep-22,2022-09-16,Leadership Development,External,Completed,1,5,136.33,60,60+,0,0
1825,16-May-21,2021-05-16,5,5-9 yrs,Production Technician I,CCDR,Active,Contract,ZONE A,Part-Time,Production,Splicing,05-12-1996,1996-12-05,MA,Male,White,Married,Fully meets,3,27-10-2022,1,Low,3,3,05-Aug-22,2022-08-05,Technical Skills,External,Completed,1,4,946.67,25,Under 30,0,0
1827,19-Sep-21,2021-09-19,4,2-4 yrs,Production Technician I,EW,Active,Contract,ZONE C,Full-Time,Production,Field Operations,21-05-1982,1982-05-21,MA,Female,Other,Widowed,Needs improvement,3,25-09-2022,1,Low,3,5,28-Apr-23,2023-04-28,Communication Skills,External,Incomplete,0,5,962.02,39,30-39,0,0
1828,01-Mar-20,2020-03-01,6,5-9 yrs,Production Technician I,MSC,Active,Part-Time,ZONE B,Temporary,Production,Wireline Construction,09-04-1983,1983-04-09,MA,Male,Black,Divorced,Exceeds,3,27-11-2022,3,Medium,3,2,29-May-23,2023-05-29,Technical Skills,External,Failed,0,1,620.24,37,30-39,0,0
1829,29-Feb-20,2020-02-29,6,5-9 yrs,Production Technician I,TNS,Active,Part-Time,ZONE B,Temporary,Production,Engineers,13-08-1987,1987-08-13,MA,Male,White,Married,Exceeds,3,19-08-2022,2,Low,1,2,21-Apr-23,2023-04-21,Customer Service,External,Completed,1,4,333.8,33,30-39,0,0
1830,08-Dec-18,2018-12-08,7,5-9 yrs,Production Technician I,PYZ,Active,Full-Time,ZONE A,Temporary,Production,Finance & Accounting,26-11-1960,1960-11-26,MA,Female,Black,Married,Needs improvement,3,12-07-2023,1,Low,4,1,29-Mar-23,2023-03-29,Leadership Development,External,Passed,1,3,764.21,58,50-59,0,0
1831,26-Jun-22,2022-06-26,3,2-4 yrs,Production Technician I,WBL,Terminated,Part-Time,ZONE B,Temporary,Production,Isp,14-10-1970,1970-10-14,MA,Female,Asian,Widowed,Needs improvement,3,25-03-2023,2,Low,2,2,11-Dec-22,2022-12-11,Project Management,Internal,Failed,0,3,756.42,52,50-59,0,0
1832,03-Nov-19,2019-11-03,6,5-9 yrs,Production Technician I,NEL,Active,Contract,ZONE A,Part-Time,Production,Engineers,01-06-1956,1956-06-01,MA,Female,White,Married,Needs improvement,3,06-08-2022,1,Low,2,4,30-Jul-23,2023-07-30,Customer Service,Internal,Failed,0,2,716.62,63,60+,0,0
1833,01-Jan-23,2023-01-01,3,2-4 yrs,Production Technician I,PL,Active,Part-Time,ZONE B,Full-Time,Production,Field Operations,31-12-1983,1983-12-31,MA,Female,White,Married,Needs improvement,3,23-01-2023,4,High,3,2,26-Mar-23,2023-03-26,Technical Skills,Internal,Failed,0,2,712.9,40,40-49,0,0
1834,31-Jul-20,2020-07-31,5,5-9 yrs,Production Technician II,CCDR,Active,Contract,ZONE C,Full-Time,Production,Project Management - Con,13-09-1978,1978-09-13,MA,Female,White,Divorced,Needs improvement,3,08-12-2022,4,High,5,1,11-Mar-23,2023-03-11,Technical Skills,Internal,Incomplete,0,1,845.82,42,40-49,0,0
1835,10-Sep-21,2021-09-10,4,2-4 yrs,Production Technician II,EW,Active,Part-Time,ZONE B,Temporary,Production,Field Operations,25-11-1982,1982-11-25,MA,Female,Asian,Single,Needs improvement,3,11-04-2023,5,High,2,2,01-Mar-23,2023-03-01,Communication Skills,Internal,Passed,1,4,727.9,39,30-39,0,0
1836,19-Jun-19,2019-06-19,6,5-9 yrs,Production Technician II,MSC,Active,Part-Time,ZONE B,Temporary,Production,Field Operations,14-01-1971,1971-01-14,MA,Male,Hispanic,Divorced,Needs improvement,3,06-10-2022,1,Low,4,3,21-Jul-23,2023-07-21,Project Management,Internal,Incomplete,0,1,760.41,48,40-49,0,0
1837,16-Aug-21,2021-08-16,4,2-4 yrs,Production Technician II,NEL,Active,Part-Time,ZONE B,Full-Time,Production,Project Management - Con,17-06-1975,1975-06-17,MA,Female,Asian,Divorced,Needs improvement,3,01-01-2023,1,Low,3,3,25-Jul-23,2023-07-25,Project Management,Internal,Incomplete,0,5,567.74,46,40-49,0,0
1838,08-Jul-19,2019-07-08,6,5-9 yrs,Production Technician I,TNS,Active,Part-Time,ZONE A,Temporary,Production,Aerial,16-09-1958,1958-09-16,MA,Female,White,Widowed,Exceeds,3,01-07-2023,2,Low,1,1,14-Jan-23,2023-01-14,Communication Skills,External,Incomplete,0,5,582.7,61,60+,0,0
1839,17-Aug-21,2021-08-17,4,2-4 yrs,Production Technician I,PYZ,Active,Full-Time,ZONE A,Part-Time,Production,People Services,29-03-1968,1968-03-29,MA,Female,Other,Single,Exceeds,3,28-04-2023,3,Medium,3,3,16-Aug-22,2022-08-16,Leadership Development,External,Incomplete,0,2,645.16,53,50-59,0,0
1840,08-Jan-21,2021-01-08,5,5-9 yrs,Production Technician I,WBL,Active,Full-Time,ZONE B,Part-Time,Production,General - Eng,07-08-1969,1969-08-07,MA,Female,Hispanic,Single,Exceeds,3,24-08-2022,5,High,1,4,07-Mar-23,2023-03-07,Project Management,External,Passed,1,5,310.44,52,50-59,0,0
1841,14-Aug-18,2018-08-14,7,5-9 yrs,Production Technician I,NEL,Active,Contract,ZONE B,Part-Time,Production,Field Operations,19-10-1958,1958-10-19,MA,Female,Hispanic,Widowed,Exceeds,3,30-03-2023,3,Medium,5,3,13-Aug-22,2022-08-13,Communication Skills,External,Failed,0,4,683.42,60,60+,0,0
1842,30-Jul-21,2021-07-30,4,2-4 yrs,Production Technician I,PL,Active,Part-Time,ZONE B,Temporary,Production,General - Con,10-05-1998,1998-05-10,MA,Male,Asian,Divorced,Exceeds,3,07-12-2022,1,Low,4,4,19-Jul-23,2023-07-19,Communication Skills,Internal,Completed,1,3,129.49,23,Under 30,0,0
1843,08-Apr-23,2023-04-08,3,2-4 yrs,Production Technician I,BPC,Active,Full-Time,ZONE C,Temporary,Production,Engineers,12-01-1963,1963-01-12,MA,Male,Hispanic,Married,Needs improvement,3,31-07-2023,1,Low,5,4,11-Nov-22,2022-11-11,Project Management,External,Incomplete,0,5,349.46,60,60+,0,1
1844,11-Sep-19,2019-09-11,6,5-9 yrs,Production Technician I,CCDR,Active,Part-Time,ZONE A,Part-Time,Production,General - Con,23-11-1964,1964-11-23,MA,Female,Other,Single,Exceeds,3,20-12-2022,2,Low,1,4,19-Aug-22,2022-08-19,Project Management,Internal,Failed,0,5,668.2,55,50-59,0,0
1847,03-Dec-22,2022-12-03,3,2-4 yrs,Production Technician I,MSC,Active,Full-Time,ZONE C,Part-Time,Production,Project Management - Con,16-10-2000,2000-10-16,MA,Male,Other,Divorced,Needs improvement,3,23-11-2022,5,High,2,3,14-Feb-23,2023-02-14,Leadership Development,External,Completed,1,1,777.95,22,Under 30,0,0
1848,23-Dec-21,2021-12-23,4,2-4 yrs,Production Technician I,TNS,Active,Contract,ZONE C,Part-Time,Production,Engineers,17-10-2000,2000-10-17,MA,Male,Black,Divorced,Pip,3,10-04-2023,2,Low,4,5,15-Feb-23,2023-02-15,Communication Skills,Internal,Completed,1,5,816.07,21,Under 30,0,0
1849,28-Jan-22,2022-01-28,4,2-4 yrs,Production Technician I,PYZ,Active,Part-Time,ZONE B,Full-Time,Production,Project Management - Con,28-05-1960,1960-05-28,MA,Female,Hispanic,Divorced,Pip,3,20-09-2022,2,Low,4,4,04-Jun-23,2023-06-04,Leadership Development,External,Passed,1,4,332.12,62,60+,0,0
1850,15-Dec-19,2019-12-15,6,5-9 yrs,Production Technician I,WBL,Terminated,Contract,ZONE A,Full-Time,Production,Aerial,23-10-1996,1996-10-23,MA,Female,White,Married,Pip,3,09-05-2023,3,Medium,1,2,02-May-23,2023-05-02,Communication Skills,Internal,Completed,1,1,950.45,23,Under 30,0,0
1851,11-Nov-21,2021-11-11,4,2-4 yrs,Production Technician I,NEL,Terminated,Full-Time,ZONE B,Temporary,Production,General - Con,29-10-1967,1967-10-29,MA,Female,Hispanic,Single,Pip,3,01-03-2023,1,Low,1,4,04-Sep-22,2022-09-04,Communication Skills,External,Passed,1,4,997.13,54,50-59,0,0
1852,15-Feb-19,2019-02-15,7,5-9 yrs,Production Technician I,PL,Terminated,Full-Time,ZONE A,Part-Time,Production,General - Con,18-10-1981,1981-10-18,MA,Female,Black,Single,Pip,3,02-05-2023,3,Medium,4,1,16-Oct-22,2022-10-16,Customer Service,Internal,Completed,1,1,917.56,38,30-39,0,0
1853,31-Mar-22,2022-03-31,4,2-4 yrs,Production Technician II,PYZ,Active,Contract,ZONE B,Temporary,Production,Wireline Construction,24-12-1957,1957-12-24,MA,Female,Other,Divorced,Pip,3,27-08-2022,4,High,3,5,10-Aug-22,2022-08-10,Project Management,External,Failed,0,4,220.2,65,60+,0,0
1854,25-Oct-20,2020-10-25,5,5-9 yrs,Production Technician II,WBL,Active,Contract,ZONE A,Full-Time,Production,Shop (Fleet),29-08-1962,1962-08-29,MA,Female,Asian,Married,Pip,3,29-07-2023,1,Low,2,5,18-May-23,2023-05-18,Technical Skills,External,Failed,0,1,837.64,58,50-59,0,0
1856,02-Aug-21,2021-08-02,4,2-4 yrs,Production Technician II,PL,Active,Full-Time,ZONE A,Full-Time,Production,Field Operations,19-09-1972,1972-09-19,MA,Female,Black,Widowed,Exceeds,3,14-03-2023,2,Low,3,3,04-Jul-23,2023-07-04,Leadership Development,External,Failed,0,4,687.77,49,40-49,0,0
1857,13-Nov-21,2021-11-13,4,2-4 yrs,Production Technician II,BPC,Terminated,Contract,ZONE C,Temporary,Production,Billable Consultants,04-06-1956,1956-06-04,MA,Male,Other,Divorced,Exceeds,3,21-08-2022,1,Low,4,1,14-Jun-23,2023-06-14,Project Management,External,Incomplete,0,5,278.62,65,60+,0,0
1858,07-May-19,2019-05-07,7,5-9 yrs,Production Technician I,TNS,Active,Contract,ZONE A,Full-Time,Production,Wireline Construction,20-02-1988,1988-02-20,MA,Female,Asian,Widowed,Exceeds,3,26-10-2022,2,Low,4,1,16-Dec-22,2022-12-16,Technical Skills,External,Failed,0,5,568.57,31,30-39,0,0
1859,31-Dec-20,2020-12-31,5,5-9 yrs,Production Technician I,PYZ,Active,Contract,ZONE A,Part-Time,Production,Field Operations,14-12-1982,1982-12-14,MA,Female,Hispanic,Married,Exceeds,3,17-02-2023,4,High,2,5,07-Oct-22,2022-10-07,Technical Skills,Internal,Completed,1,4,764.64,38,30-39,0,0
1860,10-Dec-19,2019-12-10,6,5-9 yrs,Production Technician I,WBL,Terminated,Part-Time,ZONE B,Full-Time,Production,Project Management - Con,09-06-2000,2000-06-09,MA,Female,Asian,Divorced,Exceeds,3,21-03-2023,1,Low,4,3,20-Aug-22,2022-08-20,Project Management,External,Passed,1,3,551.45,19,Under 30,0,0
1861,11-Jun-20,2020-06-11,5,5-9 yrs,Production Technician I,NEL,Active,Contract,ZONE A,Full-Time,Production,Wireline Construction,11-11-1951,1951-11-11,MA,Male,Black,Widowed,Exceeds,3,22-09-2022,1,Low,2,4,18-Jun-23,2023-06-18,Customer Service,Internal,Completed,1,2,849.52,69,60+,0,0
1862,30-Aug-21,2021-08-30,4,2-4 yrs,Production Technician I,PL,Active,Full-Time,ZONE C,Temporary,Production,Aerial,25-03-1985,1985-03-25,MA,Male,Other,Single,Exceeds,3,11-03-2023,5,High,4,4,21-Dec-22,2022-12-21,Communication Skills,Internal,Incomplete,0,1,180.61,36,30-39,0,0
1863,04-Nov-19,2019-11-04,6,5-9 yrs,Production Technician I,BPC,Active,Part-Time,ZONE C,Full-Time,Production,Engineers,18-09-1987,1987-09-18,MA,Female,Other,Single,Exceeds,3,04-07-2023,5,High,2,2,21-Jun-23,2023-06-21,Communication Skills,Internal,Passed,1,3,559.52,32,30-39,0,0
1864,03-Jun-23,2023-06-03,3,2-4 yrs,Production Technician I,CCDR,Active,Full-Time,ZONE A,Temporary,Production,Field Operations,26-05-1972,1972-05-26,MA,Female,Hispanic,Married,Exceeds,3,10-12-2022,3,Medium,2,1,06-Aug-22,2022-08-06,Project Management,Internal,Completed,1,4,850.57,51,50-59,0,1
1865,14-Feb-21,2021-02-14,5,5-9 yrs,Production Technician I,SVG,Active,Part-Time,ZONE C,Part-Time,Production,Field Operations,24-05-1969,1969-05-24,MA,Female,Asian,Single,Exceeds,3,12-01-2023,1,Low,3,4,13-Nov-22,2022-11-13,Project Management,Internal,Completed,1,3,802.75,52,50-59,0,0
1866,28-Feb-23,2023-02-28,3,2-4 yrs,Production Technician I,EW,Active,Contract,ZONE A,Temporary,Production,Field Operations,22-05-1980,1980-05-22,MA,Male,Asian,Divorced,Exceeds,3,12-10-2022,3,Medium,5,2,22-Apr-23,2023-04-22,Customer Service,External,Completed,1,3,587.63,43,40-49,0,0
1868,22-Mar-22,2022-03-22,4,2-4 yrs,Production Technician I,TNS,Active,Part-Time,ZONE A,Full-Time,Production,Field Operations,28-11-2000,2000-11-28,MA,Male,Black,Single,Needs improvement,3,26-02-2023,5,High,3,3,27-Mar-23,2023-03-27,Leadership Development,Internal,Completed,1,4,599.79,22,Under 30,0,0
1869,11-Nov-19,2019-11-11,6,5-9 yrs,Production Technician I,PYZ,Active,Part-Time,ZONE C,Temporary,Production,Catv,25-01-1982,1982-01-25,MA,Female,Asian,Married,Exceeds,3,31-08-2022,1,Low,2,3,23-Dec-22,2022-12-23,Customer Service,Internal,Failed,0,3,280.46,37,30-39,0,0
1870,04-Oct-22,2022-10-04,3,2-4 yrs,Production Technician I,WBL,Active,Contract,ZONE B,Full-Time,Production,Engineers,31-03-1992,1992-03-31,MA,Female,Hispanic,Married,Fully meets,3,13-09-2022,2,Low,5,3,25-Dec-22,2022-12-25,Communication Skills,External,Incomplete,0,3,969.98,30,30-39,0,0
1871,23-Aug-21,2021-08-23,4,2-4 yrs,Production Technician I,NEL,Active,Contract,ZONE C,Full-Time,Production,Wireline Construction,09-08-1996,1996-08-09,MA,Female,White,Widowed,Fully meets,3,12-12-2022,1,Low,4,3,03-Jul-23,2023-07-03,Customer Service,Internal,Failed,0,4,643.07,25,Under 30,0,0
1872,05-Dec-22,2022-12-05,3,2-4 yrs,Production Technician I,PL,Active,Full-Time,ZONE B,Temporary,Production,Field Operations,21-12-1972,1972-12-21,MA,Female,Hispanic,Married,Fully meets,3,17-04-2023,1,Low,2,5,04-Jul-23,2023-07-04,Leadership Development,Internal,Incomplete,0,4,299.55,50,50-59,0,0
1873,20-Jul-19,2019-07-20,6,5-9 yrs,Production Technician II,BPC,Active,Contract,ZONE C,Temporary,Production,Engineers,23-01-1960,1960-01-23,MA,Female,Black,Married,Fully meets,3,14-08-2022,5,High,2,3,02-Mar-23,2023-03-02,Technical Skills,External,Incomplete,0,3,373.67,59,50-59,0,0
1874,05-Nov-21,2021-11-05,4,2-4 yrs,Production Technician II,CCDR,Active,Full-Time,ZONE B,Part-Time,Production,Technology / It,08-12-1960,1960-12-08,MA,Male,Asian,Widowed,Fully meets,3,04-05-2023,2,Low,4,4,25-Dec-22,2022-12-25,Leadership Development,Internal,Passed,1,1,902.01,61,60+,0,0
1875,04-Jan-21,2021-01-04,5,5-9 yrs,Production Technician II,EW,Terminated,Full-Time,ZONE C,Full-Time,Production,General - Con,01-08-1953,1953-08-01,MA,Male,Other,Single,Fully meets,3,05-08-2023,3,Medium,1,4,19-Mar-23,2023-03-19,Project Management,Internal,Failed,0,1,105.61,68,60+,0,0
1877,30-Oct-21,2021-10-30,4,2-4 yrs,Production Technician II,NEL,Active,Part-Time,ZONE A,Full-Time,Production,General - Con,17-05-1961,1961-05-17,MA,Male,Asian,Married,Fully meets,3,08-09-2022,2,Low,3,2,01-May-23,2023-05-01,Technical Skills,External,Passed,1,1,845.17,60,60+,0,0
1878,02-Oct-22,2022-10-02,3,2-4 yrs,Production Technician I,WBL,Active,Part-Time,ZONE B,Part-Time,Production,Splicing,17-06-2001,2001-06-17,MA,Female,White,Single,Fully meets,3,13-01-2023,5,High,3,3,25-May-23,2023-05-25,Technical Skills,External,Passed,1,5,932.44,21,Under 30,0,0
1879,25-Nov-18,2018-11-25,7,5-9 yrs,Production Technician I,BPC,Terminated,Part-Time,ZONE B,Temporary,Production,Engineers,30-10-1965,1965-10-30,MA,Female,Black,Single,Fully meets,3,05-08-2023,2,Low,3,4,29-Apr-23,2023-04-29,Leadership Development,Internal,Passed,1,2,227.51,53,50-59,0,0
1880,09-Jul-21,2021-07-09,4,2-4 yrs,Production Technician I,CCDR,Terminated,Full-Time,ZONE A,Full-Time,Production,Project Management - Con,07-01-1966,1966-01-07,MA,Female,Black,Widowed,Fully meets,3,13-04-2023,5,High,1,2,10-Aug-22,2022-08-10,Customer Service,Internal,Incomplete,0,5,785.05,55,50-59,0,0
1881,01-May-19,2019-05-01,7,5-9 yrs,Production Technician I,EW,Active,Full-Time,ZONE B,Part-Time,Production,Field Operations,14-10-2000,2000-10-14,MA,Male,Asian,Single,Fully meets,3,18-09-2022,3,Medium,5,3,30-Jun-23,2023-06-30,Communication Skills,External,Passed,1,4,584.92,19,Under 30,0,0
1883,27-Aug-18,2018-08-27,7,5-9 yrs,Production Technician I,NEL,Active,Full-Time,ZONE B,Temporary,Production,Project Management - Con,03-07-1967,1967-07-03,MA,Female,Black,Single,Fully meets,3,09-10-2022,3,Medium,4,2,19-May-23,2023-05-19,Customer Service,Internal,Failed,0,1,483.43,51,50-59,0,0
1884,16-Mar-19,2019-03-16,7,5-9 yrs,Production Technician I,PL,Active,Part-Time,ZONE C,Part-Time,Production,General - Eng,24-07-2000,2000-07-24,MA,Female,Other,Married,Fully meets,3,14-04-2023,1,Low,3,3,09-Sep-22,2022-09-09,Project Management,External,Incomplete,0,2,889.87,19,Under 30,0,0
1885,07-Jan-22,2022-01-07,4,2-4 yrs,Production Technician I,PYZ,Active,Contract,ZONE B,Full-Time,Production,General - Con,23-05-1984,1984-05-23,MA,Male,Other,Married,Fully meets,3,14-09-2022,1,Low,2,4,15-Feb-23,2023-02-15,Customer Service,Internal,Incomplete,0,3,503.04,38,30-39,0,0
1886,04-Oct-22,2022-10-04,3,2-4 yrs,Production Technician I,SVG,Active,Contract,ZONE A,Temporary,Production,Executive,06-12-1984,1984-12-06,MA,Male,White,Single,Fully meets,3,18-01-2023,3,Medium,2,5,10-Jun-23,2023-06-10,Customer Service,External,Completed,1,1,349.8,38,30-39,0,0
1887,23-Mar-22,2022-03-23,4,2-4 yrs,Production Technician I,TNS,Active,Full-Time,ZONE C,Full-Time,Production,Field Operations,13-09-1997,1997-09-13,MA,Male,White,Divorced,Fully meets,3,07-05-2023,2,Low,3,3,23-Dec-22,2022-12-23,Customer Service,External,Passed,1,4,547.76,25,Under 30,0,0
1889,23-Nov-20,2020-11-23,5,5-9 yrs,Production Technician I,PYZ,Active,Contract,ZONE B,Temporary,Production,General - Con,14-02-1957,1957-02-14,MA,Female,Other,Divorced,Fully meets,3,06-10-2022,5,High,4,4,09-Feb-23,2023-02-09,Leadership Development,Internal,Incomplete,0,1,993.76,63,60+,0,0
1890,28-Mar-22,2022-03-28,4,2-4 yrs,Production Technician I,WBL,Active,Contract,ZONE B,Full-Time,Production,Splicing,24-05-1968,1968-05-24,MA,Female,White,Widowed,Fully meets,3,12-05-2023,1,Low,3,2,25-Oct-22,2022-10-25,Communication Skills,Internal,Failed,0,2,998.32,54,50-59,0,0
1892,07-Aug-18,2018-08-07,7,5-9 yrs,Production Technician II,TNS,Active,Contract,ZONE A,Temporary,Production,Aerial,30-05-1986,1986-05-30,MA,Female,Asian,Single,Fully meets,3,11-01-2023,3,Medium,3,3,09-Feb-23,2023-02-09,Technical Skills,External,Incomplete,0,3,192.73,32,30-39,0,0
1893,11-Feb-20,2020-02-11,6,5-9 yrs,Production Technician II,BPC,Active,Contract,ZONE A,Full-Time,Production,General - Con,28-01-1976,1976-01-28,MA,Male,White,Divorced,Fully meets,3,08-06-2023,2,Low,3,4,28-Sep-22,2022-09-28,Leadership Development,Internal,Completed,1,1,604.53,44,40-49,0,0
1894,01-Jan-23,2023-01-01,3,2-4 yrs,Production Technician II,CCDR,Active,Full-Time,ZONE A,Full-Time,Production,Field Operations,23-05-1959,1959-05-23,MA,Male,Other,Single,Fully meets,3,01-06-2023,3,Medium,1,5,29-May-23,2023-05-29,Technical Skills,External,Failed,0,2,144.39,64,60+,0,0
1895,07-Dec-22,2022-12-07,3,2-4 yrs,Production Technician II,EW,Active,Part-Time,ZONE A,Part-Time,Production,Wireline Construction,25-01-1989,1989-01-25,MA,Female,White,Married,Fully meets,3,18-10-2022,4,High,5,2,12-Sep-22,2022-09-12,Technical Skills,External,Completed,1,5,517.92,33,30-39,0,1
1898,05-Jun-19,2019-06-05,6,5-9 yrs,Production Technician I,MSC,Active,Full-Time,ZONE C,Temporary,Production,Field Operations,14-01-1997,1997-01-14,MA,Female,White,Single,Fully meets,3,18-07-2023,4,High,5,5,10-Jul-23,2023-07-10,Project Management,Internal,Completed,1,3,673.38,22,Under 30,0,0
1899,12-Dec-20,2020-12-12,5,5-9 yrs,Production Technician I,TNS,Active,Contract,ZONE C,Full-Time,Production,Field Operations,06-09-1982,1982-09-06,MA,Female,Asian,Married,Fully meets,3,28-06-2023,2,Low,4,5,29-Jan-23,2023-01-29,Leadership Development,Internal,Incomplete,0,2,724.87,38,30-39,0,0
1900,06-Apr-20,2020-04-06,6,5-9 yrs,Production Technician I,PYZ,Active,Full-Time,ZONE B,Full-Time,Production,General - Con,22-03-1960,1960-03-22,MA,Female,Hispanic,Widowed,Fully meets,3,02-07-2023,2,Low,2,5,27-Apr-23,2023-04-27,Communication Skills,Internal,Passed,1,4,140.83,60,60+,0,0
1901,30-Jan-23,2023-01-30,3,2-4 yrs,Production Technician I,WBL,Active,Full-Time,ZONE B,Full-Time,Production,Engineers,09-08-1959,1959-08-09,MA,Female,White,Divorced,Fully meets,3,22-06-2023,4,High,1,5,22-Sep-22,2022-09-22,Project Management,External,Passed,1,1,113.47,64,60+,0,1
1902,08-Sep-20,2020-09-08,5,5-9 yrs,Production Technician I,NEL,Active,Full-Time,ZONE A,Temporary,Production,Engineers,11-02-1952,1952-02-11,MA,Male,Other,Divorced,Fully meets,3,27-07-2023,2,Low,5,3,24-Feb-23,2023-02-24,Customer Service,External,Incomplete,0,1,604.93,68,60+,0,0
1903,14-Dec-20,2020-12-14,5,5-9 yrs,Production Technician I,PL,Active,Part-Time,ZONE C,Part-Time,Production,Field Operations,11-04-1960,1960-04-11,MA,Female,Black,Divorced,Fully meets,3,17-12-2022,5,High,5,2,27-May-23,2023-05-27,Project Management,External,Completed,1,4,699.97,60,60+,0,0
1904,07-Nov-22,2022-11-07,3,2-4 yrs,Production Technician I,BPC,Active,Contract,ZONE C,Part-Time,Production,General - Con,11-10-1982,1982-10-11,MA,Female,Asian,Widowed,Fully meets,3,09-12-2022,5,High,1,4,20-Oct-22,2022-10-20,Leadership Development,Internal,Failed,0,1,576.1,40,40-49,0,1
1905,06-Apr-22,2022-04-06,4,2-4 yrs,Production Technician I,CCDR,Active,Part-Time,ZONE B,Temporary,Production,Wireline Construction,10-03-1972,1972-03-10,MA,Female,Asian,Married,Fully meets,3,15-04-2023,5,High,2,1,24-Nov-22,2022-11-24,Leadership Development,Internal,Passed,1,2,958.46,50,50-59,0,0
1907,16-May-22,2022-05-16,4,2-4 yrs,Production Technician I,EW,Active,Full-Time,ZONE C,Part-Time,Production,Field Operations,04-11-1988,1988-11-04,MA,Male,Asian,Widowed,Fully meets,3,18-01-2023,2,Low,4,5,10-Nov-22,2022-11-10,Technical Skills,Internal,Completed,1,2,203.44,34,30-39,0,0
1909,21-Oct-21,2021-10-21,4,2-4 yrs,Production Technician I,TNS,Active,Full-Time,ZONE A,Part-Time,Production,General - Con,15-10-1961,1961-10-15,MA,Female,White,Widowed,Fully meets,3,23-11-2022,3,Medium,5,2,15-Mar-23,2023-03-15,Technical Skills,Internal,Passed,1,3,653.23,60,60+,0,0
1911,24-Jan-21,2021-01-24,5,5-9 yrs,Production Technician I,WBL,Terminated,Part-Time,ZONE B,Temporary,Production,Wireline Construction,12-06-1991,1991-06-12,MA,Female,White,Divorced,Fully meets,3,08-04-2023,3,Medium,4,3,12-Nov-22,2022-11-12,Communication Skills,External,Passed,1,5,333.08,30,30-39,0,0
1912,06-Mar-20,2020-03-06,6,5-9 yrs,Production Technician II,TNS,Active,Part-Time,ZONE B,Temporary,Production,Engineers,16-10-1987,1987-10-16,MA,Female,Asian,Married,Fully meets,3,02-04-2023,2,Low,5,1,26-Mar-23,2023-03-26,Leadership Development,External,Completed,1,1,718.38,33,30-39,0,0
1913,19-Nov-22,2022-11-19,3,2-4 yrs,Production Technician II,PYZ,Terminated,Full-Time,ZONE B,Full-Time,Production,General - Con,26-07-1972,1972-07-26,MA,Male,White,Married,Fully meets,3,21-01-2023,5,High,4,2,02-Feb-23,2023-02-02,Project Management,External,Failed,0,3,195.29,50,50-59,0,0
1914,15-Mar-19,2019-03-15,7,5-9 yrs,Production Technician II,WBL,Terminated,Part-Time,ZONE B,Full-Time,Production,Engineers,04-04-1981,1981-04-04,MA,Female,Other,Married,Fully meets,3,23-02-2023,4,High,4,5,11-Jan-23,2023-01-11,Leadership Development,External,Passed,1,2,113.43,38,30-39,0,0
1917,29-May-19,2019-05-29,7,5-9 yrs,Production Technician I,EW,Active,Contract,ZONE B,Full-Time,Production,General - Eng,03-11-1960,1960-11-03,MA,Female,Black,Single,Fully meets,3,31-10-2022,5,High,2,3,24-Jan-23,2023-01-24,Customer Service,Internal,Incomplete,0,3,419.83,59,50-59,0,0
1918,09-Jan-23,2023-01-09,3,2-4 yrs,Production Technician I,MSC,Active,Contract,ZONE B,Temporary,Production,Field Operations,12-09-1990,1990-09-12,MA,Female,Black,Single,Fully meets,3,01-10-2022,3,Medium,5,5,03-Aug-23,2023-08-03,Communication Skills,Internal,Incomplete,0,2,226.7,33,30-39,0,0
1919,01-May-22,2022-05-01,4,2-4 yrs,Production Technician I,TNS,Terminated,Contract,ZONE A,Full-Time,Production,Shop (Fleet),15-08-1990,1990-08-15,MA,Female,Other,Widowed,Fully meets,3,22-05-2023,2,Low,3,3,18-Jun-23,2023-06-18,Leadership Development,External,Failed,0,1,583.76,32,30-39,0,0
1921,06-Sep-21,2021-09-06,4,2-4 yrs,Production Technician I,WBL,Active,Contract,ZONE C,Full-Time,Production,Engineers,27-07-1994,1994-07-27,MA,Male,Other,Married,Fully meets,3,01-02-2023,3,Medium,2,5,28-May-23,2023-05-28,Technical Skills,External,Incomplete,0,2,813.17,27,Under 30,0,0
1922,29-Jul-20,2020-07-29,5,5-9 yrs,Production Technician I,NEL,Active,Full-Time,ZONE A,Part-Time,Production,General - Con,11-02-1958,1958-02-11,MA,Male,Asian,Divorced,Fully meets,3,29-04-2023,1,Low,1,3,14-Nov-22,2022-11-14,Technical Skills,External,Passed,1,3,636.38,62,60+,0,0
1923,31-Mar-23,2023-03-31,3,2-4 yrs,Production Technician I,PL,Active,Full-Time,ZONE B,Full-Time,Production,People Services,05-11-1966,1966-11-05,MA,Female,Other,Widowed,Fully meets,3,29-07-2023,3,Medium,4,4,17-Nov-22,2022-11-17,Project Management,External,Failed,0,3,868.74,57,50-59,0,1
1924,16-May-23,2023-05-16,3,2-4 yrs,Production Technician I,BPC,Active,Part-Time,ZONE B,Full-Time,Production,Field Operations,29-11-1994,1994-11-29,MA,Female,Hispanic,Married,Fully meets,3,05-09-2022,3,Medium,5,1,14-Jul-23,2023-07-14,Customer Service,External,Failed,0,4,250.41,29,Under 30,0,0
1925,29-Apr-23,2023-04-29,3,2-4 yrs,Production Technician I,CCDR,Active,Contract,ZONE B,Full-Time,Production,Splicing,13-02-1980,1980-02-13,MA,Male,Other,Divorced,Fully meets,3,21-04-2023,1,Low,5,3,12-May-23,2023-05-12,Communication Skills,Internal,Completed,1,3,882.06,43,40-49,0,0
1926,27-Nov-19,2019-11-27,6,5-9 yrs,Production Technician I,SVG,Active,Contract,ZONE A,Temporary,Production,Field Operations,02-01-2000,2000-01-02,MA,Male,Black,Single,Fully meets,3,20-08-2022,3,Medium,4,2,30-Jun-23,2023-06-30,Leadership Development,Internal,Passed,1,1,350.88,19,Under 30,0,0
1927,03-Nov-22,2022-11-03,3,2-4 yrs,Production Technician I,EW,Active,Full-Time,ZONE C,Full-Time,Production,Field Operations,06-04-1976,1976-04-06,MA,Male,Hispanic,Married,Fully meets,3,13-12-2022,3,Medium,2,1,23-Feb-23,2023-02-23,Leadership Development,External,Completed,1,5,571.81,46,40-49,0,0
1928,08-Aug-22,2022-08-08,3,2-4 yrs,Production Technician I,MSC,Active,Full-Time,ZONE A,Part-Time,Production,General - Con,17-03-1983,1983-03-17,MA,Female,Hispanic,Widowed,Fully meets,3,24-08-2022,4,High,5,5,23-Feb-23,2023-02-23,Communication Skills,Internal,Failed,0,3,900.89,39,30-39,0,0
1929,27-Jul-23,2023-07-27,2,2-4 yrs,Production Technician I,TNS,Active,Contract,ZONE A,Full-Time,Production,Field Operations,03-03-1988,1988-03-03,MA,Female,Asian,Widowed,Fully meets,3,09-12-2022,4,High,1,3,04-Aug-23,2023-08-04,Customer Service,Internal,Failed,0,3,312.56,35,30-39,0,0
1930,15-Jul-23,2023-07-15,2,2-4 yrs,Production Technician I,PYZ,Active,Full-Time,ZONE C,Temporary,Production,General - Con,26-08-1986,1986-08-26,MA,Female,Asian,Single,Fully meets,3,27-12-2022,3,Medium,3,4,30-Jun-23,2023-06-30,Project Management,External,Incomplete,0,5,533.56,37,30-39,0,1
1931,09-Nov-22,2022-11-09,3,2-4 yrs,Production Technician I,WBL,Active,Full-Time,ZONE B,Temporary,Production,Fielders,22-12-1999,1999-12-22,MA,Female,White,Single,Fully meets,3,16-04-2023,2,Low,3,4,14-May-23,2023-05-14,Leadership Development,Internal,Failed,0,5,381.36,23,Under 30,0,0
1932,24-Dec-19,2019-12-24,6,5-9 yrs,Sales Manager,BPC,Active,Full-Time,ZONE A,Temporary,Sales,General - Sga,16-08-1977,1977-08-16,MA,Male,Other,Widowed,Fully meets,3,17-01-2023,5,High,5,2,19-Mar-23,2023-03-19,Customer Service,Internal,Failed,0,2,754.08,42,40-49,0,0
1933,08-Mar-19,2019-03-08,7,5-9 yrs,Sales Manager,NEL,Active,Contract,ZONE C,Part-Time,Sales,Aerial,01-11-1989,1989-11-01,VT,Female,Black,Widowed,Fully meets,3,24-05-2023,2,Low,4,5,17-Oct-22,2022-10-17,Customer Service,Internal,Incomplete,0,5,837.19,30,30-39,0,0
1934,25-Jun-19,2019-06-25,6,5-9 yrs,Sales Manager,WBL,Terminated,Contract,ZONE B,Full-Time,Sales,General - Eng,29-09-1991,1991-09-29,PA,Female,Other,Widowed,Fully meets,3,25-08-2022,2,Low,5,2,08-May-23,2023-05-08,Leadership Development,External,Incomplete,0,2,993.7,28,Under 30,0,0
1935,03-Jan-19,2019-01-03,7,5-9 yrs,Production Technician II,TNS,Active,Part-Time,ZONE A,Temporary,Sales,Yard (Material Handling),01-12-1974,1974-12-01,MA,Male,Hispanic,Divorced,Fully meets,3,20-04-2023,5,High,1,4,16-Sep-22,2022-09-16,Customer Service,Internal,Completed,1,2,505.4,45,40-49,0,0
1936,02-Feb-23,2023-02-02,3,2-4 yrs,Production Technician II,BPC,Active,Full-Time,ZONE B,Part-Time,Sales,Field Operations,26-05-1991,1991-05-26,PA,Female,Hispanic,Widowed,Fully meets,3,11-10-2022,3,Medium,3,5,21-Aug-22,2022-08-21,Leadership Development,External,Failed,0,5,567.55,32,30-39,0,1
1937,30-Mar-22,2022-03-30,4,2-4 yrs,Production Technician II,CCDR,Terminated,Full-Time,ZONE A,Temporary,Sales,Engineers,25-03-1957,1957-03-25,PA,Female,Asian,Single,Fully meets,3,11-08-2022,4,High,5,4,08-May-23,2023-05-08,Leadership Development,External,Completed,1,4,774.74,65,60+,0,0
1938,23-Mar-20,2020-03-23,6,5-9 yrs,Production Technician II,TNS,Active,Part-Time,ZONE A,Full-Time,Sales,Splicing,18-03-1957,1957-03-18,MA,Female,Other,Single,Fully meets,3,15-09-2022,1,Low,4,3,24-Aug-22,2022-08-24,Communication Skills,External,Passed,1,5,316.61,63,60+,0,0
1942,30-Jul-19,2019-07-30,6,5-9 yrs,Production Technician II,TNS,Terminated,Part-Time,ZONE A,Part-Time,Sales,Wireline Construction,11-02-1964,1964-02-11,MA,Female,Other,Widowed,Fully meets,3,08-11-2022,2,Low,4,2,15-Apr-23,2023-04-15,Customer Service,Internal,Completed,1,3,250.51,55,50-59,0,0
1943,08-May-22,2022-05-08,4,2-4 yrs,Production Technician II,PYZ,Terminated,Contract,ZONE A,Part-Time,Sales,Shop (Fleet),23-03-1956,1956-03-23,PA,Female,White,Widowed,Fully meets,3,22-09-2022,5,High,5,4,13-May-23,2023-05-13,Technical Skills,Internal,Passed,1,3,453.4,66,60+,0,0
1944,12-May-20,2020-05-12,6,5-9 yrs,Production Technician II,TNS,Active,Part-Time,ZONE A,Full-Time,Sales,Field Operations,20-08-1963,1963-08-20,PA,Female,Asian,Married,Fully meets,3,12-12-2022,1,Low,4,1,26-Oct-22,2022-10-26,Technical Skills,External,Completed,1,5,742.31,57,50-59,0,0
1945,28-Mar-19,2019-03-28,7,5-9 yrs,Sales Manager,TNS,Terminated,Full-Time,ZONE A,Temporary,Sales,Engineers,17-02-1977,1977-02-17,MA,Female,White,Married,Fully meets,3,10-02-2023,1,Low,3,4,12-Jan-23,2023-01-12,Customer Service,External,Passed,1,5,341.94,42,40-49,0,0
1946,22-Jul-19,2019-07-22,6,5-9 yrs,Production Technician II,WBL,Active,Full-Time,ZONE A,Full-Time,Sales,Aerial,22-07-1956,1956-07-22,PA,Female,Other,Widowed,Fully meets,3,05-01-2023,3,Medium,5,1,30-Aug-22,2022-08-30,Customer Service,Internal,Completed,1,1,967.18,63,60+,0,0
1947,17-Sep-20,2020-09-17,5,5-9 yrs,Sales Manager,MSC,Active,Part-Time,ZONE C,Temporary,Sales,General - Sga,21-07-1982,1982-07-21,PA,Female,White,Single,Fully meets,3,28-06-2023,1,Low,3,3,14-Nov-22,2022-11-14,Communication Skills,External,Failed,0,3,147.4,38,30-39,0,0
1948,02-Jul-22,2022-07-02,3,2-4 yrs,Production Technician II,TNS,Terminated,Part-Time,ZONE B,Temporary,Sales,Splicing,08-12-1963,1963-12-08,PA,Female,Black,Married,Fully meets,3,16-03-2023,2,Low,1,5,23-May-23,2023-05-23,Project Management,External,Failed,0,4,884.26,59,50-59,0,0
1949,30-Nov-19,2019-11-30,6,5-9 yrs,Sales Manager,MSC,Active,Contract,ZONE A,Part-Time,Sales,Field Operations,04-04-1950,1950-04-04,PA,Female,Hispanic,Divorced,Fully meets,3,07-09-2022,5,High,3,4,28-Apr-23,2023-04-28,Customer Service,Internal,Incomplete,0,5,592.96,69,60+,0,0
1950,21-Jul-23,2023-07-21,2,2-4 yrs,Production Technician II,TNS,Terminated,Contract,ZONE C,Temporary,Production,Splicing,24-03-1958,1958-03-24,PA,Female,Asian,Married,Fully meets,3,17-09-2022,3,Medium,2,1,21-Feb-23,2023-02-21,Project Management,External,Passed,1,2,801.28,65,60+,0,1
1951,26-Aug-20,2020-08-26,5,5-9 yrs,Sales Manager,SVG,Terminated,Full-Time,ZONE A,Temporary,Sales,Aerial,09-10-1960,1960-10-09,MA,Female,Asian,Married,Fully meets,3,20-04-2023,4,High,1,3,29-Apr-23,2023-04-29,Leadership Development,Internal,Incomplete,0,2,717.95,60,60+,0,0
1952,16-May-20,2020-05-16,6,5-9 yrs,Sales Manager,TNS,Active,Full-Time,ZONE A,Full-Time,Sales,Underground,31-07-1989,1989-07-31,PA,Female,Other,Divorced,Fully meets,3,09-06-2023,2,Low,5,2,05-Mar-23,2023-03-05,Leadership Development,Internal,Passed,1,1,846.22,31,30-39,0,0
1953,06-Apr-23,2023-04-06,3,2-4 yrs,Production Technician I,PL,Active,Full-Time,ZONE B,Full-Time,Production,Finance & Accounting,20-02-1976,1976-02-20,MA,Female,Asian,Divorced,Fully meets,3,07-04-2023,4,High,5,4,13-Aug-22,2022-08-13,Leadership Development,External,Passed,1,4,275.62,47,40-49,0,1
1954,18-Feb-19,2019-02-18,7,5-9 yrs,Production Technician II,SVG,Terminated,Part-Time,ZONE C,Temporary,Production,Finance & Accounting,22-07-1968,1968-07-22,MA,Female,Other,Divorced,Fully meets,3,16-03-2023,1,Low,1,5,14-Aug-22,2022-08-14,Customer Service,External,Passed,1,5,837.05,51,50-59,0,0
1955,10-Oct-20,2020-10-10,5,5-9 yrs,Production Technician I,MSC,Active,Full-Time,ZONE A,Temporary,Production,Field Operations,04-04-1998,1998-04-04,MA,Male,White,Married,Fully meets,3,27-08-2022,2,Low,3,4,22-Jul-23,2023-07-22,Leadership Development,Internal,Incomplete,0,3,202.35,22,Under 30,0,0
1956,15-May-21,2021-05-15,5,5-9 yrs,Production Technician I,PL,Active,Part-Time,ZONE A,Full-Time,Production,Billable Consultants,18-12-1958,1958-12-18,MA,Female,Black,Married,Fully meets,3,23-01-2023,1,Low,5,4,05-Jun-23,2023-06-05,Communication Skills,External,Passed,1,4,590.97,63,60+,0,0
1957,13-May-19,2019-05-13,7,5-9 yrs,Production Technician I,TNS,Terminated,Part-Time,ZONE C,Full-Time,Production,Field Operations,15-02-1975,1975-02-15,MA,Female,Asian,Widowed,Fully meets,3,17-03-2023,5,High,2,2,14-Apr-23,2023-04-14,Customer Service,External,Failed,0,5,744.55,44,40-49,0,0
1958,04-Jul-19,2019-07-04,6,5-9 yrs,Production Technician I,PYZ,Active,Contract,ZONE B,Full-Time,Production,Sales & Marketing,18-10-1990,1990-10-18,MA,Female,Other,Married,Fully meets,3,05-10-2022,4,High,2,5,23-May-23,2023-05-23,Communication Skills,Internal,Incomplete,0,2,141.91,29,Under 30,0,0
1959,01-Apr-22,2022-04-01,4,2-4 yrs,Production Technician I,CCDR,Active,Part-Time,ZONE B,Temporary,Production,Project Management - Con,02-08-1989,1989-08-02,MA,Female,Asian,Married,Fully meets,3,04-01-2023,5,High,3,4,13-Sep-22,2022-09-13,Project Management,External,Completed,1,2,883.34,33,30-39,0,0
1963,14-Sep-20,2020-09-14,5,5-9 yrs,Production Technician I,CCDR,Terminated,Contract,ZONE B,Full-Time,Production,General - Con,08-05-1972,1972-05-08,MA,Female,Other,Married,Fully meets,3,23-08-2022,2,Low,5,3,13-Jun-23,2023-06-13,Technical Skills,Internal,Incomplete,0,2,316.03,48,40-49,0,0
1964,20-Dec-22,2022-12-20,3,2-4 yrs,Production Technician I,EW,Terminated,Part-Time,ZONE B,Part-Time,Production,Executive,27-03-1969,1969-03-27,MA,Female,Other,Married,Fully meets,3,21-11-2022,5,High,5,5,22-May-23,2023-05-22,Customer Service,Internal,Failed,0,1,540.96,53,50-59,0,0
1966,31-May-19,2019-05-31,7,5-9 yrs,Production Technician II,TNS,Active,Full-Time,ZONE C,Part-Time,Production,General - Con,04-03-1971,1971-03-04,MA,Female,Other,Widowed,Fully meets,3,29-10-2022,4,High,3,2,19-May-23,2023-05-19,Communication Skills,Internal,Failed,0,5,497.54,48,40-49,0,0
1967,29-Jan-19,2019-01-29,7,5-9 yrs,Production Technician I,PL,Active,Part-Time,ZONE A,Part-Time,Production,General - Con,11-12-1994,1994-12-11,MA,Female,Other,Single,Fully meets,3,26-02-2023,4,High,2,4,23-Jul-23,2023-07-23,Customer Service,Internal,Incomplete,0,4,300.95,25,Under 30,0,0
1968,01-Sep-19,2019-09-01,6,5-9 yrs,Production Technician I,NEL,Active,Full-Time,ZONE B,Temporary,Production,General - Con,29-06-1955,1955-06-29,MA,Female,Asian,Widowed,Fully meets,3,27-12-2022,1,Low,4,2,25-Nov-22,2022-11-25,Customer Service,Internal,Incomplete,0,2,283.06,64,60+,0,0
1971,15-Sep-18,2018-09-15,7,5-9 yrs,Production Technician II,MSC,Terminated,Part-Time,ZONE C,Full-Time,Production,General - Con,10-02-1994,1994-02-10,MA,Female,Other,Divorced,Fully meets,3,27-05-2023,3,Medium,2,1,20-Dec-22,2022-12-20,Leadership Development,External,Incomplete,0,1,331.8,24,Under 30,0,0
1972,04-Dec-21,2021-12-04,4,2-4 yrs,Production Technician II,EW,Active,Contract,ZONE A,Temporary,Production,Field Operations,23-01-1996,1996-01-23,MA,Male,Asian,Single,Fully meets,3,15-03-2023,2,Low,2,3,26-Apr-23,2023-04-26,Leadership Development,External,Incomplete,0,4,349.48,25,Under 30,0,0
1973,14-Nov-19,2019-11-14,6,5-9 yrs,Production Technician II,BPC,Active,Full-Time,ZONE B,Full-Time,Production,General - Con,10-10-1991,1991-10-10,MA,Female,Black,Married,Fully meets,3,30-08-2022,4,High,2,3,01-Apr-23,2023-04-01,Communication Skills,External,Failed,0,1,596.48,28,Under 30,0,0
1974,14-Apr-21,2021-04-14,5,5-9 yrs,Production Technician I,NEL,Active,Part-Time,ZONE A,Temporary,Production,Aerial,29-12-1968,1968-12-29,MA,Female,White,Widowed,Fully meets,3,17-01-2023,4,High,1,3,08-Oct-22,2022-10-08,Project Management,Internal,Incomplete,0,2,677.45,53,50-59,0,0
1978,05-Oct-21,2021-10-05,4,2-4 yrs,Production Technician I,TNS,Terminated,Full-Time,ZONE B,Part-Time,Production,Finance & Accounting,22-12-1976,1976-12-22,MA,Female,Other,Divorced,Fully meets,3,08-06-2023,3,Medium,5,1,18-Jan-23,2023-01-18,Leadership Development,Internal,Failed,0,5,983.61,45,40-49,0,0
1979,25-Sep-22,2022-09-25,3,2-4 yrs,Production Technician I,PYZ,Active,Part-Time,ZONE B,Temporary,Production,Engineers,25-03-1972,1972-03-25,MA,Female,Asian,Single,Fully meets,3,17-07-2023,1,Low,4,5,19-May-23,2023-05-19,Communication Skills,Internal,Failed,0,1,656.46,50,50-59,0,0
1980,10-Nov-21,2021-11-10,4,2-4 yrs,Production Technician I,WBL,Active,Part-Time,ZONE C,Full-Time,Production,General - Con,16-06-1990,1990-06-16,MA,Female,Hispanic,Married,Fully meets,3,17-05-2023,5,High,4,5,25-Mar-23,2023-03-25,Project Management,External,Failed,0,1,446.07,31,30-39,0,0
1981,08-Apr-21,2021-04-08,5,5-9 yrs,Production Technician I,NEL,Active,Contract,ZONE A,Temporary,Production,General - Con,14-11-1993,1993-11-14,MA,Male,Black,Divorced,Fully meets,3,23-03-2023,5,High,4,3,10-Aug-22,2022-08-10,Leadership Development,Internal,Passed,1,1,676.42,28,Under 30,0,0
1982,14-Nov-18,2018-11-14,7,5-9 yrs,Production Technician I,PL,Active,Full-Time,ZONE C,Temporary,Production,General - Sga,24-05-1980,1980-05-24,MA,Female,Hispanic,Married,Fully meets,3,24-06-2023,3,Medium,5,5,29-Jan-23,2023-01-29,Leadership Development,Internal,Passed,1,5,861.83,38,30-39,0,0
1983,14-Mar-20,2020-03-14,6,5-9 yrs,Production Technician I,BPC,Active,Part-Time,ZONE C,Full-Time,Production,General - Con,26-11-1956,1956-11-26,MA,Female,Asian,Widowed,Fully meets,3,16-08-2022,2,Low,5,1,28-Dec-22,2022-12-28,Customer Service,Internal,Failed,0,5,769.23,64,60+,0,0
1985,19-Mar-23,2023-03-19,3,2-4 yrs,Production Technician I,SVG,Active,Contract,ZONE B,Temporary,Production,General - Con,09-11-1963,1963-11-09,MA,Female,White,Widowed,Fully meets,3,04-03-2023,5,High,5,2,28-Sep-22,2022-09-28,Communication Skills,Internal,Incomplete,0,3,474.95,60,60+,0,1
1987,09-Nov-18,2018-11-09,7,5-9 yrs,Production Technician I,MSC,Active,Full-Time,ZONE C,Part-Time,Production,General - Sga,27-05-1967,1967-05-27,MA,Female,White,Single,Fully meets,3,18-07-2023,5,High,1,3,27-Jun-23,2023-06-27,Communication Skills,Internal,Failed,0,2,844.93,51,50-59,0,0
1988,23-Nov-18,2018-11-23,7,5-9 yrs,Production Technician I,TNS,Active,Contract,ZONE A,Temporary,Production,Field Operations,26-10-1989,1989-10-26,MA,Female,Black,Single,Fully meets,3,10-02-2023,1,Low,3,5,18-May-23,2023-05-18,Project Management,External,Completed,1,4,903.8,29,Under 30,0,0
1989,25-Feb-20,2020-02-25,6,5-9 yrs,Production Technician II,PL,Active,Full-Time,ZONE A,Temporary,Production,Field Operations,14-06-2000,2000-06-14,MA,Female,Other,Married,Fully meets,3,04-05-2023,4,High,2,5,04-Dec-22,2022-12-04,Leadership Development,External,Incomplete,0,4,329.3,20,Under 30,0,0
1992,20-May-19,2019-05-20,7,5-9 yrs,Production Technician II,SVG,Active,Contract,ZONE A,Part-Time,Production,General - Con,25-02-1950,1950-02-25,MA,Female,White,Divorced,Fully meets,3,06-02-2023,4,High,3,3,11-Sep-22,2022-09-11,Communication Skills,Internal,Failed,0,2,827.05,69,60+,0,0
1993,16-Oct-20,2020-10-16,5,5-9 yrs,Production Technician II,EW,Active,Full-Time,ZONE A,Full-Time,Production,Field Operations,21-07-1972,1972-07-21,MA,Female,Hispanic,Divorced,Fully meets,3,10-12-2022,5,High,2,4,02-May-23,2023-05-02,Customer Service,External,Failed,0,3,995.42,48,40-49,0,0
1994,01-Jul-22,2022-07-01,3,2-4 yrs,Production Technician II,MSC,Active,Full-Time,ZONE A,Full-Time,Production,General - Con,29-12-1988,1988-12-29,MA,Female,Other,Single,Fully meets,3,04-10-2022,5,High,5,1,20-Apr-23,2023-04-20,Technical Skills,External,Passed,1,4,360.61,34,30-39,0,0
1995,17-Dec-22,2022-12-17,3,2-4 yrs,Production Technician II,TNS,Active,Contract,ZONE A,Full-Time,Production,Field Operations,06-08-1978,1978-08-06,MA,Female,Other,Married,Fully meets,3,23-04-2023,4,High,3,1,23-Aug-22,2022-08-23,Communication Skills,External,Passed,1,3,658.54,44,40-49,0,1
1996,24-Oct-21,2021-10-24,4,2-4 yrs,Production Technician II,PYZ,Active,Part-Time,ZONE A,Temporary,Production,Aerial,10-07-1992,1992-07-10,MA,Female,White,Single,Fully meets,3,01-08-2023,3,Medium,5,2,16-Dec-22,2022-12-16,Communication Skills,Internal,Failed,0,5,250.11,29,Under 30,0,0
1997,28-Feb-19,2019-02-28,7,5-9 yrs,Production Technician II,WBL,Active,Part-Time,ZONE B,Full-Time,Production,Wireline Construction,09-06-1990,1990-06-09,MA,Female,Asian,Divorced,Fully meets,3,16-02-2023,3,Medium,3,2,29-Apr-23,2023-04-29,Project Management,Internal,Failed,0,4,819.65,29,Under 30,0,0
1998,24-Mar-22,2022-03-24,4,2-4 yrs,Production Technician II,NEL,Active,Full-Time,ZONE C,Part-Time,Production,General - Con,21-02-1999,1999-02-21,MA,Female,Black,Widowed,Fully meets,3,07-09-2022,2,Low,4,3,01-Dec-22,2022-12-01,Technical Skills,Internal,Completed,1,2,186.77,23,Under 30,0,0
2000,13-May-22,2022-05-13,4,2-4 yrs,Production Technician I,PYZ,Active,Full-Time,ZONE A,Part-Time,Production,General - Con,07-07-1963,1963-07-07,MA,Female,Black,Widowed,Fully meets,3,25-10-2022,1,Low,3,3,20-Mar-23,2023-03-20,Technical Skills,Internal,Incomplete,0,3,236.34,59,50-59,0,0
2001,09-Oct-19,2019-10-09,6,5-9 yrs,Production Technician I,SVG,Terminated,Contract,ZONE B,Full-Time,Production,Yard (Material Handling),17-08-1977,1977-08-17,MA,Female,White,Widowed,Fully meets,3,09-02-2023,5,High,3,5,04-May-23,2023-05-04,Leadership Development,Internal,Incomplete,0,4,504.62,42,40-49,0,0
2002,12-Oct-18,2018-10-12,7,5-9 yrs,Production Technician I,TNS,Terminated,Contract,ZONE B,Temporary,Production,General - Con,25-05-1990,1990-05-25,MA,Female,White,Married,Fully meets,3,11-03-2023,1,Low,4,2,26-Oct-22,2022-10-26,Project Management,External,Incomplete,0,1,217.86,28,Under 30,0,0
2003,13-Apr-20,2020-04-13,6,5-9 yrs,Production Technician I,WBL,Terminated,Contract,ZONE B,Part-Time,Production,Shop (Fleet),01-07-1985,1985-07-01,MA,Female,Other,Married,Fully meets,3,19-06-2023,5,High,5,1,12-Dec-22,2022-12-12,Technical Skills,External,Completed,1,4,148.97,35,30-39,0,0
2004,25-Apr-21,2021-04-25,5,5-9 yrs,Production Technician I,PYZ,Active,Contract,ZONE B,Full-Time,Production,Engineers,05-04-2001,2001-04-05,MA,Female,Other,Divorced,Fully meets,3,05-05-2023,3,Medium,3,4,27-Feb-23,2023-02-27,Leadership Development,Internal,Completed,1,1,628.83,20,Under 30,0,0
2006,19-Sep-21,2021-09-19,4,2-4 yrs,Production Technician I,NEL,Active,Contract,ZONE C,Temporary,Production,Executive,23-10-1973,1973-10-23,MA,Male,Other,Married,Fully meets,3,21-10-2022,5,High,5,2,22-Dec-22,2022-12-22,Communication Skills,External,Completed,1,2,892.65,48,40-49,0,0
2007,15-Dec-20,2020-12-15,5,5-9 yrs,Production Technician I,PL,Active,Full-Time,ZONE C,Temporary,Production,Splicing,05-05-1979,1979-05-05,MA,Female,Black,Widowed,Fully meets,3,28-07-2023,4,High,1,5,28-Feb-23,2023-02-28,Communication Skills,External,Passed,1,1,211.17,41,40-49,0,0
2009,17-Nov-21,2021-11-17,4,2-4 yrs,Production Technician I,CCDR,Active,Contract,ZONE C,Temporary,Production,Project Management - Con,01-10-1997,1997-10-01,MA,Female,White,Widowed,Fully meets,3,27-02-2023,5,High,2,2,20-Jan-23,2023-01-20,Customer Service,Internal,Incomplete,0,1,319.94,24,Under 30,0,0
2011,03-Jul-22,2022-07-03,3,2-4 yrs,Production Technician I,EW,Active,Contract,ZONE B,Temporary,Production,Finance & Accounting,06-08-1994,1994-08-06,MA,Female,Asian,Married,Fully meets,3,27-01-2023,3,Medium,2,2,30-Apr-23,2023-04-30,Leadership Development,Internal,Completed,1,1,999.96,28,Under 30,0,0
2012,24-Jan-20,2020-01-24,6,5-9 yrs,Production Technician I,MSC,Active,Contract,ZONE B,Full-Time,Production,General - Sga,06-06-1984,1984-06-06,MA,Female,White,Single,Fully meets,3,26-07-2023,2,Low,3,2,18-Sep-22,2022-09-18,Communication Skills,External,Incomplete,0,2,138.67,36,30-39,0,0
2013,07-Jul-19,2019-07-07,6,5-9 yrs,Production Technician I,TNS,Active,Contract,ZONE A,Temporary,Production,General - Con,08-04-1952,1952-04-08,MA,Female,Black,Widowed,Fully meets,3,07-03-2023,4,High,5,4,21-Feb-23,2023-02-21,Leadership Development,External,Failed,0,2,962.76,67,60+,0,0
2014,13-Mar-22,2022-03-13,4,2-4 yrs,Production Technician II,EW,Active,Part-Time,ZONE B,Temporary,Production,Splicing,11-11-1984,1984-11-11,MA,Female,Asian,Divorced,Fully meets,3,07-08-2022,2,Low,5,4,02-Mar-23,2023-03-02,Technical Skills,External,Incomplete,0,4,106.88,38,30-39,0,0
2015,02-Jun-23,2023-06-02,3,2-4 yrs,Production Technician II,MSC,Active,Part-Time,ZONE B,Part-Time,Production,Engineers,05-03-1992,1992-03-05,MA,Female,White,Widowed,Fully meets,3,13-08-2022,4,High,3,1,30-Sep-22,2022-09-30,Leadership Development,Internal,Passed,1,1,561.89,31,30-39,0,1
2016,08-Apr-21,2021-04-08,5,5-9 yrs,Production Technician II,NEL,Active,Contract,ZONE C,Full-Time,Production,Field Operations,01-10-1958,1958-10-01,MA,Female,White,Widowed,Fully meets,3,31-05-2023,1,Low,3,5,13-Sep-22,2022-09-13,Technical Skills,Internal,Incomplete,0,5,775.52,63,60+,0,0
2017,02-Dec-19,2019-12-02,6,5-9 yrs,Production Technician II,PL,Active,Full-Time,ZONE B,Part-Time,Production,Aerial,17-04-1971,1971-04-17,MA,Female,Black,Single,Fully meets,3,11-07-2023,2,Low,5,4,03-Dec-22,2022-12-03,Communication Skills,External,Incomplete,0,4,397.01,48,40-49,0,0
2018,09-Mar-22,2022-03-09,4,2-4 yrs,Production Technician II,PYZ,Active,Contract,ZONE C,Temporary,Production,Yard (Material Handling),27-01-1986,1986-01-27,MA,Female,Asian,Divorced,Fully meets,3,31-10-2022,5,High,2,1,21-Aug-22,2022-08-21,Customer Service,External,Incomplete,0,5,739.74,36,30-39,0,0
2019,26-Mar-22,2022-03-26,4,2-4 yrs,Production Technician II,SVG,Active,Full-Time,ZONE C,Temporary,Production,Field Operations,08-01-1977,1977-01-08,MA,Female,White,Widowed,Fully meets,3,21-03-2023,2,Low,1,4,06-Oct-22,2022-10-06,Technical Skills,External,Completed,1,2,789.2,45,40-49,0,0
2021,29-Nov-22,2022-11-29,3,2-4 yrs,Production Technician II,WBL,Active,Part-Time,ZONE A,Temporary,Production,Field Operations,11-12-1955,1955-12-11,MA,Female,Asian,Widowed,Fully meets,3,28-08-2022,1,Low,3,4,29-Apr-23,2023-04-29,Project Management,External,Incomplete,0,4,646.72,67,60+,0,0
2023,29-Jan-22,2022-01-29,4,2-4 yrs,Production Technician II,CCDR,Active,Part-Time,ZONE C,Part-Time,Production,General - Con,04-08-1962,1962-08-04,MA,Female,Hispanic,Divorced,Fully meets,3,10-10-2022,3,Medium,4,4,25-Nov-22,2022-11-25,Communication Skills,External,Incomplete,0,2,894.92,60,60+,0,0
2024,06-Jul-21,2021-07-06,4,2-4 yrs,Production Technician II,EW,Active,Full-Time,ZONE C,Full-Time,Production,Field Operations,25-03-1991,1991-03-25,MA,Female,Asian,Single,Fully meets,3,25-10-2022,2,Low,1,5,11-Jun-23,2023-06-11,Communication Skills,External,Failed,0,1,222.56,30,30-39,0,0
2025,29-Jan-21,2021-01-29,5,5-9 yrs,Production Technician II,MSC,Active,Part-Time,ZONE C,Temporary,Production,Field Operations,11-04-1975,1975-04-11,MA,Female,Asian,Single,Fully meets,3,02-05-2023,1,Low,2,4,17-Jan-23,2023-01-17,Technical Skills,Internal,Passed,1,2,699.76,46,40-49,0,0
2026,13-May-23,2023-05-13,3,2-4 yrs,Production Technician I,SVG,Active,Contract,ZONE A,Full-Time,Production,Field Operations,26-02-1970,1970-02-26,MA,Female,Hispanic,Married,Fully meets,3,22-03-2023,2,Low,4,4,08-Aug-22,2022-08-08,Project Management,External,Incomplete,0,3,124.93,53,50-59,0,1
2027,22-May-19,2019-05-22,7,5-9 yrs,Production Technician I,EW,Active,Part-Time,ZONE A,Full-Time,Production,Fielders,04-08-1974,1974-08-04,MA,Female,Black,Single,Fully meets,3,15-06-2023,3,Medium,1,3,08-Aug-22,2022-08-08,Technical Skills,External,Incomplete,0,5,664.12,45,40-49,0,0
2028,30-Sep-21,2021-09-30,4,2-4 yrs,Production Technician I,MSC,Terminated,Full-Time,ZONE C,Temporary,Production,Field Operations,02-05-1981,1981-05-02,MA,Female,Hispanic,Widowed,Fully meets,3,01-10-2022,4,High,4,4,18-Feb-23,2023-02-18,Project Management,External,Passed,1,2,862.82,40,40-49,0,0
2030,26-Apr-19,2019-04-26,7,5-9 yrs,Production Technician I,PYZ,Active,Full-Time,ZONE B,Full-Time,Production,Wireline Construction,13-08-1982,1982-08-13,MA,Female,Asian,Married,Fully meets,3,07-04-2023,4,High,1,5,28-Jul-23,2023-07-28,Communication Skills,External,Incomplete,0,4,349.75,37,30-39,0,0
2031,19-Feb-22,2022-02-19,4,2-4 yrs,Production Technician I,WBL,Active,Full-Time,ZONE C,Full-Time,Production,Project Management - Con,16-06-1977,1977-06-16,MA,Male,Asian,Married,Fully meets,3,09-02-2023,1,Low,3,1,25-Jul-23,2023-07-25,Technical Skills,External,Failed,0,1,244.5,45,40-49,0,0
2032,16-Apr-22,2022-04-16,4,2-4 yrs,Production Technician I,NEL,Active,Contract,ZONE C,Part-Time,Production,Field Operations,05-11-1996,1996-11-05,MA,Male,Asian,Divorced,Fully meets,3,02-07-2023,5,High,2,4,21-Nov-22,2022-11-21,Customer Service,Internal,Completed,1,3,873.52,26,Under 30,0,0
2033,12-May-22,2022-05-12,4,2-4 yrs,Production Technician I,PL,Active,Full-Time,ZONE A,Full-Time,Production,General - Con,28-01-1991,1991-01-28,MA,Female,White,Divorced,Fully meets,3,10-10-2022,4,High,1,5,11-Mar-23,2023-03-11,Leadership Development,External,Passed,1,1,358.65,31,30-39,0,0
2035,06-Jun-20,2020-06-06,5,5-9 yrs,Production Technician I,CCDR,Active,Full-Time,ZONE C,Full-Time,Production,Aerial,14-03-2001,2001-03-14,MA,Female,Asian,Married,Fully meets,3,11-01-2023,4,High,2,3,17-Feb-23,2023-02-17,Customer Service,External,Failed,0,2,565.81,19,Under 30,0,0
2038,02-Sep-18,2018-09-02,7,5-9 yrs,Production Technician I,MSC,Active,Part-Time,ZONE A,Temporary,Production,Splicing,04-05-2001,2001-05-04,MA,Female,Black,Married,Fully meets,3,18-02-2023,5,High,3,2,13-Aug-22,2022-08-13,Technical Skills,Internal,Passed,1,2,694.03,17,Under 30,1,0
2039,22-Apr-22,2022-04-22,4,2-4 yrs,Production Technician I,TNS,Active,Full-Time,ZONE B,Full-Time,Production,Field Operations,04-10-1957,1957-10-04,MA,Female,White,Single,Fully meets,3,06-10-2022,5,High,2,2,24-May-23,2023-05-24,Customer Service,External,Incomplete,0,1,738.69,65,60+,0,0
2041,13-Sep-22,2022-09-13,3,2-4 yrs,Production Technician II,PL,Active,Part-Time,ZONE C,Part-Time,Production,General - Con,18-04-1997,1997-04-18,MA,Female,Black,Single,Fully meets,3,19-06-2023,1,Low,1,5,25-Sep-22,2022-09-25,Technical Skills,External,Completed,1,5,970.6,25,Under 30,0,0
2042,24-Nov-19,2019-11-24,6,5-9 yrs,Production Technician II,BPC,Active,Part-Time,ZONE C,Part-Time,Production,General - Con,29-02-1992,1992-02-29,MA,Female,White,Married,Fully meets,3,24-06-2023,5,High,2,1,14-Feb-23,2023-02-14,Customer Service,External,Passed,1,1,651.4,27,Under 30,0,0
2043,19-Mar-20,2020-03-19,6,5-9 yrs,Production Technician II,CCDR,Active,Contract,ZONE C,Part-Time,Production,Isp,21-09-1967,1967-09-21,MA,Female,White,Married,Fully meets,3,07-06-2023,1,Low,3,3,08-Oct-22,2022-10-08,Project Management,Internal,Passed,1,5,809.68,53,50-59,0,0
2044,14-Sep-22,2022-09-14,3,2-4 yrs,Production Technician II,SVG,Active,Contract,ZONE C,Full-Time,Production,Wireline Construction,20-02-1992,1992-02-20,MA,Female,Black,Married,Fully meets,3,14-11-2022,5,High,1,5,05-Aug-23,2023-08-05,Customer Service,External,Passed,1,5,570.91,30,30-39,0,0
2045,21-Sep-21,2021-09-21,4,2-4 yrs,Production Technician II,EW,Active,Part-Time,ZONE A,Part-Time,Production,Fielders,19-11-1976,1976-11-19,MA,Female,Other,Divorced,Fully meets,3,05-06-2023,3,Medium,1,4,04-May-23,2023-05-04,Customer Service,Internal,Incomplete,0,1,852.72,45,40-49,0,0
2047,13-Dec-22,2022-12-13,3,2-4 yrs,Production Technician II,TNS,Active,Contract,ZONE A,Part-Time,Production,Aerial,23-08-1966,1966-08-23,MA,Female,White,Single,Fully meets,3,24-08-2022,3,Medium,5,3,15-Aug-22,2022-08-15,Technical Skills,Internal,Failed,0,1,942.72,56,50-59,0,1
2048,07-Feb-22,2022-02-07,4,2-4 yrs,Production Technician II,PYZ,Active,Contract,ZONE B,Part-Time,Production,Aerial,06-04-1995,1995-04-06,MA,Female,Asian,Married,Fully meets,3,25-11-2022,2,Low,5,4,02-Nov-22,2022-11-02,Customer Service,External,Failed,0,2,626.4,27,Under 30,0,0
2050,11-Jan-22,2022-01-11,4,2-4 yrs,Production Technician II,NEL,Active,Full-Time,ZONE C,Full-Time,Production,Wireless,03-02-1953,1953-02-03,MA,Female,White,Widowed,Fully meets,3,03-04-2023,5,High,4,5,13-Dec-22,2022-12-13,Communication Skills,Internal,Completed,1,3,904.54,69,60+,0,0
2051,26-Feb-22,2022-02-26,4,2-4 yrs,Production Technician I,CCDR,Active,Part-Time,ZONE C,Temporary,Production,Field Operations,13-04-1999,1999-04-13,MA,Female,Black,Single,Fully meets,3,12-08-2022,5,High,2,4,17-Mar-23,2023-03-17,Project Management,Internal,Incomplete,0,2,761.28,23,Under 30,0,0
2052,10-Jun-20,2020-06-10,5,5-9 yrs,Production Technician I,SVG,Active,Part-Time,ZONE B,Part-Time,Production,Field Operations,12-05-1956,1956-05-12,MA,Female,Hispanic,Married,Fully meets,3,06-07-2023,1,Low,4,4,06-Nov-22,2022-11-06,Project Management,Internal,Completed,1,4,507.49,64,60+,0,0
2053,27-Sep-21,2021-09-27,4,2-4 yrs,Production Technician I,EW,Active,Part-Time,ZONE B,Temporary,Production,Engineers,09-02-1989,1989-02-09,MA,Female,White,Divorced,Fully meets,3,23-06-2023,5,High,3,1,13-May-23,2023-05-13,Leadership Development,Internal,Incomplete,0,5,862.9,32,30-39,0,0
2054,25-Oct-18,2018-10-25,7,5-9 yrs,Production Technician I,MSC,Active,Contract,ZONE C,Temporary,Production,Project Management - Con,30-12-1993,1993-12-30,MA,Female,Black,Married,Fully meets,3,04-02-2023,4,High,5,3,06-Jun-23,2023-06-06,Leadership Development,Internal,Incomplete,0,4,528.18,25,Under 30,0,0
2055,25-Nov-20,2020-11-25,5,5-9 yrs,Production Technician I,TNS,Active,Contract,ZONE A,Full-Time,Production,Engineers,19-07-1989,1989-07-19,MA,Female,White,Divorced,Fully meets,3,28-10-2022,5,High,4,2,08-Nov-22,2022-11-08,Technical Skills,External,Passed,1,2,805.7,31,30-39,0,0
2056,17-Apr-20,2020-04-17,6,5-9 yrs,Production Technician I,PYZ,Active,Contract,ZONE A,Full-Time,Production,Field Operations,25-07-1957,1957-07-25,MA,Female,White,Divorced,Fully meets,3,12-07-2023,3,Medium,4,1,02-Feb-23,2023-02-02,Technical Skills,External,Failed,0,1,190.55,63,60+,0,0
2057,15-Apr-21,2021-04-15,5,5-9 yrs,Production Technician I,WBL,Active,Contract,ZONE C,Part-Time,Production,Field Operations,14-12-1964,1964-12-14,MA,Male,Hispanic,Married,Fully meets,3,06-05-2023,4,High,1,3,01-Jan-23,2023-01-01,Customer Service,Internal,Failed,0,3,605.36,57,50-59,0,0
2058,17-Apr-22,2022-04-17,4,2-4 yrs,Production Technician I,NEL,Active,Full-Time,ZONE A,Temporary,Production,Field Operations,13-01-1984,1984-01-13,MA,Male,White,Divorced,Fully meets,3,29-05-2023,5,High,5,4,31-Dec-22,2022-12-31,Customer Service,Internal,Passed,1,1,338.16,38,30-39,0,0
2059,29-Jul-23,2023-07-29,2,2-4 yrs,Production Technician I,PL,Terminated,Full-Time,ZONE C,Temporary,Production,General - Con,27-07-1987,1987-07-27,MA,Female,White,Married,Fully meets,3,09-05-2023,4,High,4,5,06-May-23,2023-05-06,Customer Service,External,Completed,1,3,969.03,36,30-39,0,1
2062,25-Oct-18,2018-10-25,7,5-9 yrs,Production Technician I,SVG,Active,Contract,ZONE C,Temporary,Production,Project Management - Con,18-07-1950,1950-07-18,MA,Female,Hispanic,Single,Fully meets,3,05-09-2022,4,High,1,2,20-May-23,2023-05-20,Project Management,External,Passed,1,1,842.36,68,60+,0,0
2064,28-Aug-20,2020-08-28,5,5-9 yrs,Production Technician I,MSC,Active,Part-Time,ZONE C,Full-Time,Production,Finance & Accounting,10-05-1964,1964-05-10,MA,Female,White,Single,Fully meets,3,13-03-2023,1,Low,3,5,10-Sep-22,2022-09-10,Technical Skills,Internal,Passed,1,2,343.22,56,50-59,0,0
2065,10-May-20,2020-05-10,6,5-9 yrs,Production Technician II,EW,Active,Contract,ZONE C,Full-Time,Production,Field Operations,29-02-1972,1972-02-29,MA,Female,Other,Single,Fully meets,3,13-01-2023,5,High,4,4,15-May-23,2023-05-15,Leadership Development,Internal,Failed,0,1,283.86,48,40-49,0,0
2066,04-Aug-23,2023-08-04,2,2-4 yrs,Production Technician II,MSC,Active,Contract,ZONE A,Full-Time,Production,Project Management - Con,25-05-1989,1989-05-25,MA,Female,Asian,Single,Fully meets,3,08-10-2022,1,Low,5,1,03-Sep-22,2022-09-03,Customer Service,Internal,Passed,1,5,107.29,34,30-39,0,1
2068,05-Jun-21,2021-06-05,4,2-4 yrs,Production Technician II,PL,Active,Contract,ZONE C,Part-Time,Production,Field Operations,07-09-1962,1962-09-07,MA,Female,White,Divorced,Fully meets,3,22-08-2022,4,High,3,5,03-Feb-23,2023-02-03,Leadership Development,Internal,Incomplete,0,3,670.68,59,50-59,0,0
2069,29-Jun-22,2022-06-29,3,2-4 yrs,Production Technician II,PYZ,Active,Full-Time,ZONE C,Temporary,Production,Wireline Construction,25-12-1991,1991-12-25,MA,Female,Other,Widowed,Fully meets,3,22-07-2023,3,Medium,1,5,10-May-23,2023-05-10,Communication Skills,External,Incomplete,0,3,685.62,31,30-39,0,0
2070,02-Jul-22,2022-07-02,3,2-4 yrs,Production Technician II,SVG,Active,Contract,ZONE A,Full-Time,Production,Field Operations,20-02-1969,1969-02-20,MA,Female,White,Divorced,Fully meets,3,23-02-2023,3,Medium,4,5,12-Apr-23,2023-04-12,Technical Skills,Internal,Completed,1,5,842.88,53,50-59,0,0
2071,04-Jan-23,2023-01-04,3,2-4 yrs,Production Technician II,TNS,Active,Contract,ZONE A,Full-Time,Production,Wireline Construction,14-05-1977,1977-05-14,MA,Female,White,Widowed,Fully meets,3,15-09-2022,2,Low,1,5,09-Feb-23,2023-02-09,Technical Skills,Internal,Incomplete,0,5,735.7,46,40-49,0,0
2072,08-Jul-23,2023-07-08,2,2-4 yrs,Production Technician II,WBL,Active,Contract,ZONE A,Temporary,Production,Project Management - Con,07-09-1980,1980-09-07,MA,Female,White,Single,Fully meets,3,21-09-2022,5,High,4,1,17-Jun-23,2023-06-17,Customer Service,Internal,Passed,1,5,974.31,43,40-49,0,1
2073,03-Mar-23,2023-03-03,3,2-4 yrs,Production Technician II,PYZ,Active,Part-Time,ZONE B,Full-Time,Production,Field Operations,18-07-1956,1956-07-18,MA,Female,Hispanic,Single,Fully meets,3,12-02-2023,1,Low,2,2,03-Aug-23,2023-08-03,Project Management,Internal,Incomplete,0,3,760.53,67,60+,0,0
2074,19-Aug-19,2019-08-19,6,5-9 yrs,Production Technician II,WBL,Active,Part-Time,ZONE B,Full-Time,Production,Field Operations,25-11-1967,1967-11-25,MA,Female,Hispanic,Widowed,Fully meets,3,05-07-2023,3,Medium,2,4,20-Sep-22,2022-09-20,Project Management,Internal,Passed,1,5,640.97,52,50-59,0,0
2075,30-Oct-18,2018-10-30,7,5-9 yrs,Production Technician I,NEL,Active,Contract,ZONE A,Full-Time,Production,Project Management - Con,13-10-1976,1976-10-13,MA,Female,Other,Married,Fully meets,3,27-02-2023,4,High,5,2,27-Oct-22,2022-10-27,Customer Service,External,Incomplete,0,5,807.49,42,40-49,0,0
2078,26-Sep-18,2018-09-26,7,5-9 yrs,Production Technician I,SVG,Terminated,Full-Time,ZONE B,Temporary,Production,Field Operations,26-10-1986,1986-10-26,MA,Female,White,Single,Fully meets,3,21-10-2022,5,High,5,2,07-Aug-22,2022-08-07,Communication Skills,Internal,Incomplete,0,5,737.61,32,30-39,0,0
2079,19-Jun-22,2022-06-19,3,2-4 yrs,Production Technician I,TNS,Active,Part-Time,ZONE B,Part-Time,Production,General - Con,12-06-1956,1956-06-12,MA,Female,White,Married,Fully meets,3,03-03-2023,4,High,2,3,15-Jan-23,2023-01-15,Leadership Development,External,Completed,1,4,444.96,66,60+,0,0
2080,15-Sep-22,2022-09-15,3,2-4 yrs,Production Technician I,WBL,Active,Contract,ZONE B,Temporary,Production,Catv,03-11-1960,1960-11-03,MA,Female,Other,Married,Fully meets,3,12-02-2023,4,High,1,4,09-Jun-23,2023-06-09,Project Management,External,Failed,0,1,605.05,62,60+,0,0
2081,09-May-20,2020-05-09,6,5-9 yrs,Production Technician I,BPC,Active,Part-Time,ZONE A,Temporary,Production,Engineers,08-06-1988,1988-06-08,MA,Female,Asian,Married,Fully meets,3,21-02-2023,1,Low,1,4,14-May-23,2023-05-14,Customer Service,External,Failed,0,4,744.4,32,30-39,0,0
2082,17-Feb-21,2021-02-17,5,5-9 yrs,Production Technician I,CCDR,Active,Contract,ZONE C,Temporary,Production,Field Operations,08-01-1961,1961-01-08,MA,Male,Black,Single,Fully meets,3,01-01-2023,4,High,2,4,09-Aug-22,2022-08-09,Customer Service,External,Incomplete,0,1,230.77,60,60+,0,0
2083,12-Apr-20,2020-04-12,6,5-9 yrs,Production Technician I,EW,Active,Contract,ZONE C,Temporary,Production,Engineers,16-05-1981,1981-05-16,MA,Female,Hispanic,Divorced,Fully meets,3,26-06-2023,2,Low,2,4,21-Dec-22,2022-12-21,Project Management,External,Incomplete,0,5,569.44,39,30-39,0,0
2084,30-Mar-21,2021-03-30,5,5-9 yrs,Production Technician I,MSC,Active,Contract,ZONE B,Full-Time,Production,Sales & Marketing,06-02-1971,1971-02-06,MA,Female,Hispanic,Divorced,Fully meets,3,26-05-2023,3,Medium,2,2,02-Feb-23,2023-02-02,Project Management,External,Passed,1,1,677.67,50,50-59,0,0
2085,05-May-19,2019-05-05,7,5-9 yrs,Production Technician I,NEL,Active,Contract,ZONE C,Full-Time,Production,Engineers,12-07-1999,1999-07-12,MA,Female,Asian,Married,Fully meets,3,13-10-2022,3,Medium,4,4,29-Mar-23,2023-03-29,Project Management,External,Incomplete,0,1,963.42,20,Under 30,0,0
2086,31-May-21,2021-05-31,5,5-9 yrs,Production Technician I,PL,Active,Contract,ZONE A,Part-Time,Production,General - Con,14-11-1978,1978-11-14,MA,Female,Asian,Divorced,Fully meets,3,05-08-2022,5,High,4,3,03-Apr-23,2023-04-03,Communication Skills,External,Completed,1,3,488.66,43,40-49,0,0
2087,21-Nov-19,2019-11-21,6,5-9 yrs,Production Technician I,PYZ,Active,Part-Time,ZONE A,Full-Time,Production,Field Operations,19-12-1959,1959-12-19,MA,Female,Black,Widowed,Fully meets,3,14-11-2022,4,High,4,1,02-Apr-23,2023-04-02,Leadership Development,Internal,Completed,1,3,450.94,60,60+,0,0
2088,19-Jul-19,2019-07-19,6,5-9 yrs,Production Technician I,SVG,Active,Contract,ZONE B,Full-Time,Production,Yard (Material Handling),27-05-1960,1960-05-27,MA,Female,White,Divorced,Fully meets,3,21-12-2022,2,Low,1,2,09-Feb-23,2023-02-09,Communication Skills,External,Completed,1,3,407.99,59,50-59,0,0
2089,29-Dec-18,2018-12-29,7,5-9 yrs,Production Technician I,TNS,Active,Contract,ZONE C,Part-Time,Production,Technology / It,04-06-1966,1966-06-04,MA,Female,White,Married,Fully meets,3,16-06-2023,5,High,3,3,04-Jan-23,2023-01-04,Communication Skills,Internal,Completed,1,2,423.31,52,50-59,0,0
2091,25-Nov-22,2022-11-25,3,2-4 yrs,Production Technician II,MSC,Active,Contract,ZONE C,Part-Time,Production,Field Operations,14-03-1999,1999-03-14,MA,Female,Black,Single,Fully meets,3,21-02-2023,3,Medium,1,1,20-Jul-23,2023-07-20,Leadership Development,Internal,Incomplete,0,3,102.77,23,Under 30,0,0
2092,13-Nov-19,2019-11-13,6,5-9 yrs,Production Technician II,NEL,Active,Part-Time,ZONE C,Full-Time,Production,Field Operations,09-09-1987,1987-09-09,MA,Female,Asian,Widowed,Fully meets,3,24-07-2023,1,Low,2,3,13-Mar-23,2023-03-13,Communication Skills,External,Completed,1,5,246.13,32,30-39,0,0
2094,16-Jun-19,2019-06-16,6,5-9 yrs,Production Technician II,PYZ,Active,Part-Time,ZONE C,Part-Time,Production,Field Operations,12-01-1964,1964-01-12,MA,Female,Black,Married,Fully meets,3,25-08-2022,2,Low,5,5,11-Mar-23,2023-03-11,Leadership Development,Internal,Passed,1,4,739.32,55,50-59,0,0
2095,14-Jul-23,2023-07-14,2,2-4 yrs,Production Technician II,SVG,Active,Full-Time,ZONE A,Full-Time,Production,Project Management - Con,19-10-1997,1997-10-19,MA,Female,Other,Divorced,Fully meets,3,21-07-2023,5,High,3,1,14-Nov-22,2022-11-14,Leadership Development,Internal,Passed,1,3,773.16,26,Under 30,0,1
2096,18-Jul-23,2023-07-18,2,2-4 yrs,Production Technician II,TNS,Active,Contract,ZONE C,Full-Time,Production,Field Operations,17-07-1985,1985-07-17,MA,Female,Black,Single,Fully meets,3,28-05-2023,3,Medium,4,4,25-Apr-23,2023-04-25,Communication Skills,External,Completed,1,3,838.65,38,30-39,0,1
2097,06-Dec-18,2018-12-06,7,5-9 yrs,Production Technician II,WBL,Active,Part-Time,ZONE C,Full-Time,Production,Aerial,25-02-1964,1964-02-25,MA,Female,Black,Widowed,Pip,2,30-08-2022,2,Low,1,4,26-Nov-22,2022-11-26,Technical Skills,External,Incomplete,0,3,426.55,54,50-59,0,0
2099,30-Oct-18,2018-10-30,7,5-9 yrs,Production Technician I,BPC,Active,Full-Time,ZONE B,Part-Time,Production,General - Sga,29-03-1969,1969-03-29,MA,Female,Hispanic,Widowed,Pip,4,26-03-2023,1,Low,4,5,28-Feb-23,2023-02-28,Customer Service,External,Completed,1,2,829.08,49,40-49,0,0
2101,28-Dec-22,2022-12-28,3,2-4 yrs,Production Technician I,SVG,Terminated,Full-Time,ZONE B,Temporary,Production,Fielders,13-12-1964,1964-12-13,MA,Female,Hispanic,Married,Pip,5,10-01-2023,4,High,4,2,29-Jun-23,2023-06-29,Leadership Development,External,Completed,1,1,751.81,58,50-59,0,0
2102,24-Mar-23,2023-03-24,3,2-4 yrs,Production Technician I,EW,Active,Part-Time,ZONE B,Part-Time,Production,Field Operations,23-01-1966,1966-01-23,MA,Female,Asian,Single,Exceeds,2,16-07-2023,1,Low,1,3,04-May-23,2023-05-04,Communication Skills,Internal,Passed,1,1,598.51,57,50-59,0,0
2103,02-Oct-20,2020-10-02,5,5-9 yrs,Production Technician I,MSC,Active,Contract,ZONE A,Full-Time,Production,Field Operations,25-12-1986,1986-12-25,MA,Female,Asian,Widowed,Exceeds,5,16-02-2023,1,Low,4,5,06-Sep-22,2022-09-06,Technical Skills,Internal,Incomplete,0,3,958.29,34,30-39,0,0
2105,19-Jan-20,2020-01-19,6,5-9 yrs,Production Technician I,PYZ,Active,Part-Time,ZONE C,Part-Time,Production,General - Sga,27-01-1960,1960-01-27,MA,Female,Hispanic,Single,Needs improvement,4,24-07-2023,3,Medium,4,2,10-Nov-22,2022-11-10,Technical Skills,External,Completed,1,3,365.03,60,60+,0,0
2106,14-Apr-19,2019-04-14,7,5-9 yrs,Production Technician I,WBL,Active,Contract,ZONE C,Temporary,Production,Wireline Construction,14-11-1962,1962-11-14,MA,Male,White,Widowed,Exceeds,2,28-10-2022,5,High,5,1,15-Jul-23,2023-07-15,Customer Service,Internal,Passed,1,4,782.43,57,50-59,0,0
2108,09-May-22,2022-05-09,4,2-4 yrs,Production Technician I,PL,Terminated,Part-Time,ZONE A,Temporary,Production,Field Operations,19-09-1978,1978-09-19,MA,Female,White,Widowed,Needs improvement,2,10-04-2023,1,Low,2,4,05-Sep-22,2022-09-05,Customer Service,Internal,Completed,1,5,804.37,44,40-49,0,0
2109,23-Feb-21,2021-02-23,5,5-9 yrs,Production Technician I,BPC,Active,Part-Time,ZONE C,Part-Time,Production,Field Operations,22-11-1988,1988-11-22,MA,Female,Other,Divorced,Exceeds,5,04-04-2023,3,Medium,3,5,18-Apr-23,2023-04-18,Project Management,External,Failed,0,3,869.94,33,30-39,0,0
2111,29-Mar-22,2022-03-29,4,2-4 yrs,Production Technician I,SVG,Active,Full-Time,ZONE A,Temporary,Production,General - Con,17-05-1957,1957-05-17,MA,Female,Asian,Single,Needs improvement,5,26-04-2023,2,Low,3,1,17-Nov-22,2022-11-17,Customer Service,Internal,Passed,1,4,470.24,65,60+,0,0
2114,24-Aug-19,2019-08-24,6,5-9 yrs,Production Technician II,NEL,Active,Contract,ZONE C,Part-Time,Production,Engineers,24-04-1992,1992-04-24,MA,Female,White,Single,Exceeds,4,08-02-2023,5,High,4,1,26-Feb-23,2023-02-26,Communication Skills,External,Completed,1,2,326.98,27,Under 30,0,0
2115,15-Apr-19,2019-04-15,7,5-9 yrs,Production Technician II,PL,Active,Contract,ZONE A,Part-Time,Production,Billable Consultants,30-03-1978,1978-03-30,MA,Female,Asian,Married,Exceeds,2,25-01-2023,5,High,2,1,24-Sep-22,2022-09-24,Leadership Development,Internal,Incomplete,0,5,752.82,41,40-49,0,0
2117,22-Jun-20,2020-06-22,5,5-9 yrs,Production Technician II,CCDR,Active,Full-Time,ZONE B,Full-Time,Production,Field Operations,17-05-1993,1993-05-17,MA,Female,Hispanic,Divorced,Exceeds,2,16-11-2022,2,Low,3,2,27-May-23,2023-05-27,Customer Service,External,Incomplete,0,4,531.69,27,Under 30,0,0
2118,28-Jan-20,2020-01-28,6,5-9 yrs,Production Technician II,SVG,Active,Part-Time,ZONE C,Temporary,Production,Project Management - Eng,06-11-2000,2000-11-06,MA,Female,White,Widowed,Exceeds,5,20-03-2023,3,Medium,2,4,21-Apr-23,2023-04-21,Leadership Development,Internal,Completed,1,3,384.28,20,Under 30,0,0
2120,05-Oct-18,2018-10-05,7,5-9 yrs,Production Technician II,MSC,Active,Contract,ZONE C,Full-Time,Production,Wireline Construction,17-01-1967,1967-01-17,MA,Female,Asian,Divorced,Needs improvement,2,05-09-2022,4,High,4,1,22-May-23,2023-05-22,Project Management,External,Incomplete,0,1,131.78,51,50-59,0,0
2121,20-Aug-20,2020-08-20,5,5-9 yrs,Production Technician II,TNS,Active,Part-Time,ZONE A,Full-Time,Production,Splicing,11-09-1998,1998-09-11,MA,Female,Asian,Married,Exceeds,5,29-01-2023,4,High,1,3,31-Dec-22,2022-12-31,Project Management,Internal,Passed,1,2,459.39,22,Under 30,0,0
2122,11-Jun-21,2021-06-11,4,2-4 yrs,Production Technician I,BPC,Active,Full-Time,ZONE C,Temporary,Production,General - Con,21-10-1975,1975-10-21,MA,Female,Asian,Married,Needs improvement,5,25-01-2023,3,Medium,3,2,02-Jan-23,2023-01-02,Technical Skills,External,Passed,1,1,949.46,46,40-49,0,0
2123,10-Sep-21,2021-09-10,4,2-4 yrs,Production Technician I,CCDR,Active,Contract,ZONE B,Temporary,Production,Catv,12-02-1979,1979-02-12,MA,Female,White,Widowed,Exceeds,2,29-10-2022,3,Medium,5,3,23-Sep-22,2022-09-23,Project Management,External,Failed,0,4,169.71,42,40-49,0,0
2125,09-Aug-19,2019-08-09,6,5-9 yrs,Production Technician I,EW,Active,Full-Time,ZONE B,Part-Time,Production,Engineers,30-05-2001,2001-05-30,MA,Female,White,Divorced,Exceeds,4,23-09-2022,4,High,5,3,19-Aug-22,2022-08-19,Communication Skills,External,Incomplete,0,2,486.63,18,Under 30,0,0
2126,08-Mar-21,2021-03-08,5,5-9 yrs,Production Technician I,MSC,Active,Part-Time,ZONE C,Temporary,Production,Technology / It,20-06-1969,1969-06-20,MA,Female,Black,Married,Pip,1,14-04-2023,3,Medium,4,4,24-Jan-23,2023-01-24,Communication Skills,External,Failed,0,2,692.5,52,50-59,0,0
2127,20-Jul-19,2019-07-20,6,5-9 yrs,Production Technician I,TNS,Active,Contract,ZONE A,Part-Time,Production,Field Operations,26-11-1953,1953-11-26,MA,Female,Black,Single,Needs improvement,4,01-08-2023,2,Low,2,3,03-Apr-23,2023-04-03,Leadership Development,Internal,Passed,1,5,119.71,66,60+,0,0
2128,27-Mar-23,2023-03-27,3,2-4 yrs,Production Technician I,PYZ,Active,Full-Time,ZONE A,Temporary,Production,Field Operations,02-10-1955,1955-10-02,MA,Female,Black,Widowed,Needs improvement,2,01-04-2023,1,Low,3,1,22-Dec-22,2022-12-22,Project Management,External,Passed,1,2,168.47,68,60+,0,1
2129,07-Oct-19,2019-10-07,6,5-9 yrs,Production Technician I,WBL,Active,Part-Time,ZONE B,Temporary,Production,Field Operations,02-02-1988,1988-02-02,MA,Male,Other,Divorced,Needs improvement,2,30-09-2022,5,High,5,2,03-Mar-23,2023-03-03,Communication Skills,External,Incomplete,0,4,951.82,31,30-39,0,0
2130,13-Dec-22,2022-12-13,3,2-4 yrs,Production Technician I,NEL,Active,Contract,ZONE C,Part-Time,Production,Field Operations,24-02-1973,1973-02-24,MA,Female,Other,Married,Needs improvement,1,30-03-2023,3,Medium,5,2,21-Nov-22,2022-11-21,Project Management,Internal,Completed,1,4,444.22,49,40-49,0,1
2131,06-Jun-20,2020-06-06,5,5-9 yrs,Production Technician I,PL,Terminated,Part-Time,ZONE C,Part-Time,Production,Field Operations,12-03-1951,1951-03-12,MA,Female,Black,Widowed,Needs improvement,4,28-12-2022,1,Low,2,1,21-Jan-23,2023-01-21,Project Management,Internal,Passed,1,5,591.83,69,60+,0,0
2132,25-Apr-22,2022-04-25,4,2-4 yrs,Production Technician I,BPC,Active,Full-Time,ZONE A,Full-Time,Production,Fielders,18-06-1964,1964-06-18,MA,Female,Other,Widowed,Needs improvement,2,15-12-2022,2,Low,3,3,15-Sep-22,2022-09-15,Communication Skills,Internal,Passed,1,5,936.77,58,50-59,0,0
2133,28-Jul-20,2020-07-28,5,5-9 yrs,Production Technician I,CCDR,Active,Contract,ZONE A,Full-Time,Production,Field Operations,20-08-1974,1974-08-20,MA,Female,Black,Single,Pip,1,02-03-2023,2,Low,3,2,16-Mar-23,2023-03-16,Technical Skills,External,Passed,1,4,797.13,46,40-49,0,0
2134,28-Feb-22,2022-02-28,4,2-4 yrs,Production Technician I,SVG,Active,Part-Time,ZONE B,Temporary,Production,Aerial,09-07-2001,2001-07-09,MA,Female,Hispanic,Widowed,Exceeds,2,27-02-2023,4,High,2,5,20-Oct-22,2022-10-20,Technical Skills,Internal,Completed,1,1,420.72,21,Under 30,0,0
2135,25-Oct-21,2021-10-25,4,2-4 yrs,Production Technician I,EW,Active,Contract,ZONE A,Part-Time,Production,Engineers,25-04-1955,1955-04-25,MA,Female,Asian,Married,Exceeds,2,02-08-2023,2,Low,2,4,21-Nov-22,2022-11-21,Technical Skills,Internal,Completed,1,5,218.13,66,60+,0,0
2136,12-Sep-18,2018-09-12,7,5-9 yrs,Production Technician I,MSC,Active,Part-Time,ZONE A,Part-Time,Production,Underground,08-10-1991,1991-10-08,MA,Female,Other,Divorced,Exceeds,1,18-02-2023,2,Low,2,2,28-Nov-22,2022-11-28,Communication Skills,Internal,Incomplete,0,1,659.25,27,Under 30,0,0
2138,04-Nov-21,2021-11-04,4,2-4 yrs,Production Technician II,EW,Active,Contract,ZONE C,Temporary,Production,Project Management - Con,11-08-1966,1966-08-11,MA,Female,Hispanic,Divorced,Exceeds,2,22-08-2022,1,Low,5,2,17-Aug-22,2022-08-17,Project Management,Internal,Completed,1,3,282.21,55,50-59,0,0
2139,05-May-20,2020-05-05,6,5-9 yrs,Production Technician II,MSC,Active,Part-Time,ZONE B,Full-Time,Production,Aerial,30-03-1968,1968-03-30,MA,Female,White,Widowed,Exceeds,2,05-05-2023,1,Low,4,4,21-May-23,2023-05-21,Technical Skills,Internal,Passed,1,2,935.49,52,50-59,0,0
2140,08-Dec-20,2020-12-08,5,5-9 yrs,Production Technician II,NEL,Active,Contract,ZONE A,Part-Time,Production,Engineers,22-08-1969,1969-08-22,MA,Female,Black,Widowed,Exceeds,2,11-05-2023,4,High,5,4,27-Apr-23,2023-04-27,Project Management,External,Completed,1,3,264.84,51,50-59,0,0
2142,09-Jan-20,2020-01-09,6,5-9 yrs,Production Technician II,PYZ,Active,Contract,ZONE A,Temporary,Production,Engineers,25-01-1965,1965-01-25,MA,Female,Other,Widowed,Exceeds,2,06-05-2023,2,Low,5,1,11-Jan-23,2023-01-11,Leadership Development,Internal,Failed,0,3,248.83,55,50-59,0,0
2144,25-Aug-22,2022-08-25,3,2-4 yrs,Production Technician II,TNS,Active,Full-Time,ZONE B,Temporary,Production,Field Operations,28-01-1998,1998-01-28,MA,Female,Hispanic,Divorced,Exceeds,2,09-06-2023,2,Low,5,4,26-Jan-23,2023-01-26,Communication Skills,Internal,Completed,1,4,474.09,24,Under 30,0,0
2145,27-Feb-19,2019-02-27,7,5-9 yrs,Production Technician II,WBL,Active,Full-Time,ZONE A,Full-Time,Production,General - Sga,04-10-1989,1989-10-04,MA,Female,Other,Divorced,Exceeds,1,19-05-2023,3,Medium,3,5,05-Dec-22,2022-12-05,Project Management,External,Failed,0,4,251.83,30,30-39,0,0
2147,14-Aug-20,2020-08-14,5,5-9 yrs,Production Technician I,NEL,Active,Contract,ZONE B,Temporary,Production,Aerial,06-11-1981,1981-11-06,MA,Female,Hispanic,Divorced,Exceeds,4,03-11-2022,2,Low,1,2,25-Jan-23,2023-01-25,Technical Skills,External,Passed,1,3,535.19,39,30-39,0,0
2149,02-May-21,2021-05-02,5,5-9 yrs,Production Technician I,PYZ,Terminated,Full-Time,ZONE A,Temporary,Production,Project Management - Con,26-03-1997,1997-03-26,MA,Female,White,Single,Exceeds,5,21-05-2023,5,High,3,5,08-May-23,2023-05-08,Technical Skills,Internal,Failed,0,2,747.63,24,Under 30,0,0
2150,21-Jan-23,2023-01-21,3,2-4 yrs,Production Technician I,SVG,Active,Full-Time,ZONE B,Full-Time,Production,Splicing,06-10-1971,1971-10-06,MA,Female,Asian,Widowed,Exceeds,5,26-11-2022,2,Low,1,1,03-Aug-23,2023-08-03,Project Management,External,Incomplete,0,3,794.12,52,50-59,0,0
2152,07-Oct-20,2020-10-07,5,5-9 yrs,Production Technician I,WBL,Active,Part-Time,ZONE C,Temporary,Production,Engineers,07-01-1956,1956-01-07,MA,Female,White,Widowed,Exceeds,2,30-03-2023,3,Medium,1,4,15-Oct-22,2022-10-15,Communication Skills,External,Completed,1,4,606.89,64,60+,0,0
2154,28-Apr-22,2022-04-28,4,2-4 yrs,Production Technician I,CCDR,Active,Part-Time,ZONE A,Temporary,Production,Field Operations,08-09-1975,1975-09-08,MA,Male,Other,Married,Exceeds,4,18-05-2023,1,Low,3,2,11-Mar-23,2023-03-11,Project Management,External,Failed,0,4,795.38,47,40-49,0,0
2156,11-Sep-18,2018-09-11,7,5-9 yrs,Production Technician I,MSC,Active,Part-Time,ZONE B,Temporary,Production,Executive,29-01-1989,1989-01-29,MA,Female,Black,Widowed,Exceeds,3,03-03-2023,5,High,1,3,19-Jan-23,2023-01-19,Customer Service,Internal,Failed,0,2,763.44,29,Under 30,0,0
2158,23-Feb-23,2023-02-23,3,2-4 yrs,Production Technician I,PL,Active,Full-Time,ZONE B,Full-Time,Production,Field Operations,07-07-1962,1962-07-07,MA,Female,White,Married,Exceeds,3,04-01-2023,2,Low,4,3,06-Apr-23,2023-04-06,Communication Skills,External,Failed,0,1,989.3,61,60+,0,0
2159,23-Mar-21,2021-03-23,5,5-9 yrs,Production Technician I,PYZ,Active,Full-Time,ZONE C,Temporary,Production,Aerial,31-05-1983,1983-05-31,MA,Female,White,Widowed,Exceeds,5,20-09-2022,1,Low,1,1,24-Jan-23,2023-01-24,Customer Service,External,Completed,1,3,833.52,38,30-39,0,0
2160,07-Nov-22,2022-11-07,3,2-4 yrs,Production Technician I,SVG,Active,Full-Time,ZONE A,Part-Time,Production,General - Con,22-05-1988,1988-05-22,MA,Female,Other,Married,Exceeds,3,20-01-2023,1,Low,1,5,16-Jun-23,2023-06-16,Customer Service,Internal,Completed,1,5,329.65,34,30-39,0,0
2162,02-Jan-21,2021-01-02,5,5-9 yrs,Production Technician II,WBL,Active,Full-Time,ZONE B,Temporary,Production,Project Management - Con,05-04-1970,1970-04-05,MA,Female,Asian,Married,Exceeds,3,17-02-2023,3,Medium,5,4,03-Jun-23,2023-06-03,Project Management,External,Incomplete,0,5,136.81,51,50-59,0,0
2163,26-Mar-19,2019-03-26,7,5-9 yrs,Production Technician II,NEL,Active,Contract,ZONE B,Full-Time,Production,General - Sga,19-11-1966,1966-11-19,MA,Female,White,Married,Exceeds,1,12-01-2023,5,High,5,4,19-Jan-23,2023-01-19,Communication Skills,Internal,Failed,0,3,665.2,53,50-59,0,0
2166,20-Mar-19,2019-03-20,7,5-9 yrs,Production Technician II,CCDR,Active,Contract,ZONE B,Part-Time,Production,Field Operations,09-09-1997,1997-09-09,MA,Female,Asian,Widowed,Exceeds,3,16-01-2023,2,Low,2,1,02-Oct-22,2022-10-02,Technical Skills,External,Passed,1,2,953.59,22,Under 30,0,0
2168,08-Aug-18,2018-08-08,7,5-9 yrs,Production Technician II,EW,Active,Part-Time,ZONE B,Full-Time,Production,Field Operations,16-01-1995,1995-01-16,MA,Female,Black,Divorced,Exceeds,3,08-01-2023,5,High,1,4,01-Aug-23,2023-08-01,Customer Service,Internal,Incomplete,0,2,851.51,23,Under 30,0,0
2169,04-Jul-20,2020-07-04,5,5-9 yrs,Production Technician II,MSC,Active,Full-Time,ZONE A,Full-Time,Production,General - Con,26-12-1995,1995-12-26,MA,Female,Black,Widowed,Exceeds,3,18-04-2023,5,High,2,4,17-Mar-23,2023-03-17,Customer Service,External,Failed,0,1,200.13,25,Under 30,0,0
2171,09-Aug-21,2021-08-09,4,2-4 yrs,Production Technician I,BPC,Active,Full-Time,ZONE A,Part-Time,Production,Executive,11-02-1992,1992-02-11,MA,Female,Hispanic,Married,Exceeds,3,16-03-2023,1,Low,3,2,19-Jun-23,2023-06-19,Communication Skills,External,Passed,1,3,243.07,29,Under 30,0,0
2172,16-May-21,2021-05-16,5,5-9 yrs,Production Technician I,CCDR,Terminated,Part-Time,ZONE C,Temporary,Production,Field Operations,01-06-1994,1994-06-01,MA,Female,Other,Single,Exceeds,3,17-03-2023,2,Low,4,1,23-Jun-23,2023-06-23,Project Management,External,Incomplete,0,2,198.08,27,Under 30,0,0
2173,14-Aug-21,2021-08-14,4,2-4 yrs,Production Technician I,SVG,Terminated,Contract,ZONE A,Part-Time,Production,Engineers,04-10-1987,1987-10-04,MA,Female,Asian,Divorced,Exceeds,3,13-02-2023,1,Low,4,3,18-Apr-23,2023-04-18,Technical Skills,External,Completed,1,5,372.55,34,30-39,0,0
2174,08-Feb-22,2022-02-08,4,2-4 yrs,Production Technician I,EW,Active,Full-Time,ZONE B,Temporary,Production,General - Eng,29-12-1970,1970-12-29,MA,Female,Black,Married,Exceeds,3,25-12-2022,1,Low,1,5,13-Nov-22,2022-11-13,Technical Skills,External,Incomplete,0,2,446.22,52,50-59,0,0
2175,16-Dec-19,2019-12-16,6,5-9 yrs,Production Technician I,MSC,Active,Contract,ZONE C,Temporary,Production,Field Operations,02-10-1987,1987-10-02,MA,Female,Hispanic,Widowed,Exceeds,2,16-03-2023,1,Low,3,3,22-Feb-23,2023-02-22,Communication Skills,External,Completed,1,2,512.6,32,30-39,0,0
2176,07-Oct-21,2021-10-07,4,2-4 yrs,Production Technician I,TNS,Active,Full-Time,ZONE B,Full-Time,Production,Field Operations,22-12-1988,1988-12-22,MA,Female,Asian,Married,Exceeds,2,29-04-2023,2,Low,1,1,19-Apr-23,2023-04-19,Communication Skills,External,Completed,1,5,357.52,33,30-39,0,0
2177,23-Dec-20,2020-12-23,5,5-9 yrs,Production Technician I,PYZ,Active,Full-Time,ZONE A,Full-Time,Production,Catv,02-09-1951,1951-09-02,MA,Male,Asian,Single,Pip,4,17-10-2022,4,High,2,1,07-Jul-23,2023-07-07,Customer Service,External,Passed,1,4,616.66,69,60+,0,0
2178,01-Nov-22,2022-11-01,3,2-4 yrs,Production Technician I,WBL,Active,Contract,ZONE B,Part-Time,Production,Fielders,30-08-1990,1990-08-30,MA,Female,Hispanic,Married,Pip,4,11-09-2022,4,High,1,5,08-May-23,2023-05-08,Communication Skills,Internal,Completed,1,5,368.55,32,30-39,0,0
2179,28-Oct-22,2022-10-28,3,2-4 yrs,Production Technician I,NEL,Terminated,Contract,ZONE B,Full-Time,Production,Project Management - Con,04-01-1996,1996-01-04,MA,Female,Black,Widowed,Pip,4,16-06-2023,1,Low,3,1,08-Sep-22,2022-09-08,Leadership Development,External,Passed,1,4,937.57,26,Under 30,0,1
2180,03-Nov-18,2018-11-03,7,5-9 yrs,Production Technician I,PL,Active,Full-Time,ZONE A,Full-Time,Production,Field Operations,10-08-1980,1980-08-10,MA,Female,Hispanic,Widowed,Pip,5,29-05-2023,4,High,4,4,05-Feb-23,2023-02-05,Technical Skills,External,Incomplete,0,4,706.08,38,30-39,0,0
2181,05-Mar-19,2019-03-05,7,5-9 yrs,Production Technician I,BPC,Active,Contract,ZONE A,Temporary,Production,Field Operations,13-08-1991,1991-08-13,MA,Female,Black,Single,Pip,5,04-02-2023,2,Low,1,4,28-Jun-23,2023-06-28,Communication Skills,Internal,Incomplete,0,2,542.94,28,Under 30,0,0
2182,14-Mar-21,2021-03-14,5,5-9 yrs,Production Technician I,CCDR,Active,Full-Time,ZONE A,Part-Time,Production,General - Eng,20-01-1992,1992-01-20,MA,Female,Black,Widowed,Exceeds,4,12-04-2023,1,Low,1,2,22-Jul-23,2023-07-22,Communication Skills,External,Completed,1,2,105.18,29,Under 30,0,0
2183,13-Dec-18,2018-12-13,7,5-9 yrs,Production Technician I,SVG,Active,Contract,ZONE C,Full-Time,Production,Finance & Accounting,12-09-1949,1949-09-12,MA,Female,White,Divorced,Exceeds,5,13-12-2022,4,High,4,2,23-Apr-23,2023-04-23,Communication Skills,External,Completed,1,3,287.3,69,60+,0,0
2184,05-Sep-21,2021-09-05,4,2-4 yrs,Production Technician I,EW,Active,Full-Time,ZONE C,Part-Time,Production,Aerial,20-02-1984,1984-02-20,MA,Female,Other,Divorced,Exceeds,2,09-03-2023,2,Low,4,4,25-Sep-22,2022-09-25,Communication Skills,External,Failed,0,3,661.36,37,30-39,0,0
2185,17-May-20,2020-05-17,6,5-9 yrs,Production Technician II,WBL,Terminated,Contract,ZONE A,Full-Time,Production,Aerial,21-04-1959,1959-04-21,MA,Female,Asian,Single,Exceeds,5,07-11-2022,4,High,5,5,01-Aug-23,2023-08-01,Customer Service,Internal,Incomplete,0,5,220.95,61,60+,0,0
2186,03-Mar-23,2023-03-03,3,2-4 yrs,Production Technician II,NEL,Active,Part-Time,ZONE A,Temporary,Production,Field Operations,17-05-1997,1997-05-17,MA,Male,Hispanic,Married,Exceeds,1,17-09-2022,4,High,1,1,21-Sep-22,2022-09-21,Leadership Development,External,Failed,0,5,747.61,26,Under 30,0,1
2187,28-Feb-20,2020-02-28,6,5-9 yrs,Production Technician II,PL,Active,Part-Time,ZONE B,Full-Time,Production,Engineers,26-01-1998,1998-01-26,MA,Female,Hispanic,Married,Exceeds,5,14-01-2023,2,Low,1,5,07-Jun-23,2023-06-07,Communication Skills,Internal,Completed,1,1,575.77,22,Under 30,0,0
2188,11-Feb-21,2021-02-11,5,5-9 yrs,Production Technician II,BPC,Active,Part-Time,ZONE A,Part-Time,Production,Field Operations,21-02-1965,1965-02-21,MA,Female,Black,Married,Exceeds,2,25-01-2023,5,High,4,2,17-Jun-23,2023-06-17,Leadership Development,Internal,Incomplete,0,2,754.8,56,50-59,0,0
2190,25-Apr-23,2023-04-25,3,2-4 yrs,Production Technician II,SVG,Active,Part-Time,ZONE C,Full-Time,Production,General - Con,20-01-1985,1985-01-20,MA,Female,Asian,Single,Needs improvement,5,31-03-2023,5,High,2,3,29-Apr-23,2023-04-29,Technical Skills,Internal,Completed,1,2,623.98,38,30-39,0,0
2191,14-Feb-21,2021-02-14,5,5-9 yrs,Production Technician II,EW,Active,Contract,ZONE C,Part-Time,Production,Engineers,19-11-1971,1971-11-19,MA,Female,Asian,Married,Needs improvement,5,11-04-2023,2,Low,2,3,13-May-23,2023-05-13,Communication Skills,Internal,Failed,0,3,774.02,50,50-59,0,0
2193,28-Feb-19,2019-02-28,7,5-9 yrs,Production Technician I,NEL,Terminated,Part-Time,ZONE A,Part-Time,Production,Field Operations,01-08-1963,1963-08-01,MA,Male,White,Married,Needs improvement,4,10-07-2023,2,Low,2,3,16-Jul-23,2023-07-16,Technical Skills,External,Incomplete,0,2,704.42,56,50-59,0,0
2194,27-Jul-19,2019-07-27,6,5-9 yrs,Production Technician I,PL,Active,Full-Time,ZONE B,Temporary,Production,Field Operations,18-02-1992,1992-02-18,MA,Female,Other,Widowed,Needs improvement,2,02-10-2022,1,Low,4,1,08-Mar-23,2023-03-08,Customer Service,External,Incomplete,0,5,164.41,27,Under 30,0,0
2195,02-Jun-23,2023-06-02,3,2-4 yrs,Production Technician I,BPC,Active,Contract,ZONE C,Part-Time,Production,Underground,31-10-1954,1954-10-31,MA,Female,Black,Single,Needs improvement,2,30-11-2022,1,Low,5,1,08-May-23,2023-05-08,Project Management,External,Failed,0,3,559.87,69,60+,0,1
2196,14-Nov-22,2022-11-14,3,2-4 yrs,Production Technician I,CCDR,Terminated,Full-Time,ZONE A,Full-Time,Production,Underground,25-06-1983,1983-06-25,MA,Male,White,Single,Needs improvement,5,01-08-2023,5,High,2,3,10-Dec-22,2022-12-10,Technical Skills,External,Completed,1,2,572.11,39,30-39,0,0
2197,22-Aug-18,2018-08-22,7,5-9 yrs,Production Technician I,SVG,Terminated,Contract,ZONE C,Full-Time,Production,Wireline Construction,12-04-1983,1983-04-12,MA,Female,Asian,Divorced,Needs improvement,4,15-04-2023,2,Low,3,1,17-Mar-23,2023-03-17,Technical Skills,External,Passed,1,2,724.83,35,30-39,0,0
2198,15-Dec-22,2022-12-15,3,2-4 yrs,Production Technician I,EW,Active,Contract,ZONE B,Temporary,Production,Field Operations,01-07-1963,1963-07-01,MA,Female,White,Single,Exceeds,1,13-07-2023,2,Low,4,2,14-Aug-22,2022-08-14,Leadership Development,Internal,Failed,0,5,198.35,59,50-59,0,1
2199,31-May-20,2020-05-31,6,5-9 yrs,Production Technician I,MSC,Active,Full-Time,ZONE C,Full-Time,Production,General - Con,10-07-1977,1977-07-10,MA,Female,White,Divorced,Exceeds,4,03-06-2023,4,High,3,4,19-Jun-23,2023-06-19,Project Management,External,Passed,1,3,142.7,43,40-49,0,0
2200,19-Jul-22,2022-07-19,3,2-4 yrs,Production Technician I,TNS,Active,Contract,ZONE A,Full-Time,Production,Field Operations,15-03-1954,1954-03-15,MA,Female,Asian,Single,Exceeds,4,16-12-2022,3,Medium,1,5,29-Mar-23,2023-03-29,Project Management,External,Incomplete,0,2,910.99,68,60+,0,0
2201,01-Jul-20,2020-07-01,5,5-9 yrs,Production Technician I,PYZ,Active,Contract,ZONE C,Part-Time,Production,Project Management - Con,27-06-1990,1990-06-27,MA,Male,Other,Married,Exceeds,2,24-06-2023,5,High,1,5,15-Mar-23,2023-03-15,Leadership Development,Internal,Completed,1,4,863.83,30,30-39,0,0
2202,18-Nov-20,2020-11-18,5,5-9 yrs,Production Technician I,WBL,Active,Contract,ZONE A,Part-Time,Production,Project Management - Con,01-01-1969,1969-01-01,MA,Female,Asian,Married,Exceeds,4,24-06-2023,5,High,4,5,08-Sep-22,2022-09-08,Customer Service,Internal,Completed,1,4,606.57,51,50-59,0,0
2203,29-Feb-20,2020-02-29,6,5-9 yrs,Production Technician I,NEL,Terminated,Contract,ZONE A,Part-Time,Production,General - Con,05-04-1986,1986-04-05,MA,Female,Asian,Married,Exceeds,1,29-08-2022,1,Low,4,1,14-Dec-22,2022-12-14,Technical Skills,External,Incomplete,0,2,333.27,34,30-39,0,0
2204,24-Sep-21,2021-09-24,4,2-4 yrs,Production Technician I,PL,Active,Part-Time,ZONE B,Part-Time,Production,Shop (Fleet),23-10-1984,1984-10-23,MA,Female,Other,Divorced,Needs improvement,2,01-10-2022,5,High,2,3,27-Nov-22,2022-11-27,Customer Service,Internal,Passed,1,3,284.05,37,30-39,0,0
2207,27-Jan-21,2021-01-27,5,5-9 yrs,Production Technician I,SVG,Active,Full-Time,ZONE C,Full-Time,Production,Field Operations,06-06-1953,1953-06-06,MA,Female,Black,Divorced,Needs improvement,5,29-03-2023,3,Medium,3,1,26-Jun-23,2023-06-26,Project Management,External,Incomplete,0,1,448.93,68,60+,0,0
2209,14-Apr-20,2020-04-14,6,5-9 yrs,IT Support,PYZ,Active,Part-Time,ZONE C,Part-Time,It/is,Wireline Construction,30-08-2000,2000-08-30,MA,Male,Black,Widowed,Needs improvement,5,01-04-2023,2,Low,2,5,02-Nov-22,2022-11-02,Technical Skills,External,Completed,1,3,545.69,20,Under 30,0,0
2210,31-May-21,2021-05-31,5,5-9 yrs,IT Support,PL,Active,Part-Time,ZONE C,Temporary,It/is,Wireline Construction,12-02-1965,1965-02-12,MA,Female,Black,Single,Exceeds,4,09-01-2023,1,Low,5,3,17-Jul-23,2023-07-17,Technical Skills,Internal,Completed,1,5,220.14,56,50-59,0,0
2211,10-Apr-20,2020-04-10,6,5-9 yrs,IT Support,WBL,Active,Contract,ZONE C,Temporary,It/is,Field Operations,24-08-1971,1971-08-24,CT,Female,White,Married,Exceeds,5,01-02-2023,1,Low,5,3,21-Nov-22,2022-11-21,Leadership Development,External,Completed,1,3,906.62,49,40-49,0,0
2212,03-Jul-22,2022-07-03,3,2-4 yrs,IT Support,MSC,Active,Full-Time,ZONE C,Part-Time,It/is,Field Operations,11-05-1991,1991-05-11,MA,Female,White,Widowed,Exceeds,1,26-07-2023,4,High,1,5,19-Jul-23,2023-07-19,Technical Skills,Internal,Incomplete,0,1,160.81,31,30-39,0,0
2213,15-Mar-23,2023-03-15,3,2-4 yrs,IT Support,EW,Active,Part-Time,ZONE A,Full-Time,It/is,Shop (Fleet),03-09-1965,1965-09-03,MA,Female,Asian,Married,Exceeds,5,05-05-2023,1,Low,4,2,09-Apr-23,2023-04-09,Technical Skills,Internal,Passed,1,1,196.03,58,50-59,0,0
2215,05-Feb-22,2022-02-05,4,2-4 yrs,IT Support,BPC,Active,Contract,ZONE B,Temporary,It/is,Engineers,17-12-1962,1962-12-17,MA,Female,Asian,Divorced,Exceeds,1,24-04-2023,1,Low,5,5,30-Sep-22,2022-09-30,Customer Service,External,Failed,0,3,227.0,60,60+,0,0
2216,09-Nov-22,2022-11-09,3,2-4 yrs,IT Manager - Support,WBL,Active,Part-Time,ZONE B,Temporary,It/is,General - Con,10-02-1972,1972-02-10,MA,Female,Hispanic,Single,Exceeds,1,13-04-2023,4,High,5,2,25-Dec-22,2022-12-25,Customer Service,External,Incomplete,0,4,587.29,50,50-59,0,0
2217,23-Nov-20,2020-11-23,5,5-9 yrs,IT Manager - Infra,TNS,Active,Part-Time,ZONE A,Temporary,It/is,People Services,21-07-1995,1995-07-21,CT,Female,Hispanic,Divorced,Exceeds,4,05-10-2022,2,Low,1,2,23-Mar-23,2023-03-23,Communication Skills,External,Failed,0,1,315.39,25,Under 30,0,0
2218,21-Feb-19,2019-02-21,7,5-9 yrs,IT Manager - DB,SVG,Active,Part-Time,ZONE B,Part-Time,It/is,Field Operations,08-11-1967,1967-11-08,MA,Female,Asian,Widowed,Exceeds,4,10-10-2022,4,High,1,5,27-Dec-22,2022-12-27,Technical Skills,Internal,Incomplete,0,5,222.99,52,50-59,0,0
2219,25-Sep-22,2022-09-25,3,2-4 yrs,IT Support,SVG,Active,Part-Time,ZONE C,Part-Time,It/is,Wireline Construction,25-10-1966,1966-10-25,MA,Female,Hispanic,Widowed,Exceeds,5,29-03-2023,5,High,2,2,03-Jan-23,2023-01-03,Technical Skills,External,Failed,0,5,401.35,56,50-59,0,0
2220,17-Sep-22,2022-09-17,3,2-4 yrs,IT Support,EW,Active,Contract,ZONE B,Temporary,It/is,General - Eng,03-09-1961,1961-09-03,MA,Female,Asian,Married,Exceeds,4,02-03-2023,3,Medium,3,5,02-Jun-23,2023-06-02,Leadership Development,External,Completed,1,4,938.01,61,60+,0,0
2221,31-May-19,2019-05-31,7,5-9 yrs,IT Support,MSC,Active,Contract,ZONE C,Part-Time,It/is,Field Operations,14-11-1993,1993-11-14,MA,Female,Hispanic,Single,Exceeds,4,28-04-2023,1,Low,5,1,07-Aug-22,2022-08-07,Technical Skills,Internal,Incomplete,0,1,737.04,26,Under 30,0,0
2222,21-Jul-20,2020-07-21,5,5-9 yrs,IT Support,TNS,Active,Part-Time,ZONE A,Temporary,It/is,Wireline Construction,17-07-1998,1998-07-17,MA,Female,Hispanic,Widowed,Exceeds,4,14-09-2022,2,Low,3,5,04-Jun-23,2023-06-04,Project Management,External,Failed,0,3,303.01,22,Under 30,0,0
2224,13-Oct-20,2020-10-13,5,5-9 yrs,IT Manager - Infra,CCDR,Active,Full-Time,ZONE A,Temporary,It/is,Wireline Construction,14-01-1999,1999-01-14,CT,Female,Asian,Divorced,Exceeds,4,02-02-2023,2,Low,1,3,23-Sep-22,2022-09-23,Customer Service,Internal,Failed,0,2,914.52,21,Under 30,0,0
2225,01-May-23,2023-05-01,3,2-4 yrs,IT Manager - DB,EW,Active,Part-Time,ZONE A,Full-Time,It/is,Engineers,03-12-1971,1971-12-03,MA,Male,Black,Divorced,Exceeds,2,21-08-2022,1,Low,2,2,09-Dec-22,2022-12-09,Project Management,External,Passed,1,3,789.98,52,50-59,0,1
2226,22-Mar-19,2019-03-22,7,5-9 yrs,IT Support,SVG,Active,Contract,ZONE A,Full-Time,It/is,General - Eng,07-09-1960,1960-09-07,MA,Female,White,Married,Exceeds,1,28-01-2023,4,High,4,5,10-Sep-22,2022-09-10,Project Management,Internal,Completed,1,3,125.06,59,50-59,0,0
2227,27-Dec-21,2021-12-27,4,2-4 yrs,IT Support,EW,Active,Contract,ZONE B,Full-Time,It/is,Aerial,05-06-1995,1995-06-05,MA,Female,Black,Widowed,Needs improvement,5,18-09-2022,2,Low,3,4,28-Apr-23,2023-04-28,Project Management,Internal,Passed,1,2,894.09,26,Under 30,0,0
2229,28-Dec-22,2022-12-28,3,2-4 yrs,IT Support,TNS,Active,Part-Time,ZONE A,Temporary,It/is,Underground,01-10-1977,1977-10-01,MA,Female,Asian,Divorced,Pip,4,22-04-2023,3,Medium,1,1,28-Jan-23,2023-01-28,Communication Skills,Internal,Incomplete,0,5,897.51,45,40-49,0,0
2230,25-Nov-18,2018-11-25,7,5-9 yrs,IT Manager - Support,PYZ,Active,Part-Time,ZONE A,Full-Time,It/is,General - Con,20-08-1972,1972-08-20,CT,Female,Hispanic,Married,Fully meets,2,09-06-2023,1,Low,5,5,03-Aug-23,2023-08-03,Project Management,External,Passed,1,3,634.34,46,40-49,0,0
2231,26-Dec-20,2020-12-26,5,5-9 yrs,IT Manager - Infra,WBL,Active,Full-Time,ZONE A,Part-Time,It/is,General - Con,24-04-1990,1990-04-24,CT,Female,Other,Single,Fully meets,2,04-01-2023,1,Low,2,2,20-Apr-23,2023-04-20,Technical Skills,Internal,Failed,0,3,352.54,30,30-39,0,0
2233,27-Sep-19,2019-09-27,6,5-9 yrs,IT Support,MSC,Active,Contract,ZONE B,Full-Time,It/is,Splicing,22-04-1977,1977-04-22,MA,Female,Asian,Single,Fully meets,1,03-10-2022,5,High,1,1,13-Jun-23,2023-06-13,Customer Service,Internal,Passed,1,1,893.71,42,40-49,0,0
2234,20-Feb-21,2021-02-20,5,5-9 yrs,IT Support,EW,Active,Part-Time,ZONE C,Full-Time,It/is,Wireline Construction,26-02-1975,1975-02-26,MA,Female,Black,Married,Fully meets,2,23-08-2022,1,Low,1,4,04-Feb-23,2023-02-04,Communication Skills,External,Completed,1,3,693.52,46,40-49,0,0
2235,26-Feb-22,2022-02-26,4,2-4 yrs,IT Support,CCDR,Active,Full-Time,ZONE B,Full-Time,It/is,Shop (Fleet),31-08-1954,1954-08-31,MA,Female,Other,Single,Fully meets,1,10-09-2022,3,Medium,5,3,09-Mar-23,2023-03-09,Customer Service,Internal,Failed,0,1,162.62,68,60+,0,0
2237,10-Jan-22,2022-01-10,4,2-4 yrs,IT Manager - Support,WBL,Active,Full-Time,ZONE B,Temporary,It/is,Underground,22-04-1975,1975-04-22,CT,Female,Other,Single,Fully meets,2,08-06-2023,2,Low,5,2,10-May-23,2023-05-10,Leadership Development,External,Completed,1,3,240.77,47,40-49,0,0
2238,04-Mar-21,2021-03-04,5,5-9 yrs,IT Manager - Infra,TNS,Active,Part-Time,ZONE B,Temporary,It/is,Project Management - Con,17-01-1972,1972-01-17,CT,Male,Hispanic,Widowed,Fully meets,2,28-03-2023,4,High,4,3,14-Apr-23,2023-04-14,Communication Skills,External,Completed,1,5,905.56,49,40-49,0,0
2239,10-Mar-23,2023-03-10,3,2-4 yrs,IT Manager - DB,SVG,Active,Full-Time,ZONE C,Part-Time,It/is,Catv,11-12-1962,1962-12-11,MA,Male,Asian,Divorced,Fully meets,5,31-12-2022,1,Low,3,4,11-Apr-23,2023-04-11,Technical Skills,Internal,Passed,1,4,273.84,61,60+,0,0
2240,05-Dec-18,2018-12-05,7,5-9 yrs,IT Support,SVG,Active,Part-Time,ZONE B,Part-Time,It/is,Finance & Accounting,28-11-1997,1997-11-28,MA,Female,Hispanic,Married,Fully meets,2,22-08-2022,2,Low,4,5,17-Mar-23,2023-03-17,Communication Skills,Internal,Incomplete,0,4,980.41,21,Under 30,0,0
2241,24-Jun-21,2021-06-24,4,2-4 yrs,IT Support,EW,Active,Part-Time,ZONE C,Part-Time,It/is,Technology / It,01-06-1981,1981-06-01,MA,Female,Hispanic,Married,Fully meets,2,30-01-2023,4,High,4,4,26-Jan-23,2023-01-26,Communication Skills,External,Failed,0,5,834.95,40,40-49,0,0
2242,10-May-22,2022-05-10,4,2-4 yrs,IT Support,MSC,Active,Full-Time,ZONE C,Temporary,It/is,Field Operations,29-03-1994,1994-03-29,MA,Female,Hispanic,Married,Fully meets,4,26-02-2023,3,Medium,2,4,17-Dec-22,2022-12-17,Project Management,External,Failed,0,1,627.11,28,Under 30,0,0
2243,13-Apr-23,2023-04-13,3,2-4 yrs,IT Support,TNS,Active,Full-Time,ZONE A,Part-Time,It/is,Finance & Accounting,20-07-1954,1954-07-20,CT,Female,Other,Married,Fully meets,4,26-06-2023,1,Low,3,5,30-Dec-22,2022-12-30,Leadership Development,External,Passed,1,4,242.22,69,60+,0,1
2246,14-Oct-20,2020-10-14,5,5-9 yrs,IT Manager - DB,NEL,Active,Contract,ZONE B,Part-Time,It/is,Field Operations,22-11-1973,1973-11-22,MA,Male,White,Divorced,Fully meets,4,20-03-2023,3,Medium,4,5,10-Feb-23,2023-02-10,Project Management,Internal,Completed,1,2,364.36,47,40-49,0,0
2247,10-Sep-18,2018-09-10,7,5-9 yrs,IT Support,SVG,Active,Part-Time,ZONE B,Temporary,It/is,Fielders,10-04-1983,1983-04-10,MA,Female,Hispanic,Widowed,Fully meets,2,16-02-2023,3,Medium,4,4,19-Apr-23,2023-04-19,Communication Skills,External,Incomplete,0,3,803.16,35,30-39,0,0
2248,16-Dec-22,2022-12-16,3,2-4 yrs,IT Support,EW,Active,Part-Time,ZONE B,Temporary,It/is,Field Operations,17-12-1999,1999-12-17,MA,Female,Hispanic,Widowed,Fully meets,2,24-05-2023,1,Low,5,5,29-Mar-23,2023-03-29,Leadership Development,External,Incomplete,0,2,571.12,23,Under 30,0,0
2249,28-Sep-18,2018-09-28,7,5-9 yrs,IT Support,MSC,Active,Contract,ZONE C,Part-Time,It/is,Field Operations,07-11-1994,1994-11-07,MA,Female,Black,Divorced,Fully meets,4,29-05-2023,3,Medium,5,5,06-Jul-23,2023-07-06,Customer Service,External,Failed,0,2,705.36,24,Under 30,0,0
2250,08-Mar-22,2022-03-08,4,2-4 yrs,IT Support,TNS,Active,Contract,ZONE C,Temporary,It/is,Aerial,02-09-1962,1962-09-02,CT,Female,Asian,Married,Fully meets,5,29-05-2023,4,High,2,1,08-Apr-23,2023-04-08,Communication Skills,Internal,Failed,0,5,565.78,60,60+,0,0
2251,12-Jan-22,2022-01-12,4,2-4 yrs,IT Manager - Support,PYZ,Active,Part-Time,ZONE B,Temporary,It/is,Project Management - Con,03-10-1978,1978-10-03,MA,Female,Hispanic,Divorced,Fully meets,2,18-09-2022,4,High,4,4,19-Nov-22,2022-11-19,Technical Skills,External,Incomplete,0,5,593.14,44,40-49,0,0
2252,08-Dec-20,2020-12-08,5,5-9 yrs,IT Manager - Infra,WBL,Active,Contract,ZONE B,Part-Time,It/is,Field Operations,12-11-1973,1973-11-12,MA,Male,White,Widowed,Fully meets,4,28-09-2022,1,Low,3,3,10-Dec-22,2022-12-10,Communication Skills,Internal,Completed,1,1,648.23,47,40-49,0,0
2253,17-Nov-20,2020-11-17,5,5-9 yrs,IT Support,PYZ,Active,Full-Time,ZONE A,Full-Time,It/is,Field Operations,05-02-1982,1982-02-05,MA,Female,Other,Single,Fully meets,1,26-06-2023,5,High,1,2,07-Jan-23,2023-01-07,Communication Skills,External,Incomplete,0,1,426.97,38,30-39,0,0
2254,18-Jan-21,2021-01-18,5,5-9 yrs,IT Support,SVG,Active,Full-Time,ZONE A,Part-Time,It/is,General - Sga,27-10-1957,1957-10-27,MA,Female,Hispanic,Single,Fully meets,2,14-12-2022,3,Medium,2,5,20-Nov-22,2022-11-20,Project Management,Internal,Failed,0,4,267.76,64,60+,0,0
2255,15-Sep-20,2020-09-15,5,5-9 yrs,IT Support,TNS,Active,Full-Time,ZONE C,Part-Time,It/is,Wireline Construction,16-07-1990,1990-07-16,MA,Female,Hispanic,Single,Fully meets,2,12-05-2023,1,Low,4,4,05-Feb-23,2023-02-05,Customer Service,Internal,Completed,1,1,357.69,30,30-39,0,0
2256,11-Dec-19,2019-12-11,6,5-9 yrs,IT Support,WBL,Active,Part-Time,ZONE C,Full-Time,It/is,Field Operations,29-12-1981,1981-12-29,CT,Female,Asian,Widowed,Fully meets,5,14-07-2023,5,High,5,4,13-Jan-23,2023-01-13,Leadership Development,Internal,Completed,1,1,312.42,38,30-39,0,0
2257,29-Apr-21,2021-04-29,5,5-9 yrs,IT Manager - Support,WBL,Active,Contract,ZONE B,Full-Time,It/is,General - Eng,22-10-1988,1988-10-22,MA,Male,White,Married,Fully meets,2,25-07-2023,4,High,3,5,25-Mar-23,2023-03-25,Customer Service,External,Incomplete,0,2,456.3,33,30-39,0,0
2258,03-Apr-21,2021-04-03,5,5-9 yrs,IT Manager - Infra,TNS,Active,Full-Time,ZONE C,Part-Time,It/is,Engineers,20-02-1999,1999-02-20,MA,Male,White,Widowed,Fully meets,2,03-04-2023,2,Low,5,4,03-Jul-23,2023-07-03,Technical Skills,Internal,Failed,0,2,675.95,22,Under 30,0,0
2259,01-Feb-22,2022-02-01,4,2-4 yrs,IT Support,SVG,Active,Part-Time,ZONE A,Temporary,It/is,General - Eng,24-03-1961,1961-03-24,MA,Female,Hispanic,Divorced,Fully meets,1,09-01-2023,1,Low,2,5,03-May-23,2023-05-03,Communication Skills,External,Failed,0,3,754.61,61,60+,0,0
2260,17-Jan-20,2020-01-17,6,5-9 yrs,IT Support,EW,Active,Part-Time,ZONE B,Temporary,It/is,Engineers,21-10-1992,1992-10-21,MA,Female,Hispanic,Widowed,Fully meets,1,05-08-2023,3,Medium,1,4,23-Aug-22,2022-08-23,Customer Service,Internal,Incomplete,0,2,377.64,28,Under 30,0,0
2261,01-Jun-22,2022-06-01,4,2-4 yrs,IT Support,MSC,Active,Full-Time,ZONE B,Part-Time,It/is,Wireline Construction,01-06-1958,1958-06-01,CT,Female,Black,Divorced,Fully meets,2,17-11-2022,2,Low,1,5,04-Jun-23,2023-06-04,Project Management,External,Failed,0,3,647.41,64,60+,0,0
2262,17-Mar-19,2019-03-17,7,5-9 yrs,IT Support,TNS,Active,Contract,ZONE A,Temporary,It/is,Engineers,03-10-1950,1950-10-03,CT,Female,Other,Divorced,Fully meets,2,27-04-2023,4,High,4,3,29-May-23,2023-05-29,Communication Skills,External,Incomplete,0,3,122.43,69,60+,0,0
2263,07-Jan-20,2020-01-07,6,5-9 yrs,IT Manager - Support,PYZ,Active,Contract,ZONE B,Temporary,It/is,General - Sga,09-10-1965,1965-10-09,MA,Male,Hispanic,Single,Fully meets,2,28-11-2022,3,Medium,1,4,05-Oct-22,2022-10-05,Project Management,Internal,Incomplete,0,5,662.94,55,50-59,0,0
2264,24-Feb-21,2021-02-24,5,5-9 yrs,IT Manager - Infra,WBL,Active,Part-Time,ZONE A,Part-Time,It/is,Executive,05-03-1979,1979-03-05,MA,Male,White,Single,Fully meets,5,08-11-2022,1,Low,2,3,06-May-23,2023-05-06,Communication Skills,External,Failed,0,3,465.3,42,40-49,0,0
2266,12-May-20,2020-05-12,6,5-9 yrs,IT Support,EW,Active,Full-Time,ZONE B,Temporary,It/is,Field Operations,10-02-1975,1975-02-10,MA,Female,Other,Single,Fully meets,5,27-04-2023,5,High,3,2,23-Oct-22,2022-10-23,Leadership Development,External,Completed,1,5,898.01,45,40-49,0,0
2267,04-Apr-23,2023-04-04,3,2-4 yrs,IT Support,MSC,Active,Full-Time,ZONE A,Part-Time,It/is,General - Con,18-06-1971,1971-06-18,CT,Female,Hispanic,Divorced,Fully meets,4,09-03-2023,1,Low,3,3,11-Nov-22,2022-11-11,Technical Skills,Internal,Passed,1,1,518.79,52,50-59,0,1
2268,04-Jan-21,2021-01-04,5,5-9 yrs,IT Support,TNS,Active,Contract,ZONE C,Full-Time,It/is,General - Con,06-08-1963,1963-08-06,CT,Male,White,Single,Fully meets,2,03-07-2023,2,Low,3,2,26-Nov-22,2022-11-26,Communication Skills,Internal,Failed,0,2,677.84,58,50-59,0,0
2269,28-Apr-20,2020-04-28,6,5-9 yrs,IT Manager - Support,PYZ,Active,Full-Time,ZONE C,Full-Time,It/is,Executive,15-01-1974,1974-01-15,MA,Male,Hispanic,Divorced,Fully meets,1,14-02-2023,5,High,5,1,09-Dec-22,2022-12-09,Technical Skills,Internal,Incomplete,0,1,109.33,46,40-49,0,0
2270,16-Apr-19,2019-04-16,7,5-9 yrs,IT Support,PYZ,Active,Contract,ZONE C,Part-Time,It/is,Project Management - Con,19-09-1952,1952-09-19,MA,Female,Asian,Single,Fully meets,4,18-03-2023,4,High,4,3,11-May-23,2023-05-11,Technical Skills,Internal,Passed,1,2,781.35,67,60+,0,0
2271,09-Jul-22,2022-07-09,3,2-4 yrs,IT Support,SVG,Active,Full-Time,ZONE A,Temporary,It/is,Field Operations,20-07-1996,1996-07-20,MA,Female,Hispanic,Single,Fully meets,2,21-03-2023,5,High,4,4,02-Feb-23,2023-02-02,Customer Service,Internal,Failed,0,4,632.57,26,Under 30,0,0
2272,29-Aug-22,2022-08-29,3,2-4 yrs,IT Support,TNS,Active,Part-Time,ZONE C,Full-Time,It/is,Field Operations,04-04-1987,1987-04-04,CT,Female,Black,Divorced,Fully meets,2,05-08-2022,5,High,5,3,15-Apr-23,2023-04-15,Communication Skills,Internal,Passed,1,5,233.42,35,30-39,0,0
2273,26-Jan-20,2020-01-26,6,5-9 yrs,IT Support,WBL,Active,Full-Time,ZONE A,Part-Time,It/is,Project Management - Eng,16-05-1956,1956-05-16,CT,Male,Other,Divorced,Fully meets,4,26-10-2022,5,High,2,3,01-Apr-23,2023-04-01,Leadership Development,External,Passed,1,4,301.15,64,60+,0,0
2274,18-Feb-20,2020-02-18,6,5-9 yrs,IT Manager - Support,BPC,Active,Full-Time,ZONE A,Temporary,It/is,Aerial,23-01-2000,2000-01-23,MA,Male,Other,Widowed,Fully meets,4,13-08-2022,2,Low,5,1,03-Jun-23,2023-06-03,Customer Service,External,Failed,0,2,255.54,20,Under 30,0,0
2276,10-Jul-23,2023-07-10,2,2-4 yrs,Production Manager,TNS,Active,Full-Time,ZONE B,Temporary,Production,Project Management - Con,21-11-1982,1982-11-21,MA,Female,White,Divorced,Fully meets,1,16-09-2022,5,High,2,2,17-May-23,2023-05-17,Customer Service,External,Completed,1,3,851.87,41,40-49,0,1
2277,14-Apr-22,2022-04-14,4,2-4 yrs,Production Manager,CCDR,Active,Contract,ZONE B,Temporary,Production,Field Operations,29-09-1963,1963-09-29,MA,Female,Hispanic,Widowed,Fully meets,5,25-11-2022,3,Medium,4,4,22-Dec-22,2022-12-22,Communication Skills,Internal,Completed,1,3,592.23,59,50-59,0,0
2278,10-Jul-22,2022-07-10,3,2-4 yrs,Production Manager,CCDR,Active,Part-Time,ZONE B,Temporary,Production,Wireless,27-05-1963,1963-05-27,MA,Female,White,Widowed,Fully meets,4,21-08-2022,5,High,4,2,05-Mar-23,2023-03-05,Leadership Development,External,Completed,1,4,544.43,59,50-59,0,0
2279,27-Jun-22,2022-06-27,3,2-4 yrs,Production Manager,EW,Active,Contract,ZONE C,Full-Time,Production,Safety,12-02-1977,1977-02-12,MA,Male,Other,Divorced,Fully meets,1,28-05-2023,2,Low,5,1,23-Mar-23,2023-03-23,Technical Skills,External,Passed,1,4,230.57,45,40-49,0,0
2280,04-Dec-18,2018-12-04,7,5-9 yrs,Production Manager,PYZ,Terminated,Contract,ZONE A,Temporary,Production,Catv,06-03-1985,1985-03-06,MA,Female,White,Married,Fully meets,4,23-02-2023,4,High,2,5,05-Apr-23,2023-04-05,Customer Service,External,Passed,1,3,493.98,33,30-39,0,0
2281,10-Sep-19,2019-09-10,6,5-9 yrs,Production Manager,PL,Active,Full-Time,ZONE C,Full-Time,Production,Field Operations,12-09-1998,1998-09-12,MA,Male,Hispanic,Single,Fully meets,4,24-09-2022,1,Low,4,2,29-Nov-22,2022-11-29,Technical Skills,Internal,Failed,0,4,761.7,21,Under 30,0,0
2282,25-Apr-19,2019-04-25,7,5-9 yrs,Production Manager,PL,Active,Part-Time,ZONE A,Full-Time,Production,Fielders,28-07-1967,1967-07-28,MA,Male,Asian,Single,Fully meets,4,02-11-2022,1,Low,5,3,20-Oct-22,2022-10-20,Leadership Development,External,Incomplete,0,5,454.55,52,50-59,0,0
2283,03-Oct-18,2018-10-03,7,5-9 yrs,Shared Services Manager,WBL,Terminated,Part-Time,ZONE B,Temporary,Admin offices,Field Operations,17-12-1961,1961-12-17,MA,Male,White,Single,Fully meets,4,20-10-2022,4,High,2,1,23-Apr-23,2023-04-23,Leadership Development,External,Failed,0,1,183.88,57,50-59,0,0
2284,14-Jun-22,2022-06-14,3,2-4 yrs,CIO,EW,Active,Part-Time,ZONE C,Part-Time,It/is,Wireline Construction,23-09-1960,1960-09-23,MA,Female,Other,Widowed,Fully meets,2,11-10-2022,1,Low,4,4,09-Jul-23,2023-07-09,Technical Skills,External,Passed,1,3,839.16,62,60+,0,0
2285,15-Feb-22,2022-02-15,4,2-4 yrs,Production Manager,BPC,Active,Full-Time,ZONE C,Temporary,Production,Project Management - Con,28-05-1971,1971-05-28,MA,Male,Other,Single,Fully meets,5,22-05-2023,4,High,3,3,02-Dec-22,2022-12-02,Customer Service,Internal,Completed,1,4,679.57,51,50-59,0,0
2286,24-Sep-18,2018-09-24,7,5-9 yrs,Production Manager,NEL,Active,Contract,ZONE B,Temporary,Production,General - Eng,10-10-1981,1981-10-10,MA,Male,Black,Divorced,Fully meets,2,20-01-2023,4,High,4,4,27-Sep-22,2022-09-27,Project Management,External,Failed,0,5,107.64,37,30-39,0,0
2287,09-Mar-22,2022-03-09,4,2-4 yrs,Production Manager,PYZ,Active,Contract,ZONE B,Part-Time,Production,General - Con,20-03-1961,1961-03-20,MA,Female,White,Single,Fully meets,2,11-11-2022,4,High,4,2,29-Mar-23,2023-03-29,Communication Skills,Internal,Passed,1,4,560.64,61,60+,0,0
2288,07-Nov-18,2018-11-07,7,5-9 yrs,Production Manager,NEL,Active,Full-Time,ZONE A,Temporary,Production,Fielders,09-09-1984,1984-09-09,MA,Female,Black,Divorced,Fully meets,5,09-07-2023,5,High,1,4,25-Sep-22,2022-09-25,Communication Skills,Internal,Failed,0,2,187.85,34,30-39,0,0
2289,31-Aug-19,2019-08-31,6,5-9 yrs,Shared Services Manager,BPC,Active,Full-Time,ZONE A,Part-Time,Admin offices,Field Operations,05-03-1962,1962-03-05,MA,Male,White,Single,Fully meets,4,12-03-2023,2,Low,5,3,14-Jun-23,2023-06-14,Technical Skills,External,Completed,1,3,353.58,57,50-59,0,0
2291,07-Jul-20,2020-07-07,5,5-9 yrs,Director of Operations,NEL,Active,Contract,ZONE B,Part-Time,Production,General - Con,17-02-1985,1985-02-17,MA,Female,Black,Married,Fully meets,4,20-08-2022,3,Medium,4,1,01-Jul-23,2023-07-01,Project Management,Internal,Incomplete,0,5,973.53,35,30-39,0,0
2292,11-Jan-20,2020-01-11,6,5-9 yrs,Production Manager,TNS,Active,Contract,ZONE C,Temporary,Production,Aerial,07-04-1963,1963-04-07,MA,Male,White,Widowed,Fully meets,2,15-11-2022,5,High,1,1,11-Mar-23,2023-03-11,Communication Skills,External,Completed,1,3,894.38,57,50-59,0,0
2293,15-Jun-20,2020-06-15,5,5-9 yrs,Production Manager,CCDR,Active,Contract,ZONE B,Full-Time,Production,Field Operations,01-04-1998,1998-04-01,MA,Male,Other,Single,Fully meets,2,19-06-2023,5,High,3,1,17-Apr-23,2023-04-17,Project Management,Internal,Failed,0,1,510.67,22,Under 30,0,0
2294,10-Oct-20,2020-10-10,5,5-9 yrs,Production Manager,PYZ,Active,Contract,ZONE A,Part-Time,Production,Field Operations,03-12-1975,1975-12-03,MA,Male,Black,Single,Fully meets,4,30-08-2022,4,High,4,4,09-Apr-23,2023-04-09,Communication Skills,External,Failed,0,1,261.17,45,40-49,0,0
2295,19-May-22,2022-05-19,4,2-4 yrs,Production Manager,SVG,Active,Full-Time,ZONE B,Temporary,Production,Field Operations,25-01-1999,1999-01-25,MA,Female,Asian,Divorced,Fully meets,5,26-11-2022,3,Medium,5,4,12-Nov-22,2022-11-12,Communication Skills,Internal,Passed,1,5,448.38,23,Under 30,0,0
2296,25-Aug-21,2021-08-25,4,2-4 yrs,Production Manager,TNS,Active,Full-Time,ZONE B,Temporary,Production,Field Operations,18-04-1973,1973-04-18,MA,Female,Hispanic,Divorced,Fully meets,1,15-06-2023,4,High,4,5,09-Nov-22,2022-11-09,Technical Skills,Internal,Passed,1,4,808.77,48,40-49,0,0
2297,18-Dec-18,2018-12-18,7,5-9 yrs,Production Manager,WBL,Terminated,Part-Time,ZONE C,Full-Time,Production,Aerial,23-09-1958,1958-09-23,MA,Female,Black,Single,Fully meets,2,14-09-2022,5,High,4,1,28-Dec-22,2022-12-28,Leadership Development,Internal,Completed,1,5,691.71,60,60+,0,0
2298,05-Aug-23,2023-08-05,2,2-4 yrs,Production Manager,WBL,Active,Full-Time,ZONE B,Full-Time,Production,Field Operations,27-04-1958,1958-04-27,MA,Female,Other,Married,Fully meets,4,04-11-2022,3,Medium,2,1,02-Mar-23,2023-03-02,Communication Skills,External,Failed,0,1,145.08,65,60+,0,1
2302,02-Jan-19,2019-01-02,7,5-9 yrs,Production Manager,PL,Terminated,Contract,ZONE C,Temporary,Production,Wireline Construction,28-11-1988,1988-11-28,MA,Female,Hispanic,Married,Fully meets,4,12-04-2023,2,Low,5,3,11-Mar-23,2023-03-11,Project Management,Internal,Passed,1,2,173.45,31,30-39,0,0
2303,26-Oct-19,2019-10-26,6,5-9 yrs,Production Manager,NEL,Terminated,Contract,ZONE C,Temporary,Production,Field Operations,27-12-1957,1957-12-27,MA,Female,Black,Divorced,Fully meets,5,01-02-2023,5,High,5,1,13-Jan-23,2023-01-13,Customer Service,External,Passed,1,2,813.39,62,60+,0,0
2304,11-Apr-21,2021-04-11,5,5-9 yrs,President & CEO,MSC,Active,Full-Time,ZONE B,Part-Time,Production,General - Con,21-04-1957,1957-04-21,MA,Female,White,Divorced,Fully meets,2,29-06-2023,5,High,1,2,19-Oct-22,2022-10-19,Customer Service,Internal,Passed,1,5,759.9,64,60+,0,0
2305,11-Dec-19,2019-12-11,6,5-9 yrs,Network Engineer,EW,Active,Part-Time,ZONE A,Full-Time,Production,Field Operations,03-10-1970,1970-10-03,MA,Female,White,Divorced,Fully meets,2,26-05-2023,4,High,5,5,24-Apr-23,2023-04-24,Communication Skills,External,Incomplete,0,2,933.39,49,40-49,0,0
2306,21-Oct-20,2020-10-21,5,5-9 yrs,Network Engineer,CCDR,Active,Part-Time,ZONE B,Full-Time,Production,Project Management - Con,06-11-1999,1999-11-06,MA,Male,Hispanic,Married,Fully meets,1,25-04-2023,3,Medium,4,3,28-Feb-23,2023-02-28,Communication Skills,External,Failed,0,2,217.33,21,Under 30,0,0
2307,08-May-20,2020-05-08,6,5-9 yrs,Network Engineer,BPC,Active,Part-Time,ZONE C,Part-Time,Executive office,Project Management - Con,05-05-1988,1988-05-05,MA,Male,Asian,Single,Fully meets,2,22-07-2023,5,High,2,3,21-May-23,2023-05-21,Customer Service,Internal,Passed,1,2,856.15,32,30-39,0,0
2308,24-May-22,2022-05-24,4,2-4 yrs,Data Analyst,EW,Active,Full-Time,ZONE A,Full-Time,Production,Field Operations,09-05-1999,1999-05-09,MA,Male,Other,Divorced,Fully meets,5,11-03-2023,1,Low,2,3,08-Sep-22,2022-09-08,Communication Skills,Internal,Completed,1,4,751.86,23,Under 30,0,0
2309,05-Jun-19,2019-06-05,6,5-9 yrs,Data Analyst,CCDR,Active,Part-Time,ZONE A,Part-Time,Production,General - Con,07-04-1991,1991-04-07,MA,Male,Hispanic,Widowed,Fully meets,2,03-01-2023,2,Low,5,5,20-Jul-23,2023-07-20,Communication Skills,Internal,Incomplete,0,1,309.24,28,Under 30,0,0
2310,21-Apr-22,2022-04-21,4,2-4 yrs,Data Analyst,BPC,Active,Part-Time,ZONE B,Part-Time,Production,Fielders,21-11-1983,1983-11-21,MA,Male,Hispanic,Single,Fully meets,5,04-10-2022,4,High,1,3,27-Dec-22,2022-12-27,Leadership Development,Internal,Incomplete,0,4,581.95,39,30-39,0,0
2311,10-Dec-19,2019-12-10,6,5-9 yrs,Data Analyst,PYZ,Active,Part-Time,ZONE A,Full-Time,Production,Field Operations,25-03-1971,1971-03-25,MA,Female,Black,Divorced,Fully meets,2,15-03-2023,5,High,3,2,04-Apr-23,2023-04-04,Leadership Development,External,Passed,1,5,616.43,48,40-49,0,0
2312,26-Nov-19,2019-11-26,6,5-9 yrs,Data Analyst,WBL,Active,Full-Time,ZONE C,Part-Time,It/is,Field Operations,11-12-1951,1951-12-11,MA,Male,Asian,Widowed,Fully meets,4,02-04-2023,1,Low,4,3,06-Jan-23,2023-01-06,Leadership Development,Internal,Completed,1,3,623.75,68,60+,0,0
2313,13-Sep-21,2021-09-13,4,2-4 yrs,Data Analyst,NEL,Active,Part-Time,ZONE C,Full-Time,It/is,Shop (Fleet),30-10-2000,2000-10-30,MA,Male,Asian,Divorced,Fully meets,2,04-04-2023,5,High,2,3,04-Feb-23,2023-02-04,Project Management,External,Passed,1,1,802.99,21,Under 30,0,0
2314,19-Aug-19,2019-08-19,6,5-9 yrs,Data Analyst,PL,Active,Part-Time,ZONE C,Part-Time,It/is,Field Operations,18-10-1961,1961-10-18,MA,Female,Asian,Married,Fully meets,1,23-06-2023,4,High,1,3,18-Nov-22,2022-11-18,Communication Skills,External,Failed,0,1,725.98,58,50-59,0,0
2315,12-Jun-22,2022-06-12,3,2-4 yrs,Production Manager,CCDR,Active,Full-Time,ZONE A,Full-Time,Production,Project Management - Con,19-02-1986,1986-02-19,MA,Female,Other,Married,Fully meets,4,10-08-2022,4,High,3,2,05-Dec-22,2022-12-05,Customer Service,External,Incomplete,0,1,252.59,36,30-39,0,0
2316,21-Jul-21,2021-07-21,4,2-4 yrs,Production Manager,SVG,Active,Full-Time,ZONE B,Full-Time,Production,Field Operations,29-09-1973,1973-09-29,MA,Male,Asian,Divorced,Fully meets,2,06-09-2022,4,High,2,5,23-May-23,2023-05-23,Communication Skills,Internal,Failed,0,1,731.84,48,40-49,0,0
2318,20-Feb-22,2022-02-20,4,2-4 yrs,Production Manager,MSC,Active,Part-Time,ZONE A,Temporary,Production,Field Operations,25-03-1957,1957-03-25,MA,Female,White,Widowed,Fully meets,2,20-12-2022,2,Low,1,5,22-Jun-23,2023-06-22,Communication Skills,External,Incomplete,0,2,303.8,65,60+,0,0
2319,28-Mar-19,2019-03-28,7,5-9 yrs,Production Manager,TNS,Terminated,Contract,ZONE A,Part-Time,Production,General - Sga,18-02-1983,1983-02-18,MA,Female,White,Widowed,Fully meets,5,29-03-2023,5,High,4,3,21-Dec-22,2022-12-21,Customer Service,Internal,Passed,1,3,832.15,36,30-39,0,0
2320,26-Oct-22,2022-10-26,3,2-4 yrs,Production Manager,PYZ,Terminated,Part-Time,ZONE A,Full-Time,Production,Fielders,09-09-1964,1964-09-09,MA,Female,White,Single,Fully meets,4,12-02-2023,5,High,1,3,25-Jul-23,2023-07-25,Communication Skills,External,Incomplete,0,5,509.71,58,50-59,0,0
2322,01-Sep-22,2022-09-01,3,2-4 yrs,Production Manager,NEL,Active,Contract,ZONE C,Part-Time,Production,Field Operations,27-04-1963,1963-04-27,MA,Female,Asian,Divorced,Fully meets,5,20-08-2022,4,High,3,4,04-Mar-23,2023-03-04,Communication Skills,Internal,Completed,1,3,178.4,59,50-59,0,0
2323,21-Apr-21,2021-04-21,5,5-9 yrs,Production Manager,PL,Active,Part-Time,ZONE C,Temporary,Production,Project Management - Con,05-07-1959,1959-07-05,MA,Female,Asian,Divorced,Fully meets,5,21-11-2022,2,Low,1,3,30-Dec-22,2022-12-30,Project Management,External,Incomplete,0,3,964.4,62,60+,0,0
2324,23-Jul-21,2021-07-23,4,2-4 yrs,Production Manager,BPC,Terminated,Part-Time,ZONE A,Temporary,Production,General - Con,17-07-1996,1996-07-17,MA,Female,Black,Widowed,Fully meets,4,24-06-2023,1,Low,2,4,29-Apr-23,2023-04-29,Communication Skills,External,Incomplete,0,1,299.75,25,Under 30,0,0
2325,29-Dec-20,2020-12-29,5,5-9 yrs,Production Manager,CCDR,Active,Part-Time,ZONE A,Temporary,Production,Field Operations,20-10-1999,1999-10-20,MA,Female,Asian,Divorced,Fully meets,1,27-12-2022,4,High,4,1,04-Jan-23,2023-01-04,Project Management,Internal,Completed,1,2,745.68,21,Under 30,0,0
2327,30-Jul-20,2020-07-30,5,5-9 yrs,Network Engineer,EW,Active,Full-Time,ZONE A,Part-Time,Production,Field Operations,27-11-1971,1971-11-27,MA,Male,Black,Married,Fully meets,4,29-03-2023,4,High,1,2,20-Oct-22,2022-10-20,Customer Service,External,Incomplete,0,1,802.98,49,40-49,0,0
2328,18-Mar-19,2019-03-18,7,5-9 yrs,Network Engineer,MSC,Active,Full-Time,ZONE B,Part-Time,Production,General - Con,26-05-1980,1980-05-26,MA,Male,Asian,Divorced,Fully meets,4,02-09-2022,1,Low,4,3,01-Mar-23,2023-03-01,Communication Skills,Internal,Passed,1,3,960.9,39,30-39,0,0
2329,25-Jul-19,2019-07-25,6,5-9 yrs,Network Engineer,TNS,Active,Full-Time,ZONE A,Full-Time,Executive office,Aerial,26-10-1962,1962-10-26,MA,Male,Asian,Single,Fully meets,2,02-09-2022,2,Low,3,1,21-Jan-23,2023-01-21,Leadership Development,External,Incomplete,0,2,209.86,57,50-59,0,0
2330,16-Oct-21,2021-10-16,4,2-4 yrs,Data Analyst,SVG,Active,Full-Time,ZONE C,Part-Time,Production,Executive,13-12-1957,1957-12-13,MA,Male,Other,Married,Fully meets,2,11-09-2022,3,Medium,4,5,21-Mar-23,2023-03-21,Customer Service,Internal,Passed,1,2,942.81,64,60+,0,0
2331,06-Dec-19,2019-12-06,6,5-9 yrs,Data Analyst,TNS,Active,Contract,ZONE C,Part-Time,Production,Wireline Construction,14-02-1952,1952-02-14,MA,Male,Black,Divorced,Fully meets,1,11-12-2022,2,Low,5,3,16-Jan-23,2023-01-16,Technical Skills,Internal,Failed,0,3,108.2,67,60+,0,0
2332,29-Jun-19,2019-06-29,6,5-9 yrs,Data Analyst,WBL,Active,Contract,ZONE C,Full-Time,Production,Fielders,21-08-1971,1971-08-21,MA,Male,White,Widowed,Fully meets,4,02-11-2022,1,Low,1,1,29-Nov-22,2022-11-29,Communication Skills,Internal,Completed,1,3,144.68,48,40-49,0,0
2333,03-Apr-19,2019-04-03,7,5-9 yrs,Data Analyst,BPC,Active,Full-Time,ZONE C,Temporary,It/is,Yard (Material Handling),19-07-1951,1951-07-19,MA,Female,Asian,Divorced,Fully meets,1,19-04-2023,5,High,4,2,01-Apr-23,2023-04-01,Technical Skills,Internal,Failed,0,4,769.76,68,60+,0,0
2334,21-Jul-21,2021-07-21,4,2-4 yrs,Data Analyst,CCDR,Active,Contract,ZONE A,Temporary,It/is,Engineers,19-02-1983,1983-02-19,MA,Male,Asian,Single,Fully meets,4,01-12-2022,3,Medium,3,5,21-Mar-23,2023-03-21,Project Management,Internal,Failed,0,5,860.16,38,30-39,0,0
2336,06-Oct-19,2019-10-06,6,5-9 yrs,Production Manager,CCDR,Active,Contract,ZONE A,Full-Time,Production,General - Con,06-05-1984,1984-05-06,MA,Female,Other,Single,Fully meets,4,10-08-2022,5,High,1,5,06-Feb-23,2023-02-06,Communication Skills,External,Completed,1,3,301.03,35,30-39,0,0
2337,16-Apr-21,2021-04-16,5,5-9 yrs,Production Manager,SVG,Active,Full-Time,ZONE C,Part-Time,Production,Engineers,25-01-1989,1989-01-25,MA,Male,Other,Single,Fully meets,4,09-07-2023,1,Low,4,3,15-Jul-23,2023-07-15,Project Management,Internal,Incomplete,0,2,366.82,32,30-39,0,0
2338,10-Oct-18,2018-10-10,7,5-9 yrs,Production Manager,EW,Active,Part-Time,ZONE C,Temporary,Production,Project Management - Con,06-08-1971,1971-08-06,MA,Female,Other,Married,Fully meets,4,09-09-2022,2,Low,3,5,18-Jun-23,2023-06-18,Customer Service,External,Completed,1,2,819.8,47,40-49,0,0
2339,25-Jul-22,2022-07-25,3,2-4 yrs,Production Manager,MSC,Terminated,Full-Time,ZONE B,Part-Time,Production,General - Sga,06-08-1972,1972-08-06,MA,Female,Black,Married,Fully meets,1,22-03-2023,3,Medium,1,5,02-Dec-22,2022-12-02,Leadership Development,Internal,Failed,0,5,369.94,50,50-59,0,0
2340,17-Mar-21,2021-03-17,5,5-9 yrs,Production Manager,TNS,Terminated,Contract,ZONE A,Temporary,Production,General - Con,27-02-2001,2001-02-27,MA,Female,White,Single,Fully meets,5,23-05-2023,4,High,5,3,05-May-23,2023-05-05,Project Management,External,Failed,0,1,811.91,20,Under 30,0,0
2341,13-Oct-18,2018-10-13,7,5-9 yrs,Production Manager,PYZ,Active,Full-Time,ZONE A,Full-Time,Production,General - Sga,02-11-1984,1984-11-02,MA,Female,Hispanic,Divorced,Fully meets,2,14-10-2022,1,Low,5,2,06-Apr-23,2023-04-06,Communication Skills,Internal,Failed,0,2,121.05,34,30-39,0,0
2342,09-Jan-20,2020-01-09,6,5-9 yrs,Production Manager,WBL,Active,Part-Time,ZONE C,Temporary,Production,Field Operations,14-05-1967,1967-05-14,MA,Female,Other,Single,Fully meets,5,24-07-2023,1,Low,4,3,30-May-23,2023-05-30,Communication Skills,Internal,Completed,1,1,704.53,53,50-59,0,0
2343,18-Sep-19,2019-09-18,6,5-9 yrs,Production Manager,NEL,Active,Full-Time,ZONE B,Temporary,Production,Wireless,17-10-1998,1998-10-17,MA,Female,Hispanic,Single,Fully meets,4,22-11-2022,1,Low,3,4,31-May-23,2023-05-31,Customer Service,Internal,Completed,1,5,959.22,21,Under 30,0,0
2344,26-Oct-19,2019-10-26,6,5-9 yrs,Production Manager,PL,Active,Contract,ZONE C,Temporary,Production,Yard (Material Handling),23-08-1991,1991-08-23,MA,Female,Other,Divorced,Fully meets,1,08-02-2023,2,Low,5,5,13-Mar-23,2023-03-13,Technical Skills,External,Completed,1,2,967.05,28,Under 30,0,0
2345,14-Sep-20,2020-09-14,5,5-9 yrs,Production Manager,BPC,Terminated,Full-Time,ZONE B,Temporary,Production,Field Operations,10-01-1971,1971-01-10,MA,Female,Hispanic,Married,Fully meets,2,14-01-2023,2,Low,1,5,09-Oct-22,2022-10-09,Project Management,External,Incomplete,0,3,379.57,49,40-49,0,0
2346,09-Apr-23,2023-04-09,3,2-4 yrs,Production Manager,CCDR,Active,Part-Time,ZONE A,Full-Time,Production,Field Operations,28-02-1984,1984-02-28,MA,Female,Hispanic,Widowed,Fully meets,4,06-02-2023,5,High,3,1,02-Oct-22,2022-10-02,Customer Service,External,Completed,1,3,811.14,39,30-39,0,1
2347,25-Oct-19,2019-10-25,6,5-9 yrs,President & CEO,SVG,Active,Full-Time,ZONE A,Part-Time,Production,Field Operations,07-11-1977,1977-11-07,MA,Female,White,Single,Fully meets,1,09-01-2023,2,Low,3,2,14-Dec-22,2022-12-14,Communication Skills,Internal,Passed,1,1,780.53,42,40-49,0,0
2348,25-Jun-22,2022-06-25,3,2-4 yrs,Network Engineer,EW,Active,Part-Time,ZONE C,Full-Time,Production,Field Operations,21-02-1976,1976-02-21,MA,Male,Asian,Single,Fully meets,1,12-10-2022,4,High,4,2,13-Apr-23,2023-04-13,Technical Skills,Internal,Passed,1,1,927.52,46,40-49,0,0
2349,26-Jan-23,2023-01-26,3,2-4 yrs,Network Engineer,MSC,Active,Part-Time,ZONE C,Full-Time,Production,General - Con,03-06-1956,1956-06-03,MA,Male,Black,Widowed,Fully meets,4,05-11-2022,5,High,5,1,22-Apr-23,2023-04-22,Communication Skills,Internal,Completed,1,2,317.31,67,60+,0,0
2350,19-Feb-20,2020-02-19,6,5-9 yrs,Network Engineer,TNS,Active,Part-Time,ZONE A,Temporary,Executive office,Wireline Construction,24-04-1973,1973-04-24,MA,Male,Black,Divorced,Fully meets,2,24-08-2022,1,Low,4,5,09-Mar-23,2023-03-09,Leadership Development,Internal,Failed,0,3,858.34,47,40-49,0,0
2352,16-Oct-20,2020-10-16,5,5-9 yrs,Data Analyst,MSC,Active,Full-Time,ZONE B,Temporary,Production,General - Con,31-12-1993,1993-12-31,MA,Male,White,Widowed,Fully meets,2,11-07-2023,2,Low,3,3,11-Sep-22,2022-09-11,Communication Skills,External,Completed,1,4,889.07,27,Under 30,0,0
2353,07-Sep-18,2018-09-07,7,5-9 yrs,Data Analyst,TNS,Active,Part-Time,ZONE B,Full-Time,It/is,Field Operations,26-07-1997,1997-07-26,MA,Female,Hispanic,Married,Fully meets,2,17-10-2022,2,Low,4,3,18-Jul-23,2023-07-18,Technical Skills,Internal,Failed,0,3,198.56,21,Under 30,0,0
2354,07-Jan-22,2022-01-07,4,2-4 yrs,Data Analyst,PYZ,Active,Part-Time,ZONE C,Full-Time,It/is,Wireline Construction,02-09-1971,1971-09-02,MA,Female,White,Divorced,Fully meets,2,10-06-2023,5,High,1,1,13-Jun-23,2023-06-13,Communication Skills,External,Completed,1,5,572.14,51,50-59,0,0
2356,18-Nov-21,2021-11-18,4,2-4 yrs,Data Analyst,NEL,Active,Part-Time,ZONE C,Temporary,It/is,Catv,14-07-1955,1955-07-14,MA,Male,Black,Single,Fully meets,4,07-03-2023,4,High,1,1,25-May-23,2023-05-25,Technical Skills,External,Passed,1,4,668.66,66,60+,0,0
2358,14-May-20,2020-05-14,6,5-9 yrs,Production Manager,PYZ,Active,Part-Time,ZONE B,Temporary,Production,Executive,20-03-1993,1993-03-20,MA,Male,Black,Married,Fully meets,4,07-09-2022,5,High,3,3,14-Apr-23,2023-04-14,Project Management,External,Incomplete,0,3,164.22,27,Under 30,0,0
2359,13-Dec-20,2020-12-13,5,5-9 yrs,Production Manager,SVG,Active,Full-Time,ZONE B,Part-Time,Production,Engineers,01-07-1996,1996-07-01,MA,Female,Other,Married,Fully meets,2,08-07-2023,4,High,4,3,30-May-23,2023-05-30,Technical Skills,External,Failed,0,3,850.73,24,Under 30,0,0
2360,16-Nov-21,2021-11-16,4,2-4 yrs,Production Manager,TNS,Terminated,Part-Time,ZONE B,Part-Time,Production,Fielders,06-10-1990,1990-10-06,MA,Female,Asian,Widowed,Fully meets,1,07-02-2023,4,High,4,3,13-Oct-22,2022-10-13,Project Management,Internal,Passed,1,1,400.62,31,30-39,0,0
2361,01-Dec-22,2022-12-01,3,2-4 yrs,Production Manager,WBL,Terminated,Full-Time,ZONE C,Full-Time,Production,Project Management - Con,05-12-1996,1996-12-05,MA,Female,Asian,Divorced,Fully meets,2,12-02-2023,4,High,4,2,08-Sep-22,2022-09-08,Customer Service,External,Failed,0,4,148.29,26,Under 30,0,1
2362,30-Oct-20,2020-10-30,5,5-9 yrs,Production Manager,BPC,Active,Full-Time,ZONE C,Part-Time,Production,Field Operations,06-05-1974,1974-05-06,MA,Female,Asian,Married,Fully meets,2,21-01-2023,5,High,4,5,06-Feb-23,2023-02-06,Project Management,Internal,Incomplete,0,3,543.65,46,40-49,0,0
2363,08-Feb-21,2021-02-08,5,5-9 yrs,Production Manager,CCDR,Active,Full-Time,ZONE C,Temporary,Production,Wireline Construction,17-02-1983,1983-02-17,MA,Female,Hispanic,Widowed,Fully meets,2,16-07-2023,2,Low,5,1,04-Feb-23,2023-02-04,Communication Skills,External,Incomplete,0,3,282.26,38,30-39,0,0
2364,05-Aug-19,2019-08-05,6,5-9 yrs,Production Manager,EW,Active,Full-Time,ZONE A,Temporary,Production,Field Operations,24-08-1960,1960-08-24,MA,Male,Black,Widowed,Fully meets,5,02-02-2023,4,High,2,4,04-Dec-22,2022-12-04,Project Management,External,Completed,1,3,123.81,59,50-59,0,0
2365,29-Nov-18,2018-11-29,7,5-9 yrs,Production Manager,MSC,Terminated,Contract,ZONE A,Temporary,Production,Engineers,25-08-1953,1953-08-25,MA,Female,Black,Married,Fully meets,1,07-09-2022,1,Low,1,1,11-Aug-22,2022-08-11,Communication Skills,External,Passed,1,5,355.8,65,60+,0,0
2367,23-Aug-20,2020-08-23,5,5-9 yrs,Production Manager,PL,Active,Contract,ZONE C,Part-Time,Production,Wireline Construction,29-07-1959,1959-07-29,MA,Female,Hispanic,Widowed,Fully meets,5,26-10-2022,3,Medium,2,5,27-Apr-23,2023-04-27,Project Management,Internal,Completed,1,3,249.77,61,60+,0,0
2369,19-Oct-21,2021-10-19,4,2-4 yrs,Network Engineer,SVG,Active,Part-Time,ZONE B,Full-Time,Production,Field Operations,16-09-1987,1987-09-16,MA,Male,Other,Divorced,Fully meets,5,18-02-2023,5,High,2,4,26-Jul-23,2023-07-26,Leadership Development,External,Failed,0,5,711.15,34,30-39,0,0
2370,21-Feb-20,2020-02-21,6,5-9 yrs,Network Engineer,TNS,Active,Contract,ZONE B,Full-Time,Production,Field Operations,31-01-1952,1952-01-31,MA,Male,Other,Widowed,Fully meets,5,03-10-2022,1,Low,2,4,07-Jun-23,2023-06-07,Leadership Development,External,Incomplete,0,3,644.97,68,60+,0,0
2371,21-Nov-22,2022-11-21,3,2-4 yrs,Data Analyst,EW,Active,Contract,ZONE B,Temporary,Production,Field Operations,30-05-2000,2000-05-30,MA,Male,White,Married,Fully meets,1,10-01-2023,2,Low,1,5,19-Apr-23,2023-04-19,Customer Service,Internal,Passed,1,4,133.56,22,Under 30,0,0
2372,05-Aug-19,2019-08-05,6,5-9 yrs,Data Analyst,CCDR,Active,Full-Time,ZONE A,Part-Time,Production,Field Operations,10-03-1992,1992-03-10,MA,Female,Hispanic,Single,Fully meets,2,02-08-2023,3,Medium,4,5,27-Jan-23,2023-01-27,Leadership Development,Internal,Completed,1,2,784.93,27,Under 30,0,0
2373,05-Nov-20,2020-11-05,5,5-9 yrs,Data Analyst,BPC,Active,Full-Time,ZONE A,Full-Time,It/is,Catv,22-10-1982,1982-10-22,MA,Female,Other,Divorced,Fully meets,2,21-07-2023,3,Medium,5,5,16-Feb-23,2023-02-16,Project Management,External,Completed,1,4,801.63,38,30-39,0,0
2374,12-Jun-21,2021-06-12,4,2-4 yrs,Data Analyst,WBL,Active,Part-Time,ZONE A,Part-Time,It/is,Field Operations,09-08-1962,1962-08-09,MA,Female,Asian,Divorced,Fully meets,2,16-01-2023,1,Low,2,1,01-May-23,2023-05-01,Customer Service,External,Incomplete,0,2,650.48,59,50-59,0,0
2375,13-Sep-18,2018-09-13,7,5-9 yrs,Data Analyst,TNS,Active,Contract,ZONE B,Full-Time,It/is,General - Con,02-11-1958,1958-11-02,MA,Male,Black,Single,Fully meets,1,14-08-2022,2,Low,4,2,20-Nov-22,2022-11-20,Project Management,External,Failed,0,5,770.33,60,60+,0,0
2376,09-Apr-23,2023-04-09,3,2-4 yrs,Production Manager,CCDR,Active,Full-Time,ZONE A,Temporary,Production,Field Operations,10-10-1983,1983-10-10,MA,Female,Asian,Divorced,Fully meets,4,07-12-2022,5,High,2,4,26-Apr-23,2023-04-26,Communication Skills,Internal,Completed,1,5,755.69,40,40-49,0,0
2377,09-Jan-21,2021-01-09,5,5-9 yrs,Production Manager,SVG,Active,Contract,ZONE B,Part-Time,Production,Executive,14-06-1960,1960-06-14,MA,Male,White,Single,Fully meets,4,31-12-2022,1,Low,2,1,25-Dec-22,2022-12-25,Leadership Development,External,Failed,0,1,921.26,61,60+,0,0
2379,19-Oct-19,2019-10-19,6,5-9 yrs,Production Manager,MSC,Terminated,Full-Time,ZONE C,Part-Time,Production,Fielders,22-12-1991,1991-12-22,MA,Female,Asian,Divorced,Fully meets,2,01-07-2023,2,Low,5,1,24-Aug-22,2022-08-24,Communication Skills,External,Completed,1,4,146.18,28,Under 30,0,0
2380,02-Jul-23,2023-07-02,2,2-4 yrs,Production Manager,TNS,Active,Full-Time,ZONE A,Temporary,Production,General - Con,19-12-1956,1956-12-19,MA,Female,Other,Married,Fully meets,2,25-10-2022,2,Low,1,3,03-Nov-22,2022-11-03,Customer Service,Internal,Completed,1,5,910.96,67,60+,0,1
2381,29-Aug-19,2019-08-29,6,5-9 yrs,Production Manager,PYZ,Active,Part-Time,ZONE B,Part-Time,Production,Catv,08-04-1988,1988-04-08,MA,Female,Other,Divorced,Fully meets,2,15-02-2023,2,Low,3,3,27-Jan-23,2023-01-27,Technical Skills,External,Passed,1,1,404.78,31,30-39,0,0
2383,02-Feb-20,2020-02-02,6,5-9 yrs,Production Manager,NEL,Active,Full-Time,ZONE A,Full-Time,Production,Field Operations,08-04-1973,1973-04-08,MA,Male,Asian,Widowed,Fully meets,4,21-11-2022,5,High,3,5,09-Aug-22,2022-08-09,Customer Service,External,Incomplete,0,1,374.73,47,40-49,0,0
2384,14-Oct-21,2021-10-14,4,2-4 yrs,Production Manager,PL,Terminated,Full-Time,ZONE A,Temporary,Production,Field Operations,11-09-1979,1979-09-11,MA,Female,Hispanic,Married,Fully meets,5,03-09-2022,2,Low,2,2,03-Oct-22,2022-10-03,Communication Skills,Internal,Failed,0,3,166.1,42,40-49,0,0
2385,10-Apr-20,2020-04-10,6,5-9 yrs,Production Manager,BPC,Active,Contract,ZONE A,Part-Time,Production,Yard (Material Handling),19-11-1953,1953-11-19,MA,Female,Asian,Single,Fully meets,2,15-01-2023,2,Low,1,3,31-Mar-23,2023-03-31,Technical Skills,Internal,Incomplete,0,1,574.91,67,60+,0,0
2386,14-Dec-18,2018-12-14,7,5-9 yrs,Production Manager,CCDR,Active,Part-Time,ZONE B,Part-Time,Production,Finance & Accounting,25-12-1975,1975-12-25,MA,Female,Black,Widowed,Fully meets,1,16-12-2022,1,Low,4,3,28-Sep-22,2022-09-28,Customer Service,External,Failed,0,3,390.96,43,40-49,0,0
2387,27-Jun-22,2022-06-27,3,2-4 yrs,President & CEO,SVG,Active,Contract,ZONE C,Temporary,Production,Safety,28-05-1994,1994-05-28,MA,Male,Hispanic,Widowed,Fully meets,1,06-01-2023,1,Low,2,5,05-Mar-23,2023-03-05,Communication Skills,Internal,Failed,0,2,459.27,28,Under 30,0,0
2388,07-Sep-20,2020-09-07,5,5-9 yrs,Network Engineer,EW,Active,Contract,ZONE C,Temporary,Production,Fielders,15-05-1953,1953-05-15,MA,Male,Other,Single,Fully meets,2,06-06-2023,5,High,2,4,30-Jun-23,2023-06-30,Project Management,Internal,Completed,1,4,949.32,67,60+,0,0
2389,03-Nov-19,2019-11-03,6,5-9 yrs,Data Analyst,EW,Active,Contract,ZONE C,Part-Time,Production,General - Eng,22-05-1976,1976-05-22,MA,Male,White,Widowed,Fully meets,2,06-06-2023,1,Low,4,2,28-Jul-23,2023-07-28,Technical Skills,Internal,Completed,1,1,718.39,43,40-49,0,0
2391,28-Apr-23,2023-04-28,3,2-4 yrs,Data Analyst,TNS,Active,Part-Time,ZONE B,Full-Time,It/is,Splicing,11-02-1964,1964-02-11,MA,Female,Asian,Widowed,Fully meets,1,22-06-2023,3,Medium,3,3,10-Dec-22,2022-12-10,Technical Skills,External,Failed,0,3,363.35,59,50-59,0,1
2393,05-Dec-18,2018-12-05,7,5-9 yrs,Production Manager,NEL,Active,Full-Time,ZONE C,Part-Time,Production,Engineers,04-09-1993,1993-09-04,MA,Female,Other,Widowed,Fully meets,5,12-05-2023,3,Medium,2,2,27-Feb-23,2023-02-27,Project Management,External,Completed,1,5,803.82,25,Under 30,0,0
2394,25-Apr-22,2022-04-25,4,2-4 yrs,Production Manager,PL,Active,Full-Time,ZONE C,Full-Time,Production,Field Operations,17-09-1980,1980-09-17,MA,Male,White,Single,Fully meets,2,18-11-2022,4,High,1,1,22-Sep-22,2022-09-22,Customer Service,Internal,Completed,1,1,661.88,42,40-49,0,0
2395,10-Dec-19,2019-12-10,6,5-9 yrs,Production Manager,PYZ,Active,Part-Time,ZONE C,Part-Time,Production,General - Eng,24-06-1983,1983-06-24,MA,Male,Black,Divorced,Fully meets,1,23-02-2023,1,Low,1,4,29-Mar-23,2023-03-29,Customer Service,External,Completed,1,5,337.08,36,30-39,0,0
2396,30-Jun-22,2022-06-30,3,2-4 yrs,Production Manager,SVG,Terminated,Contract,ZONE C,Part-Time,Production,General - Eng,18-07-1960,1960-07-18,MA,Female,Other,Single,Fully meets,1,14-12-2022,3,Medium,4,2,22-Nov-22,2022-11-22,Project Management,External,Completed,1,5,887.46,62,60+,0,0
2397,19-Sep-18,2018-09-19,7,5-9 yrs,Production Manager,TNS,Active,Part-Time,ZONE B,Full-Time,Production,Field Operations,22-08-1990,1990-08-22,MA,Female,Other,Widowed,Fully meets,2,08-09-2022,2,Low,5,2,10-Nov-22,2022-11-10,Project Management,External,Completed,1,5,514.94,28,Under 30,0,0
2398,08-Jul-19,2019-07-08,6,5-9 yrs,Production Manager,WBL,Active,Contract,ZONE C,Temporary,Production,General - Con,11-06-1959,1959-06-11,MA,Female,White,Widowed,Fully meets,5,07-01-2023,4,High,3,3,13-Dec-22,2022-12-13,Technical Skills,External,Incomplete,0,3,304.35,60,60+,0,0
2399,25-May-23,2023-05-25,3,2-4 yrs,Production Manager,PYZ,Active,Full-Time,ZONE B,Part-Time,Production,Wireline Construction,13-06-1958,1958-06-13,MA,Male,White,Married,Fully meets,4,29-11-2022,1,Low,4,2,15-Mar-23,2023-03-15,Customer Service,External,Passed,1,1,329.83,65,60+,0,1
2400,03-Nov-18,2018-11-03,7,5-9 yrs,Production Manager,WBL,Active,Contract,ZONE A,Part-Time,Production,General - Sga,12-06-1961,1961-06-12,MA,Male,Black,Married,Fully meets,2,28-03-2023,4,High,4,3,23-Jul-23,2023-07-23,Communication Skills,External,Completed,1,4,872.57,57,50-59,0,0
2402,14-Apr-22,2022-04-14,4,2-4 yrs,Production Manager,PL,Terminated,Full-Time,ZONE C,Full-Time,Production,Shop (Fleet),19-09-1985,1985-09-19,MA,Female,Black,Widowed,Fully meets,2,29-10-2022,3,Medium,2,2,18-Feb-23,2023-02-18,Communication Skills,External,Failed,0,1,478.73,37,30-39,0,0
2403,06-Aug-20,2020-08-06,5,5-9 yrs,Production Manager,BPC,Active,Full-Time,ZONE C,Temporary,Production,Finance & Accounting,22-03-1958,1958-03-22,MA,Female,Hispanic,Married,Fully meets,4,07-11-2022,3,Medium,3,3,25-Aug-22,2022-08-25,Technical Skills,External,Failed,0,5,766.04,62,60+,0,0
2406,13-Nov-18,2018-11-13,7,5-9 yrs,Network Engineer,EW,Active,Part-Time,ZONE B,Part-Time,Production,Engineers,25-03-1971,1971-03-25,MA,Male,Black,Widowed,Fully meets,1,24-02-2023,1,Low,4,4,19-May-23,2023-05-19,Communication Skills,Internal,Failed,0,1,100.04,47,40-49,0,0
2407,06-Oct-19,2019-10-06,6,5-9 yrs,Data Analyst,EW,Active,Full-Time,ZONE C,Temporary,Production,Finance & Accounting,17-04-1953,1953-04-17,MA,Male,Other,Widowed,Fully meets,4,23-09-2022,3,Medium,5,5,15-Nov-22,2022-11-15,Project Management,Internal,Completed,1,2,545.35,66,60+,0,0
2408,15-Sep-21,2021-09-15,4,2-4 yrs,Data Analyst,MSC,Active,Full-Time,ZONE B,Part-Time,It/is,Field Operations,10-01-1962,1962-01-10,MA,Female,Black,Divorced,Fully meets,5,26-08-2022,2,Low,5,5,04-Sep-22,2022-09-04,Project Management,Internal,Failed,0,1,968.87,59,50-59,0,0
2409,06-Feb-20,2020-02-06,6,5-9 yrs,Data Analyst,TNS,Active,Full-Time,ZONE B,Full-Time,It/is,Engineers,30-10-1996,1996-10-30,MA,Female,White,Single,Fully meets,4,11-01-2023,3,Medium,3,3,07-Apr-23,2023-04-07,Customer Service,External,Passed,1,1,949.78,24,Under 30,0,0
2410,21-Oct-22,2022-10-21,3,2-4 yrs,Data Analyst,PYZ,Active,Full-Time,ZONE B,Part-Time,It/is,Engineers,19-11-1957,1957-11-19,MA,Male,White,Divorced,Fully meets,2,03-05-2023,4,High,4,1,24-Sep-22,2022-09-24,Technical Skills,External,Failed,0,3,341.65,65,60+,0,1
2411,11-Oct-22,2022-10-11,3,2-4 yrs,Production Manager,NEL,Active,Part-Time,ZONE B,Temporary,Production,General - Con,16-07-1994,1994-07-16,MA,Female,Black,Widowed,Fully meets,2,23-01-2023,2,Low,3,3,27-Feb-23,2023-02-27,Project Management,External,Failed,0,4,798.7,28,Under 30,0,0
2412,30-Jan-22,2022-01-30,4,2-4 yrs,Production Manager,PL,Active,Full-Time,ZONE B,Part-Time,Production,Engineers,13-10-1994,1994-10-13,MA,Male,White,Widowed,Fully meets,2,10-04-2023,5,High,4,5,21-Jan-23,2023-01-21,Project Management,Internal,Passed,1,5,859.0,28,Under 30,0,0
2415,08-Feb-21,2021-02-08,5,5-9 yrs,Production Manager,TNS,Active,Full-Time,ZONE B,Full-Time,Production,Field Operations,10-09-1952,1952-09-10,MA,Female,White,Married,Fully meets,4,08-02-2023,1,Low,2,5,18-Aug-22,2022-08-18,Customer Service,Internal,Failed,0,4,938.18,69,60+,0,0
2416,06-Jun-22,2022-06-06,3,2-4 yrs,Production Manager,WBL,Active,Contract,ZONE C,Full-Time,Production,General - Con,08-06-1994,1994-06-08,MA,Male,Asian,Single,Fully meets,2,01-11-2022,4,High,5,1,06-May-23,2023-05-06,Communication Skills,Internal,Failed,0,2,344.8,28,Under 30,0,0
2417,27-Feb-21,2021-02-27,5,5-9 yrs,Production Manager,BPC,Active,Contract,ZONE C,Full-Time,Production,Engineers,10-11-1986,1986-11-10,MA,Male,White,Single,Fully meets,4,17-09-2022,2,Low,3,4,31-Oct-22,2022-10-31,Communication Skills,External,Passed,1,4,587.29,35,30-39,0,0
2419,01-Apr-20,2020-04-01,6,5-9 yrs,Production Manager,EW,Active,Part-Time,ZONE A,Temporary,Production,Wireline Construction,16-08-2000,2000-08-16,MA,Female,White,Married,Fully meets,2,22-12-2022,2,Low,2,1,05-Jul-23,2023-07-05,Project Management,External,Completed,1,4,433.85,20,Under 30,0,0
2421,20-Nov-21,2021-11-20,4,2-4 yrs,Production Manager,NEL,Active,Full-Time,ZONE C,Part-Time,Production,Engineers,03-09-1986,1986-09-03,MA,Female,Asian,Married,Fully meets,2,03-04-2023,1,Low,3,5,08-Jul-23,2023-07-08,Customer Service,Internal,Completed,1,3,442.48,35,30-39,0,0
2423,10-Oct-18,2018-10-10,7,5-9 yrs,President & CEO,PYZ,Active,Contract,ZONE A,Full-Time,Production,General - Con,10-11-1977,1977-11-10,MA,Male,Asian,Divorced,Fully meets,1,06-04-2023,3,Medium,3,5,15-Jun-23,2023-06-15,Technical Skills,Internal,Failed,0,5,523.75,41,40-49,0,0
2424,26-Feb-19,2019-02-26,7,5-9 yrs,Network Engineer,SVG,Active,Full-Time,ZONE C,Full-Time,Executive office,Engineers,18-08-1974,1974-08-18,MA,Male,Hispanic,Divorced,Fully meets,2,25-02-2023,2,Low,1,4,18-Oct-22,2022-10-18,Customer Service,Internal,Failed,0,1,292.85,45,40-49,0,0
2425,19-Jun-22,2022-06-19,3,2-4 yrs,Director of Operations,MSC,Active,Contract,ZONE C,Full-Time,Production,Wireline Construction,15-06-1982,1982-06-15,MA,Male,Asian,Divorced,Fully meets,2,28-03-2023,2,Low,2,2,23-Apr-23,2023-04-23,Technical Skills,External,Failed,0,3,136.76,40,40-49,0,0
2426,20-Jul-20,2020-07-20,5,5-9 yrs,Data Analyst,EW,Active,Full-Time,ZONE C,Part-Time,Production,General - Con,03-03-1959,1959-03-03,MA,Female,White,Widowed,Fully meets,2,21-10-2022,5,High,5,3,21-Nov-22,2022-11-21,Leadership Development,External,Incomplete,0,4,107.48,61,60+,0,0
2427,17-Jan-20,2020-01-17,6,5-9 yrs,Data Analyst,CCDR,Active,Part-Time,ZONE C,Full-Time,It/is,Field Operations,22-11-1956,1956-11-22,MA,Female,Asian,Divorced,Fully meets,5,14-04-2023,2,Low,2,1,27-Jan-23,2023-01-27,Communication Skills,Internal,Passed,1,2,528.76,64,60+,0,0
2428,04-Jun-21,2021-06-04,4,2-4 yrs,Data Analyst,BPC,Active,Part-Time,ZONE B,Temporary,It/is,Yard (Material Handling),22-01-1963,1963-01-22,MA,Female,White,Divorced,Fully meets,4,30-11-2022,2,Low,5,5,13-Jul-23,2023-07-13,Customer Service,External,Passed,1,4,549.8,58,50-59,0,0
2429,19-Apr-19,2019-04-19,7,5-9 yrs,Production Manager,BPC,Active,Part-Time,ZONE C,Temporary,Production,Field Operations,01-05-1999,1999-05-01,MA,Male,Black,Widowed,Fully meets,4,06-11-2022,3,Medium,4,2,09-Dec-22,2022-12-09,Communication Skills,External,Completed,1,5,308.1,20,Under 30,0,0
2432,10-Feb-23,2023-02-10,3,2-4 yrs,Production Manager,EW,Terminated,Contract,ZONE C,Full-Time,Production,Yard (Material Handling),18-04-1963,1963-04-18,MA,Female,Asian,Married,Fully meets,2,30-07-2023,1,Low,1,2,17-Aug-22,2022-08-17,Customer Service,External,Failed,0,1,353.71,60,60+,0,1
2433,22-Apr-20,2020-04-22,6,5-9 yrs,Production Manager,MSC,Active,Contract,ZONE C,Temporary,Production,Engineers,30-08-1976,1976-08-30,MA,Male,White,Widowed,Fully meets,1,05-08-2022,1,Low,5,3,20-Apr-23,2023-04-20,Technical Skills,Internal,Completed,1,4,580.82,44,40-49,0,0
2434,14-Jan-23,2023-01-14,3,2-4 yrs,Production Manager,TNS,Active,Part-Time,ZONE A,Full-Time,Production,General - Con,22-09-1991,1991-09-22,MA,Male,Asian,Single,Fully meets,5,14-08-2022,5,High,2,5,06-Sep-22,2022-09-06,Leadership Development,External,Failed,0,4,810.59,32,30-39,0,1
2435,13-Mar-23,2023-03-13,3,2-4 yrs,Production Manager,PYZ,Terminated,Full-Time,ZONE C,Part-Time,Production,Engineers,05-06-1982,1982-06-05,MA,Male,Other,Widowed,Fully meets,2,29-01-2023,1,Low,3,2,26-Mar-23,2023-03-26,Communication Skills,Internal,Incomplete,0,5,150.58,41,40-49,0,0
2436,30-Dec-22,2022-12-30,3,2-4 yrs,Production Manager,WBL,Terminated,Full-Time,ZONE B,Part-Time,Production,Field Operations,23-04-1958,1958-04-23,MA,Male,Asian,Widowed,Fully meets,4,04-11-2022,1,Low,3,3,09-May-23,2023-05-09,Project Management,External,Failed,0,5,985.02,64,60+,0,0
2437,04-Jun-20,2020-06-04,5,5-9 yrs,Production Manager,NEL,Terminated,Full-Time,ZONE A,Full-Time,Production,Shop (Fleet),30-05-1977,1977-05-30,MA,Female,Other,Single,Fully meets,2,17-10-2022,3,Medium,5,2,02-May-23,2023-05-02,Customer Service,External,Completed,1,2,669.99,43,40-49,0,0
2438,13-Mar-22,2022-03-13,4,2-4 yrs,Production Manager,PL,Active,Contract,ZONE A,Full-Time,Production,Wireless,22-09-1964,1964-09-22,MA,Female,Black,Divorced,Fully meets,5,09-11-2022,4,High,1,4,14-Nov-22,2022-11-14,Customer Service,External,Failed,0,1,101.26,58,50-59,0,0
2440,15-May-21,2021-05-15,5,5-9 yrs,Production Manager,CCDR,Active,Contract,ZONE B,Temporary,Production,General - Con,23-07-1962,1962-07-23,MA,Male,Other,Divorced,Fully meets,1,08-03-2023,2,Low,5,2,24-Nov-22,2022-11-24,Communication Skills,Internal,Failed,0,4,809.02,59,50-59,0,0
2441,14-Jul-21,2021-07-14,4,2-4 yrs,President & CEO,SVG,Active,Contract,ZONE B,Part-Time,Production,General - Sga,19-12-1973,1973-12-19,MA,Male,Hispanic,Married,Fully meets,2,17-10-2022,2,Low,4,2,17-Oct-22,2022-10-17,Project Management,External,Passed,1,5,559.08,48,40-49,0,0
2442,31-Jan-23,2023-01-31,3,2-4 yrs,Director of Operations,SVG,Active,Contract,ZONE C,Full-Time,Production,Executive,16-04-1973,1973-04-16,MA,Female,Black,Divorced,Fully meets,1,26-01-2023,2,Low,1,5,18-Jan-23,2023-01-18,Communication Skills,Internal,Failed,0,2,688.8,50,50-59,0,1
2443,27-Jul-20,2020-07-27,5,5-9 yrs,Data Analyst,EW,Active,Part-Time,ZONE B,Full-Time,Production,Wireline Construction,28-03-1976,1976-03-28,MA,Female,White,Widowed,Fully meets,1,17-08-2022,4,High,3,5,30-Dec-22,2022-12-30,Project Management,External,Completed,1,5,300.21,44,40-49,0,0
2444,16-Apr-23,2023-04-16,3,2-4 yrs,Data Analyst,MSC,Active,Part-Time,ZONE C,Part-Time,It/is,Wireline Construction,07-09-1957,1957-09-07,MA,Female,Black,Single,Fully meets,4,05-08-2023,1,Low,1,5,03-Nov-22,2022-11-03,Project Management,External,Completed,1,1,851.57,66,60+,0,1
2445,30-Dec-19,2019-12-30,6,5-9 yrs,Production Manager,MSC,Active,Contract,ZONE B,Temporary,Production,General - Con,31-12-1969,1969-12-31,MA,Female,Asian,Widowed,Fully meets,2,20-11-2022,3,Medium,4,5,11-May-23,2023-05-11,Leadership Development,External,Failed,0,1,833.89,50,50-59,0,0
2447,02-Feb-20,2020-02-02,6,5-9 yrs,Production Manager,PL,Active,Full-Time,ZONE A,Full-Time,Production,Engineers,13-04-1992,1992-04-13,MA,Female,White,Widowed,Fully meets,4,01-02-2023,5,High,3,4,21-Aug-22,2022-08-21,Technical Skills,Internal,Completed,1,1,505.6,28,Under 30,0,0
2448,23-Oct-20,2020-10-23,5,5-9 yrs,Production Manager,PYZ,Terminated,Full-Time,ZONE C,Part-Time,Production,General - Eng,17-01-1989,1989-01-17,MA,Female,Asian,Single,Fully meets,4,14-04-2023,2,Low,2,5,29-Sep-22,2022-09-29,Customer Service,Internal,Passed,1,5,633.54,31,30-39,0,0
2449,29-Apr-20,2020-04-29,6,5-9 yrs,Production Manager,SVG,Terminated,Part-Time,ZONE B,Temporary,Production,Aerial,10-02-1986,1986-02-10,MA,Female,Hispanic,Single,Fully meets,4,28-01-2023,4,High,5,3,18-Jan-23,2023-01-18,Project Management,External,Passed,1,4,485.29,34,30-39,0,0
2450,18-Aug-22,2022-08-18,3,2-4 yrs,Production Manager,TNS,Active,Full-Time,ZONE A,Part-Time,Production,Aerial,15-10-1996,1996-10-15,MA,Male,Asian,Single,Fully meets,1,21-01-2023,5,High,3,2,18-Jan-23,2023-01-18,Project Management,Internal,Completed,1,5,302.62,26,Under 30,0,0
2452,14-Oct-22,2022-10-14,3,2-4 yrs,Production Manager,BPC,Active,Full-Time,ZONE C,Part-Time,Production,Project Management - Con,23-10-1972,1972-10-23,MA,Male,Asian,Married,Fully meets,2,02-09-2022,3,Medium,3,1,29-Jun-23,2023-06-29,Communication Skills,Internal,Incomplete,0,3,241.25,50,50-59,0,0
2453,13-May-23,2023-05-13,3,2-4 yrs,Production Manager,CCDR,Active,Full-Time,ZONE C,Full-Time,Production,Underground,22-09-1988,1988-09-22,MA,Male,Other,Widowed,Fully meets,1,23-12-2022,3,Medium,3,3,28-Nov-22,2022-11-28,Technical Skills,External,Incomplete,0,3,285.55,35,30-39,0,1
2454,28-Feb-21,2021-02-28,5,5-9 yrs,Production Manager,EW,Active,Full-Time,ZONE A,Part-Time,Production,Fielders,12-03-1989,1989-03-12,MA,Female,Asian,Married,Fully meets,5,24-09-2022,1,Low,4,3,06-Oct-22,2022-10-06,Leadership Development,Internal,Completed,1,1,524.51,32,30-39,0,0
2455,03-Mar-20,2020-03-03,6,5-9 yrs,Production Manager,MSC,Active,Full-Time,ZONE B,Full-Time,Production,General - Con,06-12-1991,1991-12-06,MA,Female,Hispanic,Single,Fully meets,2,11-06-2023,3,Medium,3,1,08-Jun-23,2023-06-08,Customer Service,External,Completed,1,4,218.61,29,Under 30,0,0
2456,29-Nov-21,2021-11-29,4,2-4 yrs,Production Manager,NEL,Active,Full-Time,ZONE A,Full-Time,Production,Wireline Construction,27-08-1970,1970-08-27,MA,Male,Asian,Single,Fully meets,5,22-09-2022,4,High,5,3,22-Aug-22,2022-08-22,Customer Service,External,Failed,0,2,263.3,51,50-59,0,0
2457,24-Aug-18,2018-08-24,7,5-9 yrs,Production Manager,PL,Active,Part-Time,ZONE A,Part-Time,Production,Field Operations,14-04-1961,1961-04-14,MA,Male,Hispanic,Single,Fully meets,2,27-04-2023,3,Medium,2,3,19-May-23,2023-05-19,Technical Skills,Internal,Incomplete,0,5,423.81,57,50-59,0,0
2458,21-Oct-20,2020-10-21,5,5-9 yrs,President & CEO,PYZ,Active,Part-Time,ZONE B,Temporary,Production,Shop (Fleet),10-03-1979,1979-03-10,MA,Male,Other,Widowed,Fully meets,2,19-09-2022,5,High,3,1,20-May-23,2023-05-20,Customer Service,Internal,Failed,0,5,912.62,41,40-49,0,0
2459,15-Dec-20,2020-12-15,5,5-9 yrs,Director of Operations,SVG,Active,Full-Time,ZONE A,Temporary,Production,Field Operations,10-07-1995,1995-07-10,RI,Female,Asian,Married,Fully meets,4,14-10-2022,5,High,5,5,27-Nov-22,2022-11-27,Project Management,External,Failed,0,4,973.11,25,Under 30,0,0
2460,05-Sep-18,2018-09-05,7,5-9 yrs,Data Analyst,EW,Active,Contract,ZONE C,Full-Time,It/is,Finance & Accounting,21-10-1959,1959-10-21,MA,Female,White,Widowed,Fully meets,2,24-03-2023,3,Medium,4,2,25-Nov-22,2022-11-25,Communication Skills,External,Passed,1,5,637.58,59,50-59,0,0
2461,27-Sep-21,2021-09-27,4,2-4 yrs,Shared Services Manager,EW,Active,Part-Time,ZONE A,Full-Time,Admin offices,Splicing,05-06-1979,1979-06-05,MA,Male,Black,Divorced,Fully meets,5,03-12-2022,3,Medium,2,4,13-Jul-23,2023-07-13,Communication Skills,External,Completed,1,2,103.04,42,40-49,0,0
2463,06-Dec-18,2018-12-06,7,5-9 yrs,Production Manager,PL,Active,Part-Time,ZONE A,Part-Time,Production,Fielders,03-04-1986,1986-04-03,MA,Female,Hispanic,Widowed,Fully meets,4,04-12-2022,3,Medium,5,5,02-Jun-23,2023-06-02,Leadership Development,Internal,Passed,1,3,792.67,32,30-39,0,0
2464,11-Aug-22,2022-08-11,3,2-4 yrs,Production Manager,BPC,Active,Full-Time,ZONE B,Temporary,Production,Field Operations,24-05-1955,1955-05-24,MA,Male,White,Widowed,Fully meets,2,18-02-2023,2,Low,3,2,14-Jul-23,2023-07-14,Leadership Development,External,Passed,1,1,795.5,67,60+,0,0
2465,13-Apr-20,2020-04-13,6,5-9 yrs,Production Manager,CCDR,Active,Contract,ZONE A,Full-Time,Production,Field Operations,09-11-1961,1961-11-09,MA,Female,White,Single,Fully meets,2,06-01-2023,3,Medium,3,1,22-Jul-23,2023-07-22,Project Management,Internal,Incomplete,0,3,475.26,59,50-59,0,0
2466,14-Nov-21,2021-11-14,4,2-4 yrs,Production Manager,SVG,Terminated,Contract,ZONE A,Full-Time,Production,Fielders,13-09-1967,1967-09-13,MA,Female,White,Widowed,Fully meets,2,14-09-2022,2,Low,4,1,04-Nov-22,2022-11-04,Customer Service,External,Failed,0,3,652.89,54,50-59,0,0
2467,17-Mar-22,2022-03-17,4,2-4 yrs,Production Manager,EW,Terminated,Full-Time,ZONE B,Full-Time,Production,Engineers,02-01-1979,1979-01-02,MA,Female,Other,Married,Fully meets,5,14-08-2022,1,Low,1,4,08-Mar-23,2023-03-08,Customer Service,External,Passed,1,1,832.16,43,40-49,0,0
2468,06-May-19,2019-05-06,7,5-9 yrs,Production Manager,MSC,Active,Part-Time,ZONE A,Part-Time,Production,General - Con,15-11-1957,1957-11-15,MA,Male,Hispanic,Married,Fully meets,5,23-03-2023,5,High,4,3,24-Feb-23,2023-02-24,Communication Skills,Internal,Passed,1,3,629.25,62,60+,0,0
2469,27-Nov-21,2021-11-27,4,2-4 yrs,Production Manager,TNS,Active,Part-Time,ZONE C,Part-Time,Production,Field Operations,04-02-2001,2001-02-04,MA,Male,Hispanic,Divorced,Fully meets,4,13-04-2023,2,Low,1,5,15-Sep-22,2022-09-15,Project Management,External,Completed,1,5,780.71,20,Under 30,0,0
2470,09-Feb-21,2021-02-09,5,5-9 yrs,Production Manager,BPC,Active,Full-Time,ZONE C,Temporary,Production,General - Con,24-10-1988,1988-10-24,MA,Male,Asian,Single,Fully meets,5,21-10-2022,5,High,5,2,05-Apr-23,2023-04-05,Communication Skills,Internal,Completed,1,2,999.0,33,30-39,0,0
2471,06-Jan-22,2022-01-06,4,2-4 yrs,Production Manager,CCDR,Active,Part-Time,ZONE C,Part-Time,Production,Fielders,25-07-1959,1959-07-25,MA,Male,Other,Divorced,Fully meets,2,23-01-2023,5,High,5,3,06-Aug-22,2022-08-06,Leadership Development,External,Passed,1,3,489.29,63,60+,0,0
2472,28-Jul-23,2023-07-28,2,2-4 yrs,Production Manager,EW,Active,Full-Time,ZONE B,Temporary,Production,Aerial,26-10-1975,1975-10-26,MA,Female,Asian,Married,Fully meets,2,22-06-2023,5,High,2,3,28-Apr-23,2023-04-28,Project Management,External,Failed,0,1,942.75,48,40-49,0,1
2473,27-Mar-21,2021-03-27,5,5-9 yrs,Production Manager,MSC,Active,Contract,ZONE B,Full-Time,Production,Corp Operations,15-07-1982,1982-07-15,MA,Male,Hispanic,Single,Fully meets,4,16-09-2022,4,High,4,3,02-Nov-22,2022-11-02,Leadership Development,Internal,Completed,1,5,938.63,39,30-39,0,0
2474,12-Mar-23,2023-03-12,3,2-4 yrs,Production Manager,NEL,Active,Contract,ZONE A,Temporary,Production,Field Operations,13-01-1959,1959-01-13,MA,Male,Black,Married,Fully meets,4,12-06-2023,4,High,5,2,18-Nov-22,2022-11-18,Project Management,Internal,Completed,1,5,543.64,64,60+,0,1
2476,01-Oct-21,2021-10-01,4,2-4 yrs,President & CEO,PYZ,Active,Part-Time,ZONE B,Full-Time,Executive office,Yard (Material Handling),11-07-1967,1967-07-11,MA,Male,Other,Single,Fully meets,2,18-03-2023,3,Medium,5,5,29-Jun-23,2023-06-29,Technical Skills,External,Completed,1,3,350.21,54,50-59,0,0
2477,31-Jan-22,2022-01-31,4,2-4 yrs,Director of Sales,PL,Active,Contract,ZONE A,Full-Time,Sales,Field Operations,14-09-1982,1982-09-14,RI,Female,Asian,Divorced,Fully meets,2,09-01-2023,4,High,4,3,26-Oct-22,2022-10-26,Leadership Development,Internal,Passed,1,4,961.47,40,40-49,0,0
2478,01-Jun-20,2020-06-01,6,5-9 yrs,Director of Operations,PYZ,Active,Full-Time,ZONE A,Temporary,Production,General - Con,26-07-1994,1994-07-26,RI,Female,White,Single,Fully meets,5,30-01-2023,4,High,4,1,26-Sep-22,2022-09-26,Customer Service,Internal,Passed,1,4,548.18,26,Under 30,0,0
2480,25-Jul-20,2020-07-25,5,5-9 yrs,IT Director,CCDR,Active,Part-Time,ZONE C,Part-Time,It/is,Splicing,26-03-1977,1977-03-26,MA,Male,White,Widowed,Fully meets,2,12-02-2023,3,Medium,2,3,11-Jan-23,2023-01-11,Customer Service,External,Passed,1,1,610.88,43,40-49,0,0
2481,12-Dec-18,2018-12-12,7,5-9 yrs,IT Manager - DB,PL,Active,Full-Time,ZONE A,Part-Time,It/is,Aerial,03-07-1997,1997-07-03,MA,Male,Black,Divorced,Fully meets,1,07-08-2022,2,Low,5,1,11-Nov-22,2022-11-11,Technical Skills,External,Incomplete,0,4,994.03,21,Under 30,0,0
2482,01-Sep-18,2018-09-01,7,5-9 yrs,IT Manager - Support,PYZ,Active,Contract,ZONE C,Full-Time,It/is,Isp,17-04-1950,1950-04-17,MA,Male,Black,Married,Fully meets,4,19-01-2023,4,High,2,5,23-May-23,2023-05-23,Customer Service,External,Incomplete,0,4,688.55,68,60+,0,0
2486,03-May-20,2020-05-03,6,5-9 yrs,IT Manager - DB,TNS,Active,Part-Time,ZONE A,Temporary,It/is,General - Con,24-08-1985,1985-08-24,MA,Male,Black,Married,Fully meets,5,31-12-2022,1,Low,1,5,11-May-23,2023-05-11,Technical Skills,Internal,Passed,1,4,703.29,35,30-39,0,0
2487,20-Jul-19,2019-07-20,6,5-9 yrs,IT Manager - DB,PYZ,Active,Part-Time,ZONE A,Temporary,It/is,Splicing,09-12-1978,1978-12-09,MA,Male,White,Single,Fully meets,4,06-05-2023,1,Low,1,4,26-Nov-22,2022-11-26,Technical Skills,Internal,Failed,0,4,102.96,41,40-49,0,0
2488,26-May-22,2022-05-26,4,2-4 yrs,IT Director,PL,Active,Contract,ZONE A,Full-Time,It/is,Field Operations,31-01-1989,1989-01-31,MA,Male,Other,Married,Fully meets,1,10-01-2023,2,Low,4,5,03-Dec-22,2022-12-03,Customer Service,External,Completed,1,5,278.96,33,30-39,0,0
2489,24-Jul-21,2021-07-24,4,2-4 yrs,Director of Sales,NEL,Active,Contract,ZONE A,Part-Time,It/is,Field Operations,23-07-1954,1954-07-23,MA,Male,Hispanic,Single,Fully meets,5,22-09-2022,1,Low,3,2,30-Mar-23,2023-03-30,Communication Skills,Internal,Incomplete,0,4,168.1,67,60+,0,0
2490,27-Sep-21,2021-09-27,4,2-4 yrs,Director of Operations,MSC,Active,Contract,ZONE A,Part-Time,It/is,General - Con,21-07-1954,1954-07-21,MA,Male,Other,Widowed,Fully meets,4,25-01-2023,2,Low,2,4,04-Jun-23,2023-06-04,Leadership Development,Internal,Incomplete,0,1,886.63,67,60+,0,0
2492,20-Jul-19,2019-07-20,6,5-9 yrs,Software Engineer,CCDR,Active,Full-Time,ZONE C,Temporary,Software engineering,General - Con,04-12-1957,1957-12-04,MA,Male,White,Married,Fully meets,2,02-01-2023,3,Medium,2,5,14-Nov-22,2022-11-14,Leadership Development,External,Completed,1,4,765.32,62,60+,0,0
2493,03-Dec-22,2022-12-03,3,2-4 yrs,Software Engineer,SVG,Active,Contract,ZONE C,Full-Time,Software engineering,Field Operations,16-05-1981,1981-05-16,MA,Male,Black,Divorced,Fully meets,4,23-01-2023,1,Low,3,1,07-Jan-23,2023-01-07,Communication Skills,Internal,Completed,1,2,443.46,41,40-49,0,0
2494,04-Apr-20,2020-04-04,6,5-9 yrs,IT Manager - DB,MSC,Active,Contract,ZONE A,Temporary,It/is,Field Operations,04-08-1978,1978-08-04,MA,Male,Asian,Married,Fully meets,4,06-11-2022,1,Low,1,1,06-Nov-22,2022-11-06,Customer Service,Internal,Incomplete,0,2,203.97,42,40-49,0,0
2495,08-Mar-20,2020-03-08,6,5-9 yrs,IT Director,NEL,Active,Contract,ZONE B,Part-Time,It/is,Fielders,26-01-1970,1970-01-26,MA,Male,Black,Married,Fully meets,1,10-01-2023,5,High,1,2,27-Aug-22,2022-08-27,Project Management,Internal,Incomplete,0,3,180.44,50,50-59,0,0
2496,28-Sep-20,2020-09-28,5,5-9 yrs,Director of Sales,PL,Active,Part-Time,ZONE B,Temporary,It/is,Underground,18-03-1961,1961-03-18,MA,Male,Other,Single,Fully meets,2,15-12-2022,2,Low,3,3,12-Feb-23,2023-02-12,Technical Skills,Internal,Passed,1,3,647.25,59,50-59,0,0
2497,14-Jul-21,2021-07-14,4,2-4 yrs,Director of Operations,PYZ,Active,Full-Time,ZONE C,Temporary,It/is,Field Operations,05-09-1955,1955-09-05,MA,Male,White,Single,Fully meets,4,27-10-2022,5,High,2,5,07-Sep-22,2022-09-07,Customer Service,Internal,Passed,1,4,833.99,66,60+,0,0
2498,17-Oct-19,2019-10-17,6,5-9 yrs,BI Developer,PYZ,Terminated,Full-Time,ZONE A,Temporary,It/is,Field Operations,08-09-1999,1999-09-08,MA,Female,Asian,Divorced,Fully meets,4,05-07-2023,5,High,3,5,30-Nov-22,2022-11-30,Project Management,Internal,Incomplete,0,4,825.58,20,Under 30,0,0
2499,08-Apr-23,2023-04-08,3,2-4 yrs,Software Engineer,PL,Active,Contract,ZONE B,Full-Time,Software engineering,Project Management - Con,04-09-1989,1989-09-04,MA,Male,Asian,Married,Fully meets,4,01-05-2023,5,High,5,3,12-Oct-22,2022-10-12,Project Management,Internal,Failed,0,2,190.49,34,30-39,0,1
2502,27-Jan-19,2019-01-27,7,5-9 yrs,Software Engineer,SVG,Active,Part-Time,ZONE C,Temporary,Software engineering,Wireline Construction,06-06-1999,1999-06-06,MA,Male,White,Divorced,Fully meets,2,21-07-2023,3,Medium,3,5,08-Aug-22,2022-08-08,Technical Skills,Internal,Passed,1,3,971.57,20,Under 30,0,0
2504,12-Jan-23,2023-01-12,3,2-4 yrs,IT Director,BPC,Active,Full-Time,ZONE A,Part-Time,It/is,Engineers,16-02-1976,1976-02-16,MA,Male,Black,Single,Fully meets,4,22-10-2022,1,Low,5,3,02-Sep-22,2022-09-02,Communication Skills,Internal,Failed,0,5,108.02,47,40-49,0,1
2505,02-Jul-19,2019-07-02,6,5-9 yrs,Director of Sales,CCDR,Active,Contract,ZONE B,Temporary,It/is,Splicing,01-05-1988,1988-05-01,MA,Male,Asian,Single,Fully meets,1,30-10-2022,3,Medium,2,3,23-Nov-22,2022-11-23,Communication Skills,External,Completed,1,5,508.85,31,30-39,0,0
2507,05-Jan-23,2023-01-05,3,2-4 yrs,BI Developer,CCDR,Terminated,Part-Time,ZONE B,Temporary,It/is,Aerial,06-09-1985,1985-09-06,MA,Female,White,Single,Fully meets,5,31-07-2023,2,Low,3,4,06-Dec-22,2022-12-06,Technical Skills,External,Incomplete,0,2,680.09,38,30-39,0,1
2508,18-Nov-18,2018-11-18,7,5-9 yrs,BI Developer,SVG,Active,Full-Time,ZONE A,Part-Time,It/is,Field Operations,20-06-1972,1972-06-20,MA,Male,Other,Single,Fully meets,5,01-07-2023,1,Low,4,1,25-Apr-23,2023-04-25,Technical Skills,External,Completed,1,3,133.88,46,40-49,0,0
2509,21-Sep-20,2020-09-21,5,5-9 yrs,Software Engineer,EW,Active,Part-Time,ZONE C,Full-Time,Software engineering,Billable Consultants,19-03-1998,1998-03-19,MA,Female,Hispanic,Married,Fully meets,2,10-03-2023,1,Low,2,3,08-Feb-23,2023-02-08,Communication Skills,Internal,Completed,1,1,433.69,22,Under 30,0,0
2510,25-Nov-19,2019-11-25,6,5-9 yrs,Software Engineer,MSC,Active,Contract,ZONE C,Temporary,Software engineering,Aerial,24-03-1988,1988-03-24,MA,Male,Asian,Single,Fully meets,1,10-09-2022,2,Low,2,2,22-Aug-22,2022-08-22,Customer Service,Internal,Completed,1,2,580.84,31,30-39,0,0
2512,16-Apr-23,2023-04-16,3,2-4 yrs,Software Engineer,PL,Active,Part-Time,ZONE B,Temporary,Software engineering,Field Operations,06-03-1967,1967-03-06,MA,Male,Hispanic,Widowed,Fully meets,4,02-09-2022,1,Low,4,2,19-Feb-23,2023-02-19,Communication Skills,External,Failed,0,5,802.2,56,50-59,0,1
2514,14-Jan-22,2022-01-14,4,2-4 yrs,IT Director,PL,Active,Part-Time,ZONE A,Full-Time,It/is,Engineers,09-09-1957,1957-09-09,MA,Male,White,Single,Fully meets,1,10-06-2023,5,High,2,2,14-Jun-23,2023-06-14,Technical Skills,Internal,Incomplete,0,3,538.16,65,60+,0,0
2515,11-Sep-18,2018-09-11,7,5-9 yrs,Director of Sales,NEL,Active,Contract,ZONE A,Full-Time,It/is,General - Sga,10-06-1996,1996-06-10,MA,Male,Hispanic,Single,Fully meets,4,28-03-2023,1,Low,1,1,19-Jul-23,2023-07-19,Technical Skills,Internal,Passed,1,1,190.1,22,Under 30,0,0
2516,18-Feb-22,2022-02-18,4,2-4 yrs,Director of Operations,MSC,Active,Full-Time,ZONE C,Temporary,It/is,Field Operations,25-07-1989,1989-07-25,MA,Male,Hispanic,Widowed,Fully meets,5,15-05-2023,5,High,1,5,31-Jan-23,2023-01-31,Customer Service,Internal,Completed,1,1,397.27,33,30-39,0,0
2517,01-Dec-19,2019-12-01,6,5-9 yrs,BI Developer,CCDR,Active,Full-Time,ZONE A,Full-Time,It/is,Aerial,10-02-1963,1963-02-10,MA,Male,Asian,Single,Fully meets,2,05-07-2023,5,High,5,1,01-Apr-23,2023-04-01,Technical Skills,Internal,Incomplete,0,5,826.65,56,50-59,0,0
2518,28-Feb-21,2021-02-28,5,5-9 yrs,BI Developer,SVG,Active,Full-Time,ZONE A,Full-Time,It/is,Wireline Construction,26-12-1963,1963-12-26,MA,Male,White,Widowed,Fully meets,4,28-12-2022,4,High,2,1,29-Oct-22,2022-10-29,Customer Service,Internal,Completed,1,4,732.18,58,50-59,0,0
2519,13-Nov-21,2021-11-13,4,2-4 yrs,Software Engineer,NEL,Active,Part-Time,ZONE A,Part-Time,Software engineering,Splicing,14-05-1963,1963-05-14,MA,Female,White,Married,Fully meets,4,03-09-2022,3,Medium,5,5,08-Feb-23,2023-02-08,Technical Skills,External,Failed,0,2,564.38,58,50-59,0,0
2521,03-Sep-22,2022-09-03,3,2-4 yrs,Software Engineer,BPC,Active,Contract,ZONE C,Temporary,Software engineering,Engineers,24-08-1954,1954-08-24,MA,Male,White,Divorced,Fully meets,1,07-06-2023,4,High,4,4,18-Nov-22,2022-11-18,Project Management,Internal,Completed,1,1,599.41,68,60+,0,0
2523,06-Nov-21,2021-11-06,4,2-4 yrs,IT Director,BPC,Active,Full-Time,ZONE A,Temporary,It/is,General - Con,08-09-1970,1970-09-08,MA,Male,Hispanic,Single,Fully meets,5,17-02-2023,1,Low,1,3,28-Jun-23,2023-06-28,Customer Service,External,Incomplete,0,4,391.4,51,50-59,0,0
2524,24-Jun-23,2023-06-24,2,2-4 yrs,Director of Sales,CCDR,Active,Contract,ZONE A,Part-Time,It/is,Finance & Accounting,17-03-1969,1969-03-17,MA,Male,Black,Married,Fully meets,1,10-07-2023,3,Medium,3,4,15-Oct-22,2022-10-15,Leadership Development,Internal,Incomplete,0,1,569.5,54,50-59,0,1
2525,15-Sep-21,2021-09-15,4,2-4 yrs,Director of Operations,SVG,Active,Full-Time,ZONE B,Full-Time,Sales,General - Con,07-02-1952,1952-02-07,MA,Male,Other,Married,Fully meets,2,23-07-2023,2,Low,5,1,24-Apr-23,2023-04-24,Leadership Development,External,Incomplete,0,3,450.81,69,60+,0,0
2526,14-Oct-22,2022-10-14,3,2-4 yrs,BI Developer,NEL,Active,Contract,ZONE C,Part-Time,It/is,Engineers,28-03-1964,1964-03-28,MA,Female,Other,Single,Fully meets,1,22-10-2022,1,Low,1,1,23-Jun-23,2023-06-23,Technical Skills,Internal,Passed,1,2,265.46,58,50-59,0,0
2527,22-Jul-19,2019-07-22,6,5-9 yrs,BI Developer,PL,Active,Full-Time,ZONE A,Temporary,It/is,Engineers,14-06-1991,1991-06-14,MA,Male,Asian,Married,Fully meets,2,28-10-2022,3,Medium,4,5,24-Nov-22,2022-11-24,Technical Skills,Internal,Passed,1,2,462.98,28,Under 30,0,0
2528,20-Mar-23,2023-03-20,3,2-4 yrs,BI Developer,PYZ,Active,Part-Time,ZONE C,Part-Time,It/is,Project Management - Con,09-06-1985,1985-06-09,MA,Male,White,Married,Fully meets,1,10-07-2023,2,Low,4,2,25-Jul-23,2023-07-25,Communication Skills,Internal,Passed,1,3,760.34,38,30-39,0,0
2529,02-May-22,2022-05-02,4,2-4 yrs,Software Engineer,NEL,Active,Full-Time,ZONE B,Part-Time,Software engineering,Underground,17-05-1953,1953-05-17,MA,Female,Other,Single,Fully meets,2,08-12-2022,4,High,5,1,16-Oct-22,2022-10-16,Communication Skills,External,Failed,0,1,383.84,69,60+,0,0
2530,20-Oct-22,2022-10-20,3,2-4 yrs,Software Engineer,PL,Active,Part-Time,ZONE C,Temporary,Software engineering,Yard (Material Handling),11-04-1980,1980-04-11,MA,Male,White,Divorced,Fully meets,2,18-07-2023,4,High,1,1,11-Dec-22,2022-12-11,Technical Skills,External,Failed,0,4,723.57,42,40-49,0,0
2532,18-Jul-20,2020-07-18,5,5-9 yrs,IT Manager - DB,NEL,Active,Contract,ZONE A,Part-Time,It/is,General - Con,04-09-1972,1972-09-04,MA,Male,Other,Widowed,Fully meets,4,26-03-2023,1,Low,1,4,18-May-23,2023-05-18,Leadership Development,Internal,Incomplete,0,2,119.48,48,40-49,0,0
2533,05-May-21,2021-05-05,5,5-9 yrs,IT Manager - DB,PL,Active,Full-Time,ZONE A,Temporary,It/is,Field Operations,13-06-1966,1966-06-13,MA,Male,White,Divorced,Fully meets,1,20-08-2022,1,Low,1,3,22-Jul-23,2023-07-22,Communication Skills,External,Completed,1,1,226.93,55,50-59,0,0
2534,15-Apr-19,2019-04-15,7,5-9 yrs,IT Director,BPC,Active,Part-Time,ZONE B,Temporary,It/is,Project Management - Con,05-07-1960,1960-07-05,MA,Male,Other,Divorced,Fully meets,1,15-10-2022,2,Low,2,5,22-Aug-22,2022-08-22,Leadership Development,Internal,Passed,1,3,739.85,59,50-59,0,0
2535,24-Aug-20,2020-08-24,5,5-9 yrs,Director of Sales,CCDR,Active,Contract,ZONE B,Part-Time,Sales,Field Operations,22-09-1978,1978-09-22,MA,Male,Other,Single,Fully meets,2,06-08-2022,2,Low,5,2,02-Oct-22,2022-10-02,Project Management,Internal,Incomplete,0,2,369.68,42,40-49,0,0
2538,14-Sep-19,2019-09-14,6,5-9 yrs,BI Developer,BPC,Active,Full-Time,ZONE C,Part-Time,It/is,Wireline Construction,19-02-1986,1986-02-19,MA,Female,Hispanic,Single,Fully meets,5,02-10-2022,5,High,4,5,06-Apr-23,2023-04-06,Leadership Development,External,Passed,1,3,418.25,33,30-39,0,0
2539,19-Mar-19,2019-03-19,7,5-9 yrs,BI Developer,CCDR,Active,Part-Time,ZONE B,Temporary,It/is,Wireline Construction,04-10-1953,1953-10-04,MA,Male,Black,Married,Fully meets,2,08-12-2022,4,High,2,3,10-Nov-22,2022-11-10,Communication Skills,Internal,Passed,1,4,703.84,66,60+,0,0
2540,18-Oct-22,2022-10-18,3,2-4 yrs,Software Engineering Manager,CCDR,Active,Contract,ZONE B,Part-Time,Software engineering,Finance & Accounting,26-08-1994,1994-08-26,MA,Female,Black,Divorced,Fully meets,4,16-04-2023,3,Medium,4,4,12-Oct-22,2022-10-12,Project Management,Internal,Failed,0,2,602.26,28,Under 30,0,1
2541,31-Jul-22,2022-07-31,3,2-4 yrs,Software Engineer,EW,Active,Full-Time,ZONE B,Temporary,Software engineering,Engineers,09-01-1973,1973-01-09,MA,Female,Other,Married,Fully meets,1,22-07-2023,3,Medium,4,3,11-Aug-22,2022-08-11,Communication Skills,Internal,Passed,1,2,517.83,49,40-49,0,0
2542,06-Mar-23,2023-03-06,3,2-4 yrs,Software Engineer,MSC,Active,Part-Time,ZONE A,Part-Time,Software engineering,Engineers,01-09-1959,1959-09-01,MA,Male,Black,Single,Fully meets,4,21-09-2022,2,Low,1,3,21-Aug-22,2022-08-21,Communication Skills,External,Completed,1,5,605.99,64,60+,0,1
2543,30-Jan-19,2019-01-30,7,5-9 yrs,Software Engineer,NEL,Terminated,Full-Time,ZONE A,Full-Time,Software engineering,General - Con,25-12-1991,1991-12-25,MA,Male,White,Divorced,Fully meets,2,06-07-2023,3,Medium,4,3,04-Sep-22,2022-09-04,Communication Skills,Internal,Passed,1,1,100.45,28,Under 30,0,0
2545,22-Dec-18,2018-12-22,7,5-9 yrs,IT Manager - DB,PYZ,Active,Contract,ZONE B,Full-Time,It/is,Project Management - Con,08-10-1951,1951-10-08,MA,Male,Hispanic,Widowed,Fully meets,4,12-02-2023,3,Medium,2,3,27-Jun-23,2023-06-27,Leadership Development,Internal,Completed,1,1,352.45,67,60+,0,0
2546,08-Nov-22,2022-11-08,3,2-4 yrs,IT Director,PL,Active,Part-Time,ZONE A,Part-Time,It/is,Finance & Accounting,14-02-1990,1990-02-14,MA,Male,Other,Married,Fully meets,4,06-11-2022,4,High,4,5,22-May-23,2023-05-22,Customer Service,Internal,Completed,1,3,463.57,32,30-39,0,0
2547,03-Jul-21,2021-07-03,4,2-4 yrs,Director of Sales,NEL,Active,Full-Time,ZONE A,Temporary,Sales,General - Con,15-07-1970,1970-07-15,MA,Male,Hispanic,Widowed,Fully meets,4,26-05-2023,2,Low,5,1,07-Sep-22,2022-09-07,Leadership Development,Internal,Completed,1,4,372.08,51,50-59,0,0
2548,14-Nov-18,2018-11-14,7,5-9 yrs,BI Developer,PYZ,Active,Contract,ZONE A,Temporary,It/is,General - Sga,16-02-1954,1954-02-16,MA,Female,Other,Divorced,Fully meets,1,07-08-2022,2,Low,5,3,14-Jan-23,2023-01-14,Project Management,External,Failed,0,3,670.58,64,60+,0,0
2549,18-Sep-21,2021-09-18,4,2-4 yrs,BI Developer,PL,Active,Contract,ZONE A,Part-Time,It/is,Field Operations,04-07-1963,1963-07-04,MA,Female,White,Divorced,Fully meets,5,18-01-2023,4,High,3,5,18-Dec-22,2022-12-18,Project Management,Internal,Passed,1,2,399.97,58,50-59,0,0
2550,19-Nov-20,2020-11-19,5,5-9 yrs,Software Engineering Manager,WBL,Active,Contract,ZONE A,Part-Time,Software engineering,General - Con,25-04-1952,1952-04-25,MA,Female,White,Widowed,Fully meets,5,01-01-2023,3,Medium,1,1,09-Oct-22,2022-10-09,Project Management,Internal,Incomplete,0,5,997.89,68,60+,0,0
2551,04-May-23,2023-05-04,3,2-4 yrs,Software Engineer,NEL,Active,Full-Time,ZONE B,Temporary,Software engineering,General - Con,12-05-1988,1988-05-12,MA,Female,Other,Widowed,Fully meets,1,03-09-2022,4,High,2,2,02-Aug-23,2023-08-02,Communication Skills,Internal,Completed,1,2,985.0,35,30-39,0,0
2552,21-Jan-23,2023-01-21,3,2-4 yrs,Software Engineer,PL,Active,Full-Time,ZONE B,Temporary,Software engineering,Project Management - Con,03-11-1954,1954-11-03,MA,Male,White,Single,Fully meets,5,19-10-2022,3,Medium,2,3,21-Sep-22,2022-09-21,Customer Service,Internal,Completed,1,5,573.47,69,60+,0,1
2553,19-Aug-22,2022-08-19,3,2-4 yrs,IT Manager - DB,NEL,Active,Contract,ZONE B,Part-Time,It/is,Aerial,09-10-1973,1973-10-09,MA,Male,Other,Divorced,Fully meets,2,16-10-2022,2,Low,2,2,03-Oct-22,2022-10-03,Project Management,External,Failed,0,2,414.08,49,40-49,0,0
2554,18-Jul-22,2022-07-18,3,2-4 yrs,IT Manager - DB,PL,Active,Part-Time,ZONE A,Full-Time,It/is,General - Eng,03-10-1991,1991-10-03,MA,Male,Hispanic,Widowed,Fully meets,1,29-12-2022,5,High,1,4,29-Jul-23,2023-07-29,Communication Skills,External,Completed,1,5,889.09,31,30-39,0,0
2555,14-Aug-19,2019-08-14,6,5-9 yrs,IT Director,BPC,Active,Full-Time,ZONE A,Temporary,It/is,Wireless,26-10-1956,1956-10-26,MA,Male,Other,Widowed,Fully meets,2,14-05-2023,5,High,1,4,18-Jan-23,2023-01-18,Technical Skills,Internal,Passed,1,3,650.08,63,60+,0,0
2556,10-Dec-20,2020-12-10,5,5-9 yrs,Director of Sales,CCDR,Active,Part-Time,ZONE A,Full-Time,Sales,Project Management - Eng,25-04-1996,1996-04-25,MA,Male,White,Married,Fully meets,2,01-02-2023,4,High,1,3,19-Aug-22,2022-08-19,Customer Service,Internal,Passed,1,5,283.57,24,Under 30,0,0
2557,20-Sep-19,2019-09-20,6,5-9 yrs,BI Developer,MSC,Active,Full-Time,ZONE B,Temporary,It/is,Engineers,17-06-1964,1964-06-17,MA,Female,Black,Married,Fully meets,2,04-09-2022,1,Low,3,1,20-Aug-22,2022-08-20,Technical Skills,Internal,Completed,1,1,908.5,55,50-59,0,0
2558,19-Nov-21,2021-11-19,4,2-4 yrs,Software Engineering Manager,WBL,Active,Full-Time,ZONE B,Full-Time,Software engineering,Field Operations,25-11-1965,1965-11-25,MA,Female,Asian,Widowed,Fully meets,4,15-12-2022,2,Low,4,5,07-Nov-22,2022-11-07,Technical Skills,Internal,Failed,0,2,900.85,56,50-59,0,0
2559,29-Apr-22,2022-04-29,4,2-4 yrs,Software Engineer,NEL,Active,Part-Time,ZONE B,Full-Time,Software engineering,Field Operations,23-11-1957,1957-11-23,MA,Male,White,Widowed,Fully meets,1,10-07-2023,3,Medium,5,3,19-Sep-22,2022-09-19,Communication Skills,External,Passed,1,3,449.84,65,60+,0,0
2560,30-Jun-21,2021-06-30,4,2-4 yrs,IT Manager - Infra,WBL,Active,Part-Time,ZONE A,Part-Time,It/is,Field Operations,05-01-1977,1977-01-05,MA,Male,Black,Widowed,Fully meets,4,19-10-2022,5,High,1,5,03-Aug-23,2023-08-03,Communication Skills,External,Failed,0,5,981.9,44,40-49,0,0
2561,15-Jul-21,2021-07-15,4,2-4 yrs,IT Manager - DB,NEL,Active,Contract,ZONE B,Temporary,It/is,General - Con,11-06-1956,1956-06-11,MA,Male,Hispanic,Married,Fully meets,2,15-04-2023,3,Medium,5,4,19-Dec-22,2022-12-19,Technical Skills,External,Failed,0,4,289.37,65,60+,0,0
2562,12-Apr-21,2021-04-12,5,5-9 yrs,IT Manager - DB,PL,Active,Contract,ZONE B,Full-Time,It/is,Field Operations,18-11-1967,1967-11-18,MA,Male,Other,Married,Fully meets,4,17-04-2023,1,Low,4,3,09-Jul-23,2023-07-09,Customer Service,Internal,Failed,0,1,657.23,54,50-59,0,0
2563,08-Dec-20,2020-12-08,5,5-9 yrs,IT Director,BPC,Active,Contract,ZONE B,Temporary,It/is,Fielders,17-11-1953,1953-11-17,MA,Male,Other,Widowed,Fully meets,2,24-09-2022,2,Low,2,4,03-Aug-23,2023-08-03,Customer Service,External,Passed,1,5,416.37,67,60+,0,0
2564,31-Oct-19,2019-10-31,6,5-9 yrs,Director of Sales,CCDR,Active,Contract,ZONE B,Full-Time,Sales,General - Con,11-07-1995,1995-07-11,MA,Male,Hispanic,Married,Fully meets,1,11-12-2022,1,Low,4,4,18-Jul-23,2023-07-18,Leadership Development,Internal,Completed,1,4,624.9,24,Under 30,0,0
2565,22-Jan-20,2020-01-22,6,5-9 yrs,BI Developer,PL,Active,Contract,ZONE C,Temporary,It/is,Field Operations,14-11-1985,1985-11-14,MA,Female,White,Married,Fully meets,2,17-08-2022,2,Low,5,4,11-Sep-22,2022-09-11,Communication Skills,Internal,Passed,1,2,559.06,35,30-39,0,0
2566,20-Sep-22,2022-09-20,3,2-4 yrs,Software Engineering Manager,CCDR,Active,Full-Time,ZONE B,Full-Time,Software engineering,General - Con,30-09-1966,1966-09-30,MA,Male,Other,Married,Fully meets,2,19-05-2023,3,Medium,2,2,29-Jul-23,2023-07-29,Project Management,External,Incomplete,0,5,327.37,56,50-59,0,0
2567,22-Dec-22,2022-12-22,3,2-4 yrs,IT Manager - Infra,CCDR,Active,Full-Time,ZONE B,Part-Time,It/is,Field Operations,15-10-1959,1959-10-15,MA,Male,Black,Widowed,Fully meets,5,17-08-2022,4,High,3,5,24-Oct-22,2022-10-24,Communication Skills,Internal,Failed,0,2,660.4,63,60+,0,1
2568,12-Mar-19,2019-03-12,7,5-9 yrs,IT Manager - DB,EW,Active,Full-Time,ZONE C,Full-Time,It/is,Aerial,27-04-1990,1990-04-27,MA,Male,Asian,Widowed,Fully meets,4,22-06-2023,3,Medium,5,2,15-Dec-22,2022-12-15,Leadership Development,External,Passed,1,5,477.46,29,Under 30,0,0
2569,07-Oct-21,2021-10-07,4,2-4 yrs,IT Manager - DB,MSC,Active,Full-Time,ZONE C,Temporary,It/is,General - Con,28-03-1995,1995-03-28,MA,Male,Black,Single,Fully meets,2,28-05-2023,3,Medium,4,3,15-Jan-23,2023-01-15,Project Management,Internal,Completed,1,2,694.21,26,Under 30,0,0
2570,16-Jun-19,2019-06-16,6,5-9 yrs,IT Director,NEL,Active,Contract,ZONE A,Full-Time,It/is,Field Operations,18-11-1991,1991-11-18,MA,Male,Black,Single,Fully meets,4,15-04-2023,3,Medium,3,1,23-May-23,2023-05-23,Customer Service,Internal,Incomplete,0,2,737.84,28,Under 30,0,0
2571,17-Mar-21,2021-03-17,5,5-9 yrs,BI Director,SVG,Active,Part-Time,ZONE A,Full-Time,It/is,Field Operations,11-02-1989,1989-02-11,MA,Female,Asian,Divorced,Fully meets,2,19-06-2023,3,Medium,3,5,15-Aug-22,2022-08-15,Technical Skills,Internal,Failed,0,2,919.95,32,30-39,0,0
2572,07-Aug-22,2022-08-07,3,2-4 yrs,BI Developer,PYZ,Active,Contract,ZONE A,Temporary,It/is,Engineers,20-05-1994,1994-05-20,MA,Male,Asian,Widowed,Fully meets,4,19-10-2022,1,Low,1,2,02-Sep-22,2022-09-02,Technical Skills,Internal,Completed,1,5,797.82,28,Under 30,0,0
2573,17-Jan-20,2020-01-17,6,5-9 yrs,Area Sales Manager,NEL,Terminated,Contract,ZONE A,Temporary,Sales,Field Operations,02-01-1987,1987-01-02,VA,Female,Black,Divorced,Fully meets,4,24-04-2023,1,Low,4,3,27-Sep-22,2022-09-27,Customer Service,Internal,Passed,1,2,806.47,33,30-39,0,0
2574,11-Jun-22,2022-06-11,3,2-4 yrs,Area Sales Manager,EW,Active,Full-Time,ZONE C,Full-Time,Sales,Billable Consultants,18-11-1971,1971-11-18,UT,Male,Hispanic,Widowed,Fully meets,2,20-03-2023,3,Medium,1,4,18-Jul-23,2023-07-18,Technical Skills,External,Failed,0,1,376.59,51,50-59,0,0
2576,16-Apr-20,2020-04-16,6,5-9 yrs,Area Sales Manager,CCDR,Active,Contract,ZONE B,Part-Time,Sales,General - Sga,27-12-1969,1969-12-27,MT,Female,Asian,Widowed,Fully meets,1,19-11-2022,2,Low,4,1,23-Feb-23,2023-02-23,Leadership Development,External,Incomplete,0,2,608.82,51,50-59,0,0
2577,22-Sep-22,2022-09-22,3,2-4 yrs,Area Sales Manager,PYZ,Active,Full-Time,ZONE A,Temporary,Sales,Wireline Construction,28-07-1963,1963-07-28,WA,Female,Other,Married,Fully meets,2,18-09-2022,5,High,2,4,04-Jul-23,2023-07-04,Communication Skills,Internal,Failed,0,5,928.48,59,50-59,0,0
2578,30-May-23,2023-05-30,3,2-4 yrs,Area Sales Manager,MSC,Active,Part-Time,ZONE A,Full-Time,Sales,Shop (Fleet),28-01-1996,1996-01-28,VT,Female,Black,Single,Fully meets,5,17-06-2023,4,High,5,3,10-Oct-22,2022-10-10,Customer Service,External,Incomplete,0,1,812.01,27,Under 30,0,1
2579,14-Jan-21,2021-01-14,5,5-9 yrs,Area Sales Manager,MSC,Active,Full-Time,ZONE C,Full-Time,Sales,General - Eng,29-06-1977,1977-06-29,AZ,Female,White,Married,Fully meets,2,05-08-2023,3,Medium,4,4,02-Oct-22,2022-10-02,Project Management,External,Incomplete,0,4,941.61,44,40-49,0,0
2580,29-Apr-20,2020-04-29,6,5-9 yrs,Area Sales Manager,BPC,Active,Full-Time,ZONE A,Part-Time,Sales,Finance & Accounting,07-04-1954,1954-04-07,NH,Male,White,Single,Fully meets,2,28-10-2022,1,Low,2,4,07-Mar-23,2023-03-07,Communication Skills,Internal,Incomplete,0,1,227.13,66,60+,0,0
2581,07-Jul-21,2021-07-07,4,2-4 yrs,Area Sales Manager,MSC,Active,Full-Time,ZONE A,Full-Time,Sales,Field Operations,12-11-1970,1970-11-12,AL,Male,Other,Divorced,Fully meets,1,20-02-2023,2,Low,3,4,13-May-23,2023-05-13,Project Management,External,Passed,1,1,257.4,51,50-59,0,0
2582,28-Jul-20,2020-07-28,5,5-9 yrs,Area Sales Manager,MSC,Active,Part-Time,ZONE C,Temporary,Sales,Wireline Construction,31-08-1992,1992-08-31,OH,Female,Hispanic,Single,Fully meets,1,20-09-2022,3,Medium,2,5,17-Mar-23,2023-03-17,Leadership Development,Internal,Incomplete,0,2,360.65,28,Under 30,0,0
2583,16-Sep-20,2020-09-16,5,5-9 yrs,Area Sales Manager,PYZ,Active,Contract,ZONE B,Temporary,Sales,Engineers,29-02-1996,1996-02-29,NY,Male,Black,Married,Fully meets,5,20-05-2023,5,High,5,3,25-May-23,2023-05-25,Customer Service,External,Completed,1,5,892.97,24,Under 30,0,0
2584,23-Apr-23,2023-04-23,3,2-4 yrs,Area Sales Manager,TNS,Active,Part-Time,ZONE C,Part-Time,Sales,Engineers,27-09-1956,1956-09-27,ME,Male,White,Single,Fully meets,4,20-07-2023,4,High,4,5,16-Mar-23,2023-03-16,Technical Skills,Internal,Incomplete,0,4,746.93,67,60+,0,1
2585,04-Jun-21,2021-06-04,4,2-4 yrs,Area Sales Manager,PYZ,Active,Contract,ZONE A,Temporary,Sales,General - Con,21-05-2001,2001-05-21,TN,Male,Asian,Divorced,Fully meets,2,03-05-2023,5,High,1,4,18-Feb-23,2023-02-18,Customer Service,External,Incomplete,0,1,909.6,20,Under 30,0,0
2586,15-Apr-20,2020-04-15,6,5-9 yrs,Area Sales Manager,CCDR,Active,Full-Time,ZONE B,Temporary,Sales,Field Operations,25-04-1980,1980-04-25,NC,Male,Asian,Divorced,Fully meets,4,04-11-2022,2,Low,4,2,05-Aug-22,2022-08-05,Customer Service,Internal,Completed,1,5,222.04,40,40-49,0,0
2587,04-Sep-19,2019-09-04,6,5-9 yrs,Area Sales Manager,NEL,Active,Full-Time,ZONE A,Part-Time,Sales,Field Operations,31-07-2000,2000-07-31,MA,Male,Other,Widowed,Fully meets,5,24-11-2022,4,High,4,4,27-Jan-23,2023-01-27,Project Management,Internal,Failed,0,3,583.69,19,Under 30,0,0
2588,18-Aug-20,2020-08-18,5,5-9 yrs,Area Sales Manager,PL,Active,Full-Time,ZONE C,Full-Time,Sales,Field Operations,24-07-1988,1988-07-24,MA,Male,Other,Single,Fully meets,5,12-12-2022,5,High,1,5,09-Jul-23,2023-07-09,Communication Skills,Internal,Passed,1,3,856.44,32,30-39,0,0
2590,13-Jan-23,2023-01-13,3,2-4 yrs,Area Sales Manager,CCDR,Active,Part-Time,ZONE A,Full-Time,Sales,Engineers,07-02-1998,1998-02-07,AZ,Male,Asian,Married,Fully meets,5,28-08-2022,1,Low,1,4,14-Jun-23,2023-06-14,Leadership Development,External,Incomplete,0,3,606.76,25,Under 30,0,0
2591,17-Sep-19,2019-09-17,6,5-9 yrs,Area Sales Manager,SVG,Active,Full-Time,ZONE B,Full-Time,Sales,General - Con,08-08-1993,1993-08-08,AZ,Male,Asian,Single,Fully meets,4,28-07-2023,4,High,5,5,06-Oct-22,2022-10-06,Customer Service,Internal,Completed,1,2,745.31,26,Under 30,0,0
2593,01-Dec-18,2018-12-01,7,5-9 yrs,Area Sales Manager,MSC,Active,Contract,ZONE A,Temporary,Sales,General - Con,08-02-1972,1972-02-08,TN,Male,Other,Widowed,Fully meets,1,04-04-2023,3,Medium,1,2,16-Aug-22,2022-08-16,Communication Skills,Internal,Failed,0,3,659.82,46,40-49,0,0
2594,24-Jul-23,2023-07-24,2,2-4 yrs,Area Sales Manager,TNS,Active,Part-Time,ZONE C,Temporary,Sales,Fielders,27-03-1956,1956-03-27,TN,Male,Other,Divorced,Fully meets,1,04-12-2022,1,Low,5,3,01-Dec-22,2022-12-01,Communication Skills,Internal,Failed,0,3,273.94,67,60+,0,1
2595,08-Oct-19,2019-10-08,6,5-9 yrs,Area Sales Manager,PYZ,Active,Part-Time,ZONE A,Full-Time,Sales,Aerial,25-03-1998,1998-03-25,TN,Male,Asian,Divorced,Fully meets,4,18-12-2022,3,Medium,5,4,12-Aug-22,2022-08-12,Customer Service,External,Failed,0,4,920.91,21,Under 30,0,0
2596,16-Oct-21,2021-10-16,4,2-4 yrs,Area Sales Manager,WBL,Active,Contract,ZONE A,Full-Time,Sales,Corp Operations,20-05-1977,1977-05-20,ID,Male,Black,Divorced,Fully meets,2,06-06-2023,4,High,1,2,22-Feb-23,2023-02-22,Communication Skills,External,Incomplete,0,2,114.28,44,40-49,0,0
2598,08-Jan-20,2020-01-08,6,5-9 yrs,Area Sales Manager,PL,Active,Part-Time,ZONE A,Temporary,Sales,General - Con,05-09-1964,1964-09-05,ID,Male,Asian,Divorced,Fully meets,4,21-05-2023,5,High,3,2,14-Dec-22,2022-12-14,Customer Service,External,Completed,1,3,420.06,56,50-59,0,0
2600,18-Sep-18,2018-09-18,7,5-9 yrs,Administrative Assistant,CCDR,Active,Full-Time,ZONE C,Temporary,Sales,Aerial,16-01-1965,1965-01-16,WA,Female,Asian,Widowed,Fully meets,2,28-09-2022,5,High,2,4,14-May-23,2023-05-14,Project Management,Internal,Completed,1,3,637.45,53,50-59,0,0
2601,29-Nov-19,2019-11-29,6,5-9 yrs,Administrative Assistant,SVG,Active,Full-Time,ZONE C,Part-Time,Sales,General - Con,02-03-2001,2001-03-02,WA,Female,Hispanic,Widowed,Fully meets,1,06-10-2022,3,Medium,5,5,29-Jun-23,2023-06-29,Communication Skills,External,Failed,0,5,944.24,18,Under 30,0,0
2602,16-Apr-19,2019-04-16,7,5-9 yrs,Accountant I,EW,Active,Full-Time,ZONE C,Full-Time,Admin offices,Wireline Construction,07-08-1982,1982-08-07,MA,Female,Other,Widowed,Fully meets,2,10-02-2023,5,High,5,2,25-Dec-22,2022-12-25,Leadership Development,Internal,Failed,0,4,364.41,37,30-39,0,0
2603,05-Mar-19,2019-03-05,7,5-9 yrs,Area Sales Manager,NEL,Active,Part-Time,ZONE A,Full-Time,Sales,Splicing,08-06-1999,1999-06-08,MA,Male,Other,Divorced,Fully meets,2,04-12-2022,4,High,1,4,20-Oct-22,2022-10-20,Communication Skills,Internal,Passed,1,5,605.84,20,Under 30,0,0
2604,20-Dec-18,2018-12-20,7,5-9 yrs,Area Sales Manager,PL,Active,Contract,ZONE C,Full-Time,Sales,Aerial,10-03-1987,1987-03-10,MA,Male,Other,Divorced,Fully meets,5,23-01-2023,1,Low,1,2,01-Nov-22,2022-11-01,Leadership Development,Internal,Failed,0,5,990.59,31,30-39,0,0
2605,08-Mar-21,2021-03-08,5,5-9 yrs,Area Sales Manager,BPC,Active,Full-Time,ZONE C,Part-Time,Sales,Wireline Construction,11-08-1968,1968-08-11,AZ,Male,Black,Married,Fully meets,4,25-02-2023,3,Medium,4,3,14-Nov-22,2022-11-14,Project Management,External,Completed,1,4,549.19,53,50-59,0,0
2606,23-Oct-20,2020-10-23,5,5-9 yrs,Area Sales Manager,CCDR,Active,Full-Time,ZONE C,Part-Time,Sales,Project Management - Con,02-08-1951,1951-08-02,AZ,Male,White,Single,Fully meets,2,23-12-2022,1,Low,5,1,15-Nov-22,2022-11-15,Leadership Development,External,Incomplete,0,1,587.34,69,60+,0,0
2607,29-Mar-19,2019-03-29,7,5-9 yrs,Area Sales Manager,SVG,Active,Contract,ZONE B,Part-Time,Sales,Fielders,14-10-1976,1976-10-14,AL,Male,White,Married,Fully meets,2,26-02-2023,3,Medium,1,2,26-Dec-22,2022-12-26,Technical Skills,External,Completed,1,3,918.96,43,40-49,0,0
2608,25-Oct-20,2020-10-25,5,5-9 yrs,Area Sales Manager,EW,Active,Contract,ZONE A,Full-Time,Sales,Field Operations,01-12-1977,1977-12-01,TN,Male,Asian,Married,Fully meets,4,07-08-2022,1,Low,4,5,21-Jan-23,2023-01-21,Project Management,Internal,Incomplete,0,2,525.41,43,40-49,0,0
2609,06-Dec-19,2019-12-06,6,5-9 yrs,Area Sales Manager,MSC,Active,Part-Time,ZONE B,Temporary,Sales,General - Sga,13-08-1971,1971-08-13,TN,Male,Asian,Widowed,Fully meets,2,29-04-2023,3,Medium,3,4,04-Sep-22,2022-09-04,Communication Skills,External,Passed,1,1,484.08,48,40-49,0,0
2611,26-Dec-19,2019-12-26,6,5-9 yrs,Area Sales Manager,PYZ,Active,Part-Time,ZONE A,Temporary,Sales,Wireline Construction,22-09-1956,1956-09-22,TN,Male,Black,Widowed,Fully meets,2,25-06-2023,5,High,3,1,29-Oct-22,2022-10-29,Customer Service,Internal,Failed,0,3,793.77,63,60+,0,0
2612,27-Aug-18,2018-08-27,7,5-9 yrs,Area Sales Manager,WBL,Active,Part-Time,ZONE B,Part-Time,Sales,Field Operations,01-07-1963,1963-07-01,ID,Male,White,Married,Fully meets,4,26-03-2023,2,Low,2,5,23-Apr-23,2023-04-23,Customer Service,Internal,Completed,1,3,301.02,55,50-59,0,0
2614,13-May-21,2021-05-13,5,5-9 yrs,Area Sales Manager,PL,Active,Part-Time,ZONE A,Full-Time,Sales,Field Operations,14-03-1987,1987-03-14,ID,Male,Black,Divorced,Fully meets,5,19-11-2022,5,High,1,1,09-Nov-22,2022-11-09,Project Management,External,Completed,1,2,468.59,34,30-39,0,0
2615,31-Mar-21,2021-03-31,5,5-9 yrs,Administrative Assistant,BPC,Active,Contract,ZONE B,Part-Time,Sales,Finance & Accounting,25-05-1962,1962-05-25,WA,Female,Black,Single,Fully meets,4,05-12-2022,5,High,1,3,10-Mar-23,2023-03-10,Leadership Development,Internal,Completed,1,5,689.87,59,50-59,0,0
2616,14-Aug-19,2019-08-14,6,5-9 yrs,Administrative Assistant,CCDR,Active,Full-Time,ZONE A,Part-Time,Sales,Engineers,18-12-1972,1972-12-18,WA,Female,Black,Married,Fully meets,1,12-09-2022,3,Medium,1,3,16-Apr-23,2023-04-16,Customer Service,External,Failed,0,5,428.33,47,40-49,0,0
2617,02-Aug-20,2020-08-02,5,5-9 yrs,Administrative Assistant,SVG,Active,Full-Time,ZONE C,Full-Time,Sales,Catv,26-04-1995,1995-04-26,WA,Female,Hispanic,Single,Fully meets,4,23-12-2022,4,High,4,2,24-Jul-23,2023-07-24,Project Management,External,Completed,1,2,806.47,25,Under 30,0,0
2618,04-Jun-19,2019-06-04,6,5-9 yrs,Accountant I,EW,Active,Part-Time,ZONE A,Full-Time,Admin offices,Wireline Construction,20-11-1994,1994-11-20,MA,Female,White,Married,Fully meets,4,01-08-2023,5,High,3,3,23-Jan-23,2023-01-23,Communication Skills,Internal,Passed,1,3,399.63,25,Under 30,0,0
2620,04-Mar-21,2021-03-04,5,5-9 yrs,Area Sales Manager,NEL,Active,Full-Time,ZONE B,Full-Time,Sales,General - Con,02-10-1973,1973-10-02,MA,Male,Asian,Married,Fully meets,1,04-02-2023,4,High,3,4,24-Jan-23,2023-01-24,Communication Skills,External,Passed,1,1,485.2,48,40-49,0,0
2622,20-Jul-20,2020-07-20,5,5-9 yrs,Area Sales Manager,BPC,Active,Contract,ZONE B,Full-Time,Sales,Executive,30-09-1991,1991-09-30,AZ,Male,Asian,Widowed,Fully meets,4,06-10-2022,3,Medium,5,1,08-Dec-22,2022-12-08,Leadership Development,External,Passed,1,5,159.37,29,Under 30,0,0
2623,21-May-20,2020-05-21,6,5-9 yrs,Area Sales Manager,CCDR,Active,Contract,ZONE C,Full-Time,Sales,Field Operations,13-07-1953,1953-07-13,AZ,Male,Asian,Divorced,Fully meets,2,10-11-2022,2,Low,5,3,28-Aug-22,2022-08-28,Leadership Development,Internal,Incomplete,0,4,310.28,67,60+,0,0
2624,11-Jun-23,2023-06-11,2,2-4 yrs,Area Sales Manager,SVG,Active,Part-Time,ZONE C,Temporary,Sales,Wireline Construction,22-07-1984,1984-07-22,AL,Male,Other,Single,Fully meets,2,24-01-2023,1,Low,4,3,04-Nov-22,2022-11-04,Customer Service,Internal,Incomplete,0,2,227.91,39,30-39,0,1
2626,02-Mar-20,2020-03-02,6,5-9 yrs,Area Sales Manager,MSC,Active,Full-Time,ZONE C,Temporary,Sales,Project Management - Con,04-09-1976,1976-09-04,TN,Male,Asian,Widowed,Fully meets,4,23-10-2022,1,Low,4,2,05-Jan-23,2023-01-05,Technical Skills,Internal,Incomplete,0,3,197.3,44,40-49,0,0
2627,29-Jan-23,2023-01-29,3,2-4 yrs,Area Sales Manager,TNS,Active,Full-Time,ZONE C,Part-Time,Sales,Wireline Construction,26-05-1990,1990-05-26,TN,Male,Other,Divorced,Fully meets,4,15-08-2022,5,High,3,3,18-Aug-22,2022-08-18,Customer Service,Internal,Completed,1,4,862.64,33,30-39,0,1
2628,07-Dec-21,2021-12-07,4,2-4 yrs,Area Sales Manager,BPC,Active,Part-Time,ZONE A,Temporary,Sales,Sales & Marketing,19-11-1991,1991-11-19,TN,Male,Hispanic,Divorced,Fully meets,2,06-12-2022,5,High,4,2,05-Sep-22,2022-09-05,Technical Skills,Internal,Passed,1,1,896.12,30,30-39,0,0
2629,19-Mar-23,2023-03-19,3,2-4 yrs,Area Sales Manager,CCDR,Active,Contract,ZONE B,Temporary,Sales,Underground,04-02-1975,1975-02-04,ID,Male,White,Single,Fully meets,1,24-10-2022,1,Low,5,4,05-Jan-23,2023-01-05,Communication Skills,External,Completed,1,4,750.65,48,40-49,0,1
2630,10-Jun-22,2022-06-10,3,2-4 yrs,Area Sales Manager,EW,Active,Part-Time,ZONE B,Full-Time,Sales,Field Operations,04-11-1994,1994-11-04,ID,Male,Asian,Widowed,Fully meets,5,04-09-2022,1,Low,5,4,07-Sep-22,2022-09-07,Technical Skills,External,Incomplete,0,4,424.19,28,Under 30,0,0
2631,03-Mar-21,2021-03-03,5,5-9 yrs,Area Sales Manager,MSC,Active,Full-Time,ZONE C,Full-Time,Sales,Catv,09-04-1998,1998-04-09,ID,Female,Black,Widowed,Fully meets,2,08-01-2023,5,High,1,4,11-Oct-22,2022-10-11,Customer Service,External,Incomplete,0,4,775.32,23,Under 30,0,0
2632,06-Mar-22,2022-03-06,4,2-4 yrs,Administrative Assistant,NEL,Active,Contract,ZONE C,Part-Time,Sales,Field Operations,20-10-1975,1975-10-20,WA,Female,Hispanic,Divorced,Fully meets,4,07-07-2023,1,Low,4,2,19-Apr-23,2023-04-19,Customer Service,External,Incomplete,0,2,209.47,47,40-49,0,0
2633,08-Aug-22,2022-08-08,3,2-4 yrs,Administrative Assistant,PL,Active,Part-Time,ZONE C,Full-Time,Sales,Project Management - Con,09-09-1985,1985-09-09,WA,Female,White,Single,Fully meets,5,01-07-2023,5,High,2,3,09-Feb-23,2023-02-09,Project Management,Internal,Completed,1,2,859.39,37,30-39,0,0
2635,01-May-19,2019-05-01,7,5-9 yrs,Accountant I,SVG,Active,Full-Time,ZONE B,Temporary,Admin offices,General - Con,26-07-1957,1957-07-26,MA,Female,Asian,Divorced,Fully meets,1,21-06-2023,3,Medium,1,3,03-Feb-23,2023-02-03,Communication Skills,External,Passed,1,2,136.6,62,60+,0,0
2636,13-Sep-18,2018-09-13,7,5-9 yrs,Area Sales Manager,PYZ,Active,Full-Time,ZONE B,Temporary,Sales,General - Eng,20-11-1970,1970-11-20,MA,Male,Asian,Married,Fully meets,5,20-12-2022,5,High,3,3,14-Jul-23,2023-07-14,Communication Skills,Internal,Passed,1,4,483.54,48,40-49,0,0
2637,16-Nov-22,2022-11-16,3,2-4 yrs,Area Sales Manager,WBL,Active,Contract,ZONE A,Temporary,Sales,Project Management - Con,04-10-1967,1967-10-04,MA,Male,Asian,Divorced,Fully meets,5,27-06-2023,2,Low,2,2,24-Apr-23,2023-04-24,Communication Skills,Internal,Completed,1,1,709.79,55,50-59,0,0
2638,20-Nov-21,2021-11-20,4,2-4 yrs,Area Sales Manager,NEL,Active,Contract,ZONE B,Full-Time,Sales,Catv,10-01-1957,1957-01-10,AZ,Male,Asian,Divorced,Fully meets,2,28-04-2023,1,Low,2,2,28-May-23,2023-05-28,Technical Skills,External,Passed,1,2,152.85,64,60+,0,0
2639,29-Sep-20,2020-09-29,5,5-9 yrs,Area Sales Manager,PL,Active,Part-Time,ZONE C,Temporary,Sales,Project Management - Con,22-09-1975,1975-09-22,AZ,Male,Asian,Married,Fully meets,2,31-01-2023,1,Low,3,3,19-Feb-23,2023-02-19,Project Management,Internal,Completed,1,4,977.29,45,40-49,0,0
2640,28-Aug-21,2021-08-28,4,2-4 yrs,Area Sales Manager,BPC,Active,Contract,ZONE B,Full-Time,Sales,Wireline Construction,06-11-1962,1962-11-06,AZ,Male,Black,Single,Fully meets,4,17-07-2023,1,Low,5,2,20-Feb-23,2023-02-20,Project Management,Internal,Failed,0,4,237.14,59,50-59,0,0
2641,28-Apr-21,2021-04-28,5,5-9 yrs,Area Sales Manager,CCDR,Active,Full-Time,ZONE A,Full-Time,Sales,Aerial,20-07-1975,1975-07-20,AZ,Male,Asian,Married,Fully meets,2,25-11-2022,2,Low,3,5,25-Aug-22,2022-08-25,Technical Skills,Internal,Passed,1,5,637.84,46,40-49,0,0
2643,15-Apr-22,2022-04-15,4,2-4 yrs,Area Sales Manager,EW,Active,Full-Time,ZONE A,Temporary,Sales,Wireline Construction,24-12-1966,1966-12-24,TN,Male,Black,Divorced,Fully meets,5,01-05-2023,4,High,3,5,15-Jun-23,2023-06-15,Project Management,Internal,Failed,0,2,357.94,56,50-59,0,0
2644,19-Jul-20,2020-07-19,5,5-9 yrs,Area Sales Manager,MSC,Active,Full-Time,ZONE C,Part-Time,Sales,Aerial,23-01-1999,1999-01-23,TN,Male,Other,Single,Fully meets,5,22-11-2022,4,High,1,2,01-Apr-23,2023-04-01,Customer Service,Internal,Incomplete,0,1,150.96,21,Under 30,0,0
2646,04-Aug-19,2019-08-04,6,5-9 yrs,Area Sales Manager,PYZ,Active,Contract,ZONE A,Part-Time,Sales,Project Management - Con,17-06-2001,2001-06-17,ID,Male,Black,Widowed,Fully meets,1,14-12-2022,4,High,2,2,15-Jul-23,2023-07-15,Project Management,External,Failed,0,3,378.6,18,Under 30,0,0
2647,09-Jan-19,2019-01-09,7,5-9 yrs,Area Sales Manager,WBL,Active,Contract,ZONE A,Temporary,Sales,Project Management - Con,03-11-1950,1950-11-03,ID,Male,Hispanic,Single,Fully meets,5,23-08-2022,5,High,5,3,28-Jan-23,2023-01-28,Project Management,Internal,Completed,1,5,162.93,69,60+,0,0
2648,01-Oct-22,2022-10-01,3,2-4 yrs,Area Sales Manager,NEL,Active,Part-Time,ZONE A,Part-Time,Sales,Fielders,05-07-1994,1994-07-05,ID,Male,Other,Married,Fully meets,2,22-04-2023,4,High,2,1,07-Mar-23,2023-03-07,Project Management,External,Incomplete,0,3,294.91,28,Under 30,0,0
2649,28-Sep-20,2020-09-28,5,5-9 yrs,Area Sales Manager,PL,Active,Part-Time,ZONE A,Full-Time,Sales,Project Management - Con,21-03-1973,1973-03-21,NY,Female,White,Widowed,Fully meets,4,26-12-2022,4,High,4,1,25-Sep-22,2022-09-25,Communication Skills,Internal,Passed,1,1,836.76,47,40-49,0,0
2650,15-Nov-18,2018-11-15,7,5-9 yrs,Administrative Assistant,BPC,Active,Part-Time,ZONE B,Full-Time,Sales,Project Management - Con,15-08-1964,1964-08-15,WA,Female,Black,Single,Fully meets,1,24-03-2023,1,Low,1,1,29-Aug-22,2022-08-29,Communication Skills,Internal,Passed,1,1,136.23,54,50-59,0,0
2651,24-Nov-20,2020-11-24,5,5-9 yrs,Administrative Assistant,CCDR,Active,Contract,ZONE C,Full-Time,Sales,Project Management - Con,02-03-1992,1992-03-02,WA,Female,Hispanic,Divorced,Fully meets,2,31-05-2023,1,Low,3,2,12-Jun-23,2023-06-12,Customer Service,External,Completed,1,3,236.69,28,Under 30,0,0
2652,09-Jul-23,2023-07-09,2,2-4 yrs,Administrative Assistant,SVG,Active,Contract,ZONE C,Temporary,Sales,General - Sga,08-03-1954,1954-03-08,MA,Female,Other,Widowed,Fully meets,4,11-11-2022,1,Low,4,2,23-Oct-22,2022-10-23,Customer Service,External,Incomplete,0,1,424.44,69,60+,0,1
2654,22-Aug-19,2019-08-22,6,5-9 yrs,Area Sales Manager,WBL,Active,Full-Time,ZONE C,Temporary,Sales,General - Con,09-07-1955,1955-07-09,MA,Male,Black,Divorced,Fully meets,4,07-03-2023,4,High,1,3,18-Mar-23,2023-03-18,Communication Skills,External,Passed,1,3,428.13,64,60+,0,0
2655,02-Aug-22,2022-08-02,3,2-4 yrs,Area Sales Manager,NEL,Active,Contract,ZONE A,Part-Time,Sales,General - Con,08-11-1964,1964-11-08,AZ,Male,Black,Divorced,Fully meets,2,29-08-2022,2,Low,5,5,31-May-23,2023-05-31,Project Management,External,Incomplete,0,3,972.66,58,50-59,0,0
2656,31-Oct-18,2018-10-31,7,5-9 yrs,Area Sales Manager,PL,Active,Part-Time,ZONE B,Part-Time,Sales,Aerial,10-02-1957,1957-02-10,AZ,Male,Hispanic,Single,Fully meets,4,15-03-2023,5,High,4,3,25-Feb-23,2023-02-25,Communication Skills,External,Failed,0,1,877.57,61,60+,0,0
2657,23-Nov-21,2021-11-23,4,2-4 yrs,Area Sales Manager,BPC,Active,Contract,ZONE B,Temporary,Sales,Isp,06-06-1995,1995-06-06,AZ,Male,White,Widowed,Fully meets,2,04-03-2023,4,High,3,3,08-May-23,2023-05-08,Project Management,External,Failed,0,3,751.13,26,Under 30,0,0
2658,01-Jul-23,2023-07-01,2,2-4 yrs,Area Sales Manager,CCDR,Active,Full-Time,ZONE A,Temporary,Sales,Engineers,28-03-1960,1960-03-28,AZ,Male,Black,Married,Fully meets,2,22-10-2022,3,Medium,1,1,29-Jun-23,2023-06-29,Technical Skills,External,Passed,1,1,471.89,63,60+,0,1
2659,18-Jul-22,2022-07-18,3,2-4 yrs,Area Sales Manager,SVG,Active,Part-Time,ZONE B,Temporary,Sales,General - Con,13-07-1990,1990-07-13,AL,Male,Black,Single,Fully meets,2,22-05-2023,5,High,3,2,30-Aug-22,2022-08-30,Customer Service,External,Failed,0,3,957.63,32,30-39,0,0
2660,09-Aug-19,2019-08-09,6,5-9 yrs,Area Sales Manager,EW,Active,Part-Time,ZONE C,Part-Time,Sales,Shop (Fleet),27-10-1959,1959-10-27,TN,Male,Asian,Divorced,Fully meets,4,23-08-2022,5,High,1,1,07-Sep-22,2022-09-07,Project Management,External,Passed,1,1,788.33,60,60+,0,0
2661,06-Jul-21,2021-07-06,4,2-4 yrs,Area Sales Manager,MSC,Active,Part-Time,ZONE A,Temporary,Sales,Engineers,11-08-1970,1970-08-11,TN,Male,Black,Married,Fully meets,2,25-02-2023,3,Medium,3,2,12-Jan-23,2023-01-12,Communication Skills,Internal,Completed,1,4,220.32,51,50-59,0,0
2663,06-Jan-23,2023-01-06,3,2-4 yrs,Area Sales Manager,PYZ,Active,Part-Time,ZONE B,Part-Time,Sales,Splicing,21-07-1971,1971-07-21,ID,Male,Hispanic,Divorced,Fully meets,5,07-08-2022,3,Medium,4,1,17-Dec-22,2022-12-17,Customer Service,External,Passed,1,4,819.64,52,50-59,0,1
2664,13-Nov-21,2021-11-13,4,2-4 yrs,Area Sales Manager,WBL,Active,Full-Time,ZONE C,Full-Time,Sales,Project Management - Con,25-06-1961,1961-06-25,ID,Male,Hispanic,Divorced,Fully meets,1,13-06-2023,5,High,2,2,13-Sep-22,2022-09-13,Project Management,External,Incomplete,0,3,355.84,60,60+,0,0
2665,15-Mar-20,2020-03-15,6,5-9 yrs,Area Sales Manager,NEL,Active,Contract,ZONE A,Part-Time,Sales,Splicing,14-07-1991,1991-07-14,NY,Male,Hispanic,Married,Fully meets,4,05-10-2022,1,Low,5,5,03-Sep-22,2022-09-03,Communication Skills,Internal,Completed,1,4,786.38,29,Under 30,0,0
2667,03-Oct-19,2019-10-03,6,5-9 yrs,Administrative Assistant,BPC,Active,Full-Time,ZONE B,Part-Time,Sales,Billable Consultants,08-10-1965,1965-10-08,WA,Female,Other,Widowed,Fully meets,2,28-12-2022,3,Medium,2,3,05-Feb-23,2023-02-05,Leadership Development,External,Passed,1,4,821.39,54,50-59,0,0
2668,12-Aug-22,2022-08-12,3,2-4 yrs,Administrative Assistant,CCDR,Active,Contract,ZONE C,Part-Time,Sales,General - Con,12-11-1978,1978-11-12,MA,Female,Asian,Married,Fully meets,2,28-04-2023,4,High,4,1,19-Jan-23,2023-01-19,Project Management,Internal,Passed,1,3,968.31,44,40-49,0,0
2669,22-Dec-18,2018-12-22,7,5-9 yrs,Administrative Assistant,SVG,Active,Part-Time,ZONE C,Full-Time,Sales,Field Operations,19-01-1952,1952-01-19,MA,Female,Black,Single,Fully meets,1,27-04-2023,4,High,2,1,17-Mar-23,2023-03-17,Project Management,Internal,Completed,1,3,912.22,66,60+,0,0
2670,27-Mar-21,2021-03-27,5,5-9 yrs,Area Sales Manager,PYZ,Active,Part-Time,ZONE A,Full-Time,Sales,Engineers,06-03-1994,1994-03-06,MA,Male,Other,Widowed,Fully meets,1,26-06-2023,4,High,2,1,28-Jun-23,2023-06-28,Project Management,External,Completed,1,4,144.83,27,Under 30,0,0
2672,09-Apr-20,2020-04-09,6,5-9 yrs,Area Sales Manager,NEL,Active,Contract,ZONE A,Full-Time,Sales,Fielders,23-07-1999,1999-07-23,AZ,Male,Asian,Married,Fully meets,1,04-06-2023,5,High,2,2,18-Jul-23,2023-07-18,Project Management,Internal,Incomplete,0,2,118.43,21,Under 30,0,0
2673,07-Jan-22,2022-01-07,4,2-4 yrs,Area Sales Manager,PL,Active,Full-Time,ZONE B,Full-Time,Sales,Splicing,19-07-1999,1999-07-19,AZ,Male,Other,Single,Fully meets,4,13-10-2022,5,High,1,1,11-May-23,2023-05-11,Customer Service,Internal,Incomplete,0,2,281.27,23,Under 30,0,0
2674,15-Jul-22,2022-07-15,3,2-4 yrs,Area Sales Manager,BPC,Active,Part-Time,ZONE A,Part-Time,Sales,Fielders,16-12-1968,1968-12-16,AZ,Male,White,Widowed,Fully meets,1,06-11-2022,1,Low,1,4,05-Apr-23,2023-04-05,Customer Service,External,Incomplete,0,5,283.65,54,50-59,0,0
2676,20-Mar-19,2019-03-20,7,5-9 yrs,Area Sales Manager,SVG,Active,Part-Time,ZONE C,Part-Time,Sales,Engineers,01-08-1972,1972-08-01,AL,Male,Asian,Single,Fully meets,2,16-10-2022,4,High,3,4,11-Oct-22,2022-10-11,Leadership Development,External,Failed,0,3,188.07,47,40-49,0,0
2677,16-Mar-19,2019-03-16,7,5-9 yrs,Area Sales Manager,EW,Active,Contract,ZONE B,Full-Time,Sales,Splicing,13-10-1990,1990-10-13,TN,Male,Hispanic,Divorced,Fully meets,1,29-11-2022,2,Low,1,5,30-Dec-22,2022-12-30,Technical Skills,External,Incomplete,0,4,843.69,29,Under 30,0,0
2678,30-May-21,2021-05-30,5,5-9 yrs,Area Sales Manager,MSC,Active,Full-Time,ZONE C,Part-Time,Sales,Field Operations,01-05-1966,1966-05-01,ID,Male,White,Single,Fully meets,5,18-07-2023,5,High,3,3,06-Apr-23,2023-04-06,Project Management,External,Failed,0,3,166.28,55,50-59,0,0
2681,16-Jun-20,2020-06-16,5,5-9 yrs,Area Sales Manager,WBL,Active,Part-Time,ZONE C,Full-Time,Sales,Field Operations,04-02-1984,1984-02-04,ID,Male,Black,Married,Fully meets,1,22-07-2023,3,Medium,3,3,26-Jan-23,2023-01-26,Leadership Development,Internal,Completed,1,1,318.38,36,30-39,0,0
2682,28-Jul-20,2020-07-28,5,5-9 yrs,Area Sales Manager,NEL,Active,Contract,ZONE A,Temporary,Sales,Field Operations,05-06-1976,1976-06-05,NY,Male,Asian,Widowed,Fully meets,2,02-11-2022,1,Low,2,2,05-May-23,2023-05-05,Communication Skills,External,Failed,0,3,238.12,44,40-49,0,0
2683,31-Dec-21,2021-12-31,4,2-4 yrs,Area Sales Manager,PL,Active,Contract,ZONE A,Temporary,Sales,General - Con,14-10-1952,1952-10-14,WA,Female,Other,Divorced,Fully meets,4,23-12-2022,3,Medium,4,2,26-Aug-22,2022-08-26,Technical Skills,External,Passed,1,2,412.34,69,60+,0,0
2684,07-Feb-22,2022-02-07,4,2-4 yrs,Administrative Assistant,BPC,Active,Full-Time,ZONE C,Part-Time,Sales,General - Sga,07-10-1983,1983-10-07,MA,Female,White,Widowed,Fully meets,5,14-09-2022,3,Medium,4,2,23-Jan-23,2023-01-23,Communication Skills,Internal,Passed,1,5,776.58,39,30-39,0,0
2685,23-Nov-21,2021-11-23,4,2-4 yrs,Administrative Assistant,CCDR,Active,Full-Time,ZONE B,Temporary,Sales,General - Sga,08-08-1964,1964-08-08,MA,Female,Black,Divorced,Fully meets,2,09-07-2023,3,Medium,1,1,07-Feb-23,2023-02-07,Project Management,External,Passed,1,4,231.34,57,50-59,0,0
2686,15-Aug-21,2021-08-15,4,2-4 yrs,Area Sales Manager,PYZ,Active,Contract,ZONE C,Part-Time,Sales,Project Management - Con,09-05-1955,1955-05-09,MA,Male,Other,Single,Fully meets,4,23-01-2023,5,High,3,4,12-Nov-22,2022-11-12,Project Management,External,Completed,1,1,278.7,66,60+,0,0
2688,13-Feb-21,2021-02-13,5,5-9 yrs,Area Sales Manager,NEL,Active,Contract,ZONE B,Full-Time,Sales,Engineers,09-02-1967,1967-02-09,AZ,Male,Black,Married,Fully meets,1,21-11-2022,2,Low,3,3,18-Nov-22,2022-11-18,Customer Service,External,Completed,1,2,638.6,54,50-59,0,0
2689,28-Dec-20,2020-12-28,5,5-9 yrs,Area Sales Manager,PL,Active,Part-Time,ZONE C,Part-Time,Sales,Wireline Construction,09-05-1954,1954-05-09,AZ,Male,Other,Single,Fully meets,1,06-10-2022,2,Low,1,1,12-Jul-23,2023-07-12,Project Management,External,Passed,1,1,812.6,66,60+,0,0
2690,12-Apr-22,2022-04-12,4,2-4 yrs,Area Sales Manager,BPC,Active,Part-Time,ZONE B,Part-Time,Sales,Project Management - Con,14-04-1997,1997-04-14,AZ,Male,Black,Married,Fully meets,4,29-10-2022,1,Low,3,2,23-Feb-23,2023-02-23,Technical Skills,External,Completed,1,1,134.11,25,Under 30,0,0
2691,02-Jan-19,2019-01-02,7,5-9 yrs,Area Sales Manager,CCDR,Active,Part-Time,ZONE C,Full-Time,Sales,General - Sga,29-11-1972,1972-11-29,AL,Male,Black,Widowed,Fully meets,1,21-12-2022,4,High,1,1,29-Dec-22,2022-12-29,Project Management,External,Failed,0,3,934.3,47,40-49,0,0
2692,01-Aug-20,2020-08-01,5,5-9 yrs,Area Sales Manager,SVG,Active,Full-Time,ZONE A,Full-Time,Sales,Underground,22-11-1997,1997-11-22,TN,Male,White,Widowed,Fully meets,4,04-05-2023,4,High,5,2,30-May-23,2023-05-30,Communication Skills,External,Completed,1,1,614.11,23,Under 30,0,0
2693,14-Oct-20,2020-10-14,5,5-9 yrs,Area Sales Manager,EW,Active,Part-Time,ZONE C,Temporary,Sales,General - Sga,26-09-1987,1987-09-26,TN,Male,White,Married,Fully meets,4,06-11-2022,2,Low,5,2,16-May-23,2023-05-16,Project Management,External,Failed,0,2,175.75,33,30-39,0,0
2694,26-May-23,2023-05-26,3,2-4 yrs,Area Sales Manager,MSC,Active,Full-Time,ZONE C,Full-Time,Sales,Engineers,15-12-1980,1980-12-15,ID,Male,Black,Widowed,Fully meets,4,29-12-2022,3,Medium,4,4,08-Aug-22,2022-08-08,Customer Service,External,Failed,0,2,167.34,43,40-49,0,1
2695,26-Aug-21,2021-08-26,4,2-4 yrs,Area Sales Manager,TNS,Active,Full-Time,ZONE A,Temporary,Sales,Underground,24-10-1960,1960-10-24,ID,Male,Other,Married,Fully meets,2,04-12-2022,5,High,2,3,25-Jan-23,2023-01-25,Customer Service,External,Passed,1,2,123.83,61,60+,0,0
2696,20-Nov-22,2022-11-20,3,2-4 yrs,Area Sales Manager,PYZ,Active,Contract,ZONE A,Temporary,Sales,Project Management - Con,09-03-1953,1953-03-09,ID,Male,Other,Married,Fully meets,4,13-05-2023,3,Medium,1,3,29-Mar-23,2023-03-29,Technical Skills,External,Incomplete,0,2,932.48,69,60+,0,0
2697,22-Feb-20,2020-02-22,6,5-9 yrs,Area Sales Manager,WBL,Active,Full-Time,ZONE A,Full-Time,Sales,Splicing,08-02-1964,1964-02-08,NY,Male,White,Married,Fully meets,1,30-05-2023,1,Low,5,3,19-Feb-23,2023-02-19,Project Management,Internal,Completed,1,4,714.81,56,50-59,0,0
2698,04-Apr-21,2021-04-04,5,5-9 yrs,Area Sales Manager,NEL,Active,Contract,ZONE B,Full-Time,Sales,Field Operations,01-02-1969,1969-02-01,NY,Male,Hispanic,Single,Fully meets,4,24-05-2023,5,High,4,5,12-Dec-22,2022-12-12,Project Management,Internal,Incomplete,0,3,152.78,52,50-59,0,0
2699,05-Aug-23,2023-08-05,2,2-4 yrs,Area Sales Manager,PL,Active,Contract,ZONE C,Temporary,Sales,Engineers,24-08-1985,1985-08-24,WA,Female,Other,Married,Fully meets,5,07-12-2022,1,Low,1,5,31-Jan-23,2023-01-31,Technical Skills,External,Incomplete,0,2,717.16,38,30-39,0,1
2700,10-Jan-23,2023-01-10,3,2-4 yrs,Administrative Assistant,BPC,Active,Full-Time,ZONE B,Temporary,Sales,Project Management - Con,01-09-1992,1992-09-01,MA,Female,Other,Single,Fully meets,4,17-01-2023,3,Medium,5,1,29-Jun-23,2023-06-29,Technical Skills,External,Failed,0,1,272.59,31,30-39,0,0
2701,19-Apr-19,2019-04-19,7,5-9 yrs,Administrative Assistant,CCDR,Active,Contract,ZONE A,Full-Time,Sales,Field Operations,06-09-1959,1959-09-06,MA,Female,Black,Married,Fully meets,5,20-07-2023,5,High,5,3,20-Apr-23,2023-04-20,Leadership Development,External,Incomplete,0,5,155.14,60,60+,0,0
2702,02-Oct-19,2019-10-02,6,5-9 yrs,Area Sales Manager,BPC,Active,Contract,ZONE B,Full-Time,Sales,Aerial,18-09-1962,1962-09-18,MA,Male,Asian,Married,Fully meets,2,12-04-2023,5,High,1,2,05-Sep-22,2022-09-05,Communication Skills,Internal,Completed,1,1,328.74,57,50-59,0,0
2703,14-Nov-18,2018-11-14,7,5-9 yrs,Area Sales Manager,CCDR,Active,Full-Time,ZONE A,Part-Time,Sales,General - Con,07-04-1986,1986-04-07,AZ,Male,Other,Single,Fully meets,5,27-05-2023,1,Low,5,4,31-Mar-23,2023-03-31,Leadership Development,Internal,Passed,1,2,775.58,32,30-39,0,0
2704,27-Jan-20,2020-01-27,6,5-9 yrs,Area Sales Manager,EW,Active,Part-Time,ZONE A,Full-Time,Sales,Field Operations,30-07-1998,1998-07-30,AZ,Male,Black,Widowed,Fully meets,4,14-09-2022,2,Low,4,4,10-Dec-22,2022-12-10,Leadership Development,Internal,Incomplete,0,2,499.97,22,Under 30,0,0
2705,04-Nov-18,2018-11-04,7,5-9 yrs,Area Sales Manager,MSC,Active,Full-Time,ZONE B,Temporary,Sales,General - Con,24-10-2000,2000-10-24,AZ,Female,Hispanic,Divorced,Fully meets,2,08-07-2023,3,Medium,2,2,24-May-23,2023-05-24,Communication Skills,External,Incomplete,0,1,826.31,18,Under 30,0,0
2706,13-Dec-18,2018-12-13,7,5-9 yrs,Area Sales Manager,NEL,Active,Part-Time,ZONE A,Part-Time,Sales,Field Operations,24-09-1975,1975-09-24,NC,Male,Asian,Widowed,Fully meets,2,18-12-2022,3,Medium,2,5,28-Mar-23,2023-03-28,Leadership Development,Internal,Failed,0,5,258.38,43,40-49,0,0
2707,28-Nov-22,2022-11-28,3,2-4 yrs,Area Sales Manager,PL,Active,Full-Time,ZONE B,Part-Time,Sales,General - Con,20-08-1992,1992-08-20,AL,Male,White,Married,Fully meets,4,28-01-2023,1,Low,2,1,16-Nov-22,2022-11-16,Customer Service,External,Incomplete,0,3,412.09,30,30-39,0,1
2708,08-Jun-22,2022-06-08,3,2-4 yrs,Area Sales Manager,PYZ,Active,Full-Time,ZONE C,Part-Time,Sales,General - Con,31-07-1965,1965-07-31,TN,Male,Asian,Married,Fully meets,2,15-01-2023,1,Low,3,5,04-Dec-22,2022-12-04,Leadership Development,Internal,Failed,0,5,294.23,57,50-59,0,0
2709,03-Apr-22,2022-04-03,4,2-4 yrs,Area Sales Manager,SVG,Active,Full-Time,ZONE A,Full-Time,Sales,Field Operations,28-01-1985,1985-01-28,ID,Male,Asian,Married,Fully meets,2,28-08-2022,1,Low,2,2,15-Oct-22,2022-10-15,Technical Skills,Internal,Failed,0,2,415.45,37,30-39,0,0
2710,28-Feb-22,2022-02-28,4,2-4 yrs,Area Sales Manager,TNS,Active,Part-Time,ZONE C,Full-Time,Sales,Field Operations,14-04-1994,1994-04-14,ID,Male,Black,Single,Fully meets,5,12-08-2022,4,High,2,3,20-Jul-23,2023-07-20,Customer Service,Internal,Failed,0,5,807.71,28,Under 30,0,0
2711,19-Aug-21,2021-08-19,4,2-4 yrs,Area Sales Manager,WBL,Active,Contract,ZONE C,Temporary,Sales,Field Operations,09-06-1973,1973-06-09,ID,Male,Black,Divorced,Fully meets,2,07-02-2023,4,High,2,5,13-Sep-22,2022-09-13,Leadership Development,Internal,Completed,1,1,408.39,48,40-49,0,0
2712,19-Aug-18,2018-08-19,7,5-9 yrs,Area Sales Manager,PYZ,Active,Full-Time,ZONE A,Full-Time,Sales,General - Con,08-07-1992,1992-07-08,NY,Male,Other,Married,Fully meets,1,24-06-2023,3,Medium,2,5,30-Jan-23,2023-01-30,Communication Skills,External,Passed,1,1,741.6,26,Under 30,0,0
2713,15-Oct-19,2019-10-15,6,5-9 yrs,Area Sales Manager,WBL,Active,Full-Time,ZONE A,Full-Time,Sales,Aerial,09-02-1997,1997-02-09,NY,Male,Black,Married,Fully meets,5,22-12-2022,5,High,2,4,09-Apr-23,2023-04-09,Technical Skills,External,Completed,1,3,193.48,22,Under 30,0,0
2714,23-Feb-23,2023-02-23,3,2-4 yrs,Area Sales Manager,NEL,Active,Part-Time,ZONE C,Temporary,Sales,Field Operations,11-07-1972,1972-07-11,WA,Male,Asian,Widowed,Fully meets,1,20-10-2022,3,Medium,1,3,08-Jan-23,2023-01-08,Technical Skills,Internal,Incomplete,0,5,831.09,51,50-59,0,1
2715,01-Feb-23,2023-02-01,3,2-4 yrs,Area Sales Manager,PL,Active,Full-Time,ZONE B,Temporary,Sales,Field Operations,18-08-1995,1995-08-18,WA,Female,Asian,Divorced,Fully meets,4,11-01-2023,3,Medium,5,1,14-Oct-22,2022-10-14,Customer Service,External,Completed,1,5,573.56,28,Under 30,0,1
2716,07-May-23,2023-05-07,3,2-4 yrs,Administrative Assistant,BPC,Active,Contract,ZONE A,Temporary,Sales,Executive,21-12-1969,1969-12-21,MA,Female,Asian,Widowed,Fully meets,2,28-09-2022,3,Medium,2,2,16-Jan-23,2023-01-16,Leadership Development,Internal,Completed,1,4,247.11,54,50-59,0,1
2717,26-May-20,2020-05-26,6,5-9 yrs,Area Sales Manager,PYZ,Active,Full-Time,ZONE A,Temporary,Sales,Field Operations,05-11-1995,1995-11-05,MA,Male,Black,Divorced,Fully meets,1,25-07-2023,1,Low,1,2,25-Mar-23,2023-03-25,Communication Skills,Internal,Passed,1,5,866.13,25,Under 30,0,0
2718,09-Feb-22,2022-02-09,4,2-4 yrs,Area Sales Manager,WBL,Active,Part-Time,ZONE A,Part-Time,Sales,Aerial,26-01-1999,1999-01-26,AZ,Male,Other,Married,Fully meets,5,01-06-2023,3,Medium,5,5,13-Nov-22,2022-11-13,Project Management,Internal,Incomplete,0,5,760.24,23,Under 30,0,0
2719,20-Jun-22,2022-06-20,3,2-4 yrs,Area Sales Manager,NEL,Active,Contract,ZONE C,Temporary,Sales,Finance & Accounting,11-02-1996,1996-02-11,AZ,Male,Hispanic,Divorced,Fully meets,4,09-11-2022,5,High,5,5,25-Jul-23,2023-07-25,Leadership Development,Internal,Passed,1,5,992.93,26,Under 30,0,0
2720,08-Jan-22,2022-01-08,4,2-4 yrs,Area Sales Manager,PL,Active,Contract,ZONE A,Temporary,Sales,Field Operations,13-08-1994,1994-08-13,NC,Female,Asian,Widowed,Fully meets,4,12-12-2022,3,Medium,3,2,09-May-23,2023-05-09,Customer Service,External,Failed,0,2,960.4,28,Under 30,0,0
2721,01-Mar-20,2020-03-01,6,5-9 yrs,Area Sales Manager,BPC,Active,Full-Time,ZONE A,Full-Time,Sales,Shop (Fleet),15-11-1981,1981-11-15,NC,Male,Hispanic,Married,Fully meets,4,26-03-2023,1,Low,4,3,19-Oct-22,2022-10-19,Project Management,Internal,Incomplete,0,4,173.54,39,30-39,0,0
2722,05-Oct-20,2020-10-05,5,5-9 yrs,Area Sales Manager,CCDR,Active,Contract,ZONE C,Temporary,Sales,General - Con,02-12-1979,1979-12-02,AL,Male,White,Single,Fully meets,2,18-12-2022,3,Medium,4,2,17-Jul-23,2023-07-17,Leadership Development,External,Passed,1,1,334.08,41,40-49,0,0
2723,12-May-21,2021-05-12,5,5-9 yrs,Area Sales Manager,SVG,Active,Part-Time,ZONE C,Temporary,Sales,Field Operations,17-03-1975,1975-03-17,TN,Male,White,Widowed,Fully meets,2,31-01-2023,3,Medium,1,5,22-Jul-23,2023-07-22,Leadership Development,External,Incomplete,0,3,763.23,46,40-49,0,0
2725,18-Nov-19,2019-11-18,6,5-9 yrs,Area Sales Manager,MSC,Active,Contract,ZONE B,Full-Time,Sales,Field Operations,21-07-1969,1969-07-21,ID,Male,White,Single,Fully meets,4,30-01-2023,4,High,1,5,29-Dec-22,2022-12-29,Technical Skills,Internal,Incomplete,0,2,354.21,50,50-59,0,0
2726,12-May-21,2021-05-12,5,5-9 yrs,Area Sales Manager,TNS,Active,Contract,ZONE B,Full-Time,Sales,Wireline Construction,23-02-1971,1971-02-23,NY,Male,Asian,Single,Fully meets,2,29-07-2023,2,Low,4,2,16-Jan-23,2023-01-16,Customer Service,External,Passed,1,3,502.39,50,50-59,0,0
2727,14-Feb-20,2020-02-14,6,5-9 yrs,Area Sales Manager,PYZ,Active,Contract,ZONE C,Full-Time,Sales,General - Con,12-10-1984,1984-10-12,NY,Male,White,Divorced,Fully meets,5,17-06-2023,1,Low,3,3,31-Dec-22,2022-12-31,Communication Skills,Internal,Incomplete,0,2,687.99,36,30-39,0,0
2728,08-May-20,2020-05-08,6,5-9 yrs,Area Sales Manager,WBL,Active,Full-Time,ZONE B,Full-Time,Sales,Splicing,07-09-1956,1956-09-07,WA,Male,Hispanic,Single,Fully meets,2,03-12-2022,3,Medium,2,1,27-Jan-23,2023-01-27,Project Management,Internal,Completed,1,5,877.47,64,60+,0,0
2730,08-Dec-21,2021-12-08,4,2-4 yrs,Area Sales Manager,PL,Active,Contract,ZONE B,Part-Time,Sales,Underground,28-07-1967,1967-07-28,VT,Female,Hispanic,Single,Fully meets,2,16-09-2022,2,Low,3,4,20-May-23,2023-05-20,Project Management,External,Incomplete,0,5,486.43,54,50-59,0,0
2732,31-Aug-22,2022-08-31,3,2-4 yrs,Area Sales Manager,PYZ,Active,Contract,ZONE A,Full-Time,Sales,Shop (Fleet),07-04-1989,1989-04-07,ME,Male,Black,Single,Fully meets,2,04-11-2022,1,Low,5,3,23-Feb-23,2023-02-23,Customer Service,Internal,Completed,1,3,147.28,33,30-39,0,0
2733,01-Feb-22,2022-02-01,4,2-4 yrs,Area Sales Manager,WBL,Active,Contract,ZONE A,Temporary,Sales,General - Sga,05-01-1996,1996-01-05,AZ,Male,Black,Single,Fully meets,5,03-04-2023,3,Medium,4,1,12-Feb-23,2023-02-12,Leadership Development,Internal,Completed,1,5,612.96,26,Under 30,0,0
2735,16-Oct-20,2020-10-16,5,5-9 yrs,Area Sales Manager,PL,Active,Contract,ZONE B,Part-Time,Sales,Field Operations,10-04-2001,2001-04-10,NC,Female,Asian,Single,Fully meets,2,02-06-2023,5,High,1,2,12-Nov-22,2022-11-12,Leadership Development,External,Incomplete,0,1,519.23,19,Under 30,0,0
2736,27-May-20,2020-05-27,6,5-9 yrs,Area Sales Manager,BPC,Active,Contract,ZONE A,Full-Time,Sales,General - Con,13-02-1963,1963-02-13,AL,Male,Other,Married,Fully meets,5,26-11-2022,4,High,2,2,05-Mar-23,2023-03-05,Technical Skills,Internal,Passed,1,1,297.94,57,50-59,0,0
2737,20-Aug-21,2021-08-20,4,2-4 yrs,Area Sales Manager,CCDR,Active,Full-Time,ZONE C,Temporary,Sales,General - Con,26-05-1972,1972-05-26,UT,Male,Black,Married,Fully meets,4,20-09-2022,5,High,5,3,18-Apr-23,2023-04-18,Communication Skills,Internal,Failed,0,5,317.55,49,40-49,0,0
2738,07-Feb-19,2019-02-07,7,5-9 yrs,Area Sales Manager,SVG,Active,Full-Time,ZONE C,Full-Time,Sales,Field Operations,23-09-1957,1957-09-23,TN,Male,Hispanic,Married,Fully meets,5,16-03-2023,4,High,3,1,01-Oct-22,2022-10-01,Communication Skills,Internal,Incomplete,0,5,880.42,62,60+,0,0
2740,02-Dec-22,2022-12-02,3,2-4 yrs,Area Sales Manager,MSC,Active,Full-Time,ZONE B,Part-Time,Sales,General - Sga,25-09-1983,1983-09-25,ID,Male,Black,Single,Fully meets,1,06-06-2023,2,Low,5,1,17-May-23,2023-05-17,Communication Skills,Internal,Completed,1,3,200.27,39,30-39,0,0
2741,29-Jul-21,2021-07-29,4,2-4 yrs,Area Sales Manager,TNS,Active,Full-Time,ZONE A,Part-Time,Sales,Wireline Construction,27-10-1974,1974-10-27,NY,Male,Asian,Divorced,Fully meets,4,09-10-2022,4,High,3,1,26-Sep-22,2022-09-26,Technical Skills,External,Failed,0,5,573.08,47,40-49,0,0
2742,23-Apr-22,2022-04-23,4,2-4 yrs,Area Sales Manager,PYZ,Active,Full-Time,ZONE B,Full-Time,Sales,Field Operations,09-10-1991,1991-10-09,NH,Male,Asian,Married,Fully meets,2,25-11-2022,5,High,3,4,05-Sep-22,2022-09-05,Communication Skills,Internal,Incomplete,0,4,785.39,31,30-39,0,0
2743,31-Jul-21,2021-07-31,4,2-4 yrs,Area Sales Manager,WBL,Active,Full-Time,ZONE B,Temporary,Sales,Field Operations,28-01-1982,1982-01-28,WA,Male,Black,Married,Fully meets,4,31-08-2022,3,Medium,2,5,20-Apr-23,2023-04-20,Technical Skills,Internal,Failed,0,3,437.36,39,30-39,0,0
2744,12-Jun-20,2020-06-12,5,5-9 yrs,Area Sales Manager,NEL,Active,Contract,ZONE C,Full-Time,Sales,Field Operations,21-07-1954,1954-07-21,VT,Female,Asian,Married,Fully meets,4,25-06-2023,2,Low,4,2,29-Oct-22,2022-10-29,Technical Skills,External,Incomplete,0,5,955.17,66,60+,0,0
2745,25-Jan-19,2019-01-25,7,5-9 yrs,Area Sales Manager,PL,Active,Contract,ZONE B,Part-Time,Sales,Executive,29-04-2001,2001-04-29,VA,Female,Hispanic,Divorced,Fully meets,5,13-01-2023,1,Low,2,2,12-Oct-22,2022-10-12,Technical Skills,Internal,Failed,0,3,542.56,18,Under 30,1,0
2746,24-Oct-20,2020-10-24,5,5-9 yrs,Administrative Assistant,BPC,Terminated,Full-Time,ZONE A,Full-Time,Sales,Project Management - Con,17-05-1977,1977-05-17,MA,Female,Hispanic,Widowed,Fully meets,5,13-07-2023,4,High,4,5,12-Feb-23,2023-02-12,Project Management,External,Incomplete,0,5,399.23,43,40-49,0,0
2747,18-Aug-18,2018-08-18,7,5-9 yrs,Production Technician I,SVG,Active,Part-Time,ZONE B,Part-Time,Production,General - Con,23-11-1960,1960-11-23,MA,Female,Hispanic,Married,Fully meets,4,13-05-2023,3,Medium,1,5,15-Oct-22,2022-10-15,Technical Skills,External,Failed,0,2,677.74,58,50-59,0,0
2748,11-Jul-22,2022-07-11,3,2-4 yrs,Production Technician I,PYZ,Active,Full-Time,ZONE C,Full-Time,Production,General - Sga,15-06-1964,1964-06-15,MA,Female,Hispanic,Widowed,Fully meets,1,04-08-2023,5,High,2,5,14-Jan-23,2023-01-14,Project Management,External,Completed,1,2,301.42,58,50-59,0,0
2749,15-Nov-18,2018-11-15,7,5-9 yrs,Production Technician I,BPC,Terminated,Full-Time,ZONE B,Part-Time,Production,Technology / It,08-04-1949,1949-04-08,MA,Female,Black,Widowed,Fully meets,5,24-06-2023,5,High,3,4,19-Nov-22,2022-11-19,Customer Service,External,Failed,0,5,149.65,69,60+,0,0
2752,21-Oct-22,2022-10-21,3,2-4 yrs,Production Technician I,TNS,Active,Part-Time,ZONE A,Temporary,Production,General - Con,28-05-1976,1976-05-28,MA,Male,Hispanic,Divorced,Fully meets,4,07-05-2023,3,Medium,5,1,06-Dec-22,2022-12-06,Customer Service,Internal,Incomplete,0,5,450.64,46,40-49,0,0
2753,13-Jan-23,2023-01-13,3,2-4 yrs,Production Technician I,CCDR,Active,Contract,ZONE B,Part-Time,Production,Field Operations,11-06-1984,1984-06-11,MA,Female,Black,Widowed,Fully meets,4,05-05-2023,3,Medium,1,4,18-Oct-22,2022-10-18,Communication Skills,Internal,Completed,1,1,437.7,39,30-39,0,1
2754,05-Apr-20,2020-04-05,6,5-9 yrs,Production Technician I,SVG,Active,Full-Time,ZONE C,Full-Time,Production,Engineers,05-05-1977,1977-05-05,MA,Male,Other,Married,Fully meets,2,14-02-2023,1,Low,5,1,04-Apr-23,2023-04-04,Project Management,Internal,Failed,0,1,823.08,43,40-49,0,0
2755,26-May-22,2022-05-26,4,2-4 yrs,Production Technician I,EW,Active,Contract,ZONE B,Temporary,Production,General - Con,20-11-1955,1955-11-20,MA,Male,Other,Single,Fully meets,2,15-12-2022,5,High,5,4,21-Dec-22,2022-12-21,Technical Skills,Internal,Completed,1,4,118.68,67,60+,0,0
2756,05-May-21,2021-05-05,5,5-9 yrs,Production Technician II,TNS,Active,Part-Time,ZONE A,Part-Time,Production,Field Operations,21-07-1986,1986-07-21,MA,Male,White,Divorced,Fully meets,2,30-10-2022,1,Low,3,1,04-Apr-23,2023-04-04,Communication Skills,External,Completed,1,5,120.79,35,30-39,0,0
2759,26-Aug-18,2018-08-26,7,5-9 yrs,Production Technician I,PYZ,Active,Full-Time,ZONE B,Full-Time,Production,Aerial,04-05-1989,1989-05-04,MA,Male,White,Divorced,Fully meets,2,06-11-2022,3,Medium,1,3,30-Jun-23,2023-06-30,Project Management,Internal,Incomplete,0,1,662.8,29,Under 30,0,0
2760,06-Dec-20,2020-12-06,5,5-9 yrs,Production Technician II,BPC,Active,Part-Time,ZONE B,Temporary,Production,Fielders,20-07-1969,1969-07-20,MA,Male,Other,Single,Fully meets,2,26-09-2022,2,Low,1,4,03-May-23,2023-05-03,Leadership Development,Internal,Completed,1,3,287.59,51,50-59,0,0
2761,13-Dec-21,2021-12-13,4,2-4 yrs,Production Technician I,EW,Active,Contract,ZONE C,Temporary,Production,Wireline Construction,07-02-1997,1997-02-07,MA,Female,Asian,Married,Fully meets,4,15-02-2023,1,Low,4,3,26-Nov-22,2022-11-26,Project Management,External,Incomplete,0,4,653.32,24,Under 30,0,0
2763,19-Oct-19,2019-10-19,6,5-9 yrs,Production Technician I,NEL,Active,Part-Time,ZONE C,Full-Time,Production,Field Operations,18-05-1991,1991-05-18,MA,Female,Hispanic,Single,Fully meets,2,05-08-2022,4,High,2,4,24-Nov-22,2022-11-24,Technical Skills,External,Completed,1,4,430.35,28,Under 30,0,0
2764,26-Nov-22,2022-11-26,3,2-4 yrs,Production Technician I,WBL,Active,Part-Time,ZONE C,Full-Time,Production,Engineers,24-03-1993,1993-03-24,MA,Male,Black,Single,Fully meets,2,22-10-2022,2,Low,4,3,14-Jun-23,2023-06-14,Communication Skills,External,Incomplete,0,5,755.77,29,Under 30,0,0
2765,19-Aug-19,2019-08-19,6,5-9 yrs,Production Technician I,PL,Active,Full-Time,ZONE C,Full-Time,Production,Wireline Construction,09-07-1967,1967-07-09,MA,Male,Black,Widowed,Fully meets,4,05-01-2023,3,Medium,1,3,30-Mar-23,2023-03-30,Customer Service,Internal,Incomplete,0,2,529.91,52,50-59,0,0
2766,22-Aug-18,2018-08-22,7,5-9 yrs,Production Technician II,EW,Terminated,Part-Time,ZONE A,Full-Time,Production,Engineers,28-06-1957,1957-06-28,MA,Female,Hispanic,Married,Fully meets,2,22-09-2022,3,Medium,5,5,25-Mar-23,2023-03-25,Technical Skills,External,Completed,1,1,440.14,61,60+,0,0
2768,12-Jun-22,2022-06-12,3,2-4 yrs,Production Technician I,WBL,Active,Part-Time,ZONE B,Temporary,Production,Underground,20-02-1981,1981-02-20,MA,Male,Asian,Married,Fully meets,2,20-08-2022,2,Low,1,5,24-Oct-22,2022-10-24,Project Management,Internal,Incomplete,0,5,176.6,41,40-49,0,0
2769,08-Nov-18,2018-11-08,7,5-9 yrs,Production Technician I,NEL,Active,Contract,ZONE A,Part-Time,Production,Aerial,31-08-1950,1950-08-31,MA,Male,Other,Widowed,Fully meets,4,07-08-2022,3,Medium,1,3,17-Jul-23,2023-07-17,Project Management,Internal,Completed,1,1,747.74,68,60+,0,0
2772,13-Mar-20,2020-03-13,6,5-9 yrs,Production Technician I,CCDR,Active,Full-Time,ZONE A,Temporary,Production,Wireline Construction,15-04-1973,1973-04-15,MA,Male,Other,Married,Fully meets,1,25-04-2023,2,Low,4,5,06-Feb-23,2023-02-06,Leadership Development,Internal,Passed,1,5,258.08,47,40-49,0,0
2773,28-Dec-22,2022-12-28,3,2-4 yrs,Production Technician I,SVG,Active,Full-Time,ZONE B,Full-Time,Production,Splicing,20-06-1964,1964-06-20,MA,Male,White,Widowed,Fully meets,2,29-05-2023,2,Low,5,4,02-Feb-23,2023-02-02,Communication Skills,Internal,Completed,1,4,697.67,58,50-59,0,0
2774,17-Mar-20,2020-03-17,6,5-9 yrs,Production Technician I,EW,Active,Full-Time,ZONE B,Part-Time,Production,Field Operations,05-06-1993,1993-06-05,MA,Male,Other,Divorced,Fully meets,5,28-05-2023,1,Low,5,3,05-Aug-23,2023-08-05,Communication Skills,Internal,Passed,1,5,694.23,27,Under 30,0,0
2775,07-Jan-23,2023-01-07,3,2-4 yrs,Production Technician I,MSC,Active,Part-Time,ZONE B,Temporary,Production,Field Operations,19-02-1966,1966-02-19,MA,Female,White,Single,Fully meets,2,04-08-2023,1,Low,4,3,05-Nov-22,2022-11-05,Technical Skills,Internal,Incomplete,0,1,703.45,57,50-59,0,1
2776,22-Dec-21,2021-12-22,4,2-4 yrs,Production Technician I,TNS,Active,Full-Time,ZONE B,Part-Time,Production,General - Eng,06-02-1975,1975-02-06,MA,Male,White,Single,Fully meets,4,26-12-2022,5,High,3,5,09-Jul-23,2023-07-09,Leadership Development,External,Incomplete,0,1,134.44,46,40-49,0,0
2778,02-Dec-20,2020-12-02,5,5-9 yrs,Production Technician I,WBL,Active,Part-Time,ZONE C,Temporary,Production,Wireless,28-02-1955,1955-02-28,MA,Male,Asian,Divorced,Fully meets,5,19-02-2023,1,Low,1,4,06-Oct-22,2022-10-06,Project Management,External,Failed,0,5,594.73,65,60+,0,0
2779,08-Dec-21,2021-12-08,4,2-4 yrs,Production Technician I,NEL,Active,Contract,ZONE A,Part-Time,Production,Field Operations,16-07-1957,1957-07-16,MA,Male,Hispanic,Married,Fully meets,2,28-08-2022,4,High,1,1,13-Feb-23,2023-02-13,Leadership Development,Internal,Completed,1,3,330.68,64,60+,0,0
2781,23-Dec-20,2020-12-23,5,5-9 yrs,Production Technician I,BPC,Terminated,Contract,ZONE A,Part-Time,Production,Field Operations,22-10-1969,1969-10-22,MA,Male,Asian,Divorced,Fully meets,4,12-02-2023,1,Low,2,2,12-Nov-22,2022-11-12,Leadership Development,Internal,Completed,1,5,437.26,51,50-59,0,0
2782,31-Mar-19,2019-03-31,7,5-9 yrs,Production Technician I,CCDR,Active,Full-Time,ZONE C,Temporary,Production,General - Con,18-06-1987,1987-06-18,MA,Female,Black,Single,Fully meets,2,07-10-2022,3,Medium,5,3,17-Oct-22,2022-10-17,Leadership Development,Internal,Passed,1,2,134.99,32,30-39,0,0
2783,11-Jun-23,2023-06-11,2,2-4 yrs,Production Technician II,SVG,Active,Part-Time,ZONE A,Temporary,Production,Wireline Construction,21-10-1977,1977-10-21,MA,Male,White,Married,Fully meets,1,06-01-2023,3,Medium,1,1,20-May-23,2023-05-20,Technical Skills,External,Incomplete,0,4,880.21,46,40-49,0,1
2784,20-May-21,2021-05-20,5,5-9 yrs,Production Technician II,TNS,Active,Contract,ZONE B,Full-Time,Production,Field Operations,08-03-1981,1981-03-08,MA,Male,White,Divorced,Fully meets,2,09-01-2023,4,High,3,4,08-Sep-22,2022-09-08,Customer Service,Internal,Completed,1,5,427.99,40,40-49,0,0
2785,14-Nov-20,2020-11-14,5,5-9 yrs,Production Technician II,WBL,Active,Full-Time,ZONE C,Full-Time,Production,Field Operations,06-07-1967,1967-07-06,MA,Male,Hispanic,Widowed,Fully meets,4,15-08-2022,3,Medium,1,5,26-Nov-22,2022-11-26,Technical Skills,Internal,Completed,1,1,925.68,53,50-59,0,0
2786,29-Dec-18,2018-12-29,7,5-9 yrs,Production Technician II,PYZ,Active,Contract,ZONE A,Full-Time,Production,Field Operations,13-07-2000,2000-07-13,MA,Female,Asian,Widowed,Fully meets,1,07-12-2022,4,High,3,1,16-Jun-23,2023-06-16,Communication Skills,External,Incomplete,0,4,485.05,18,Under 30,0,0
2790,30-Apr-19,2019-04-30,7,5-9 yrs,Production Technician I,EW,Active,Contract,ZONE B,Part-Time,Production,Catv,08-08-1959,1959-08-08,MA,Male,Hispanic,Widowed,Fully meets,4,03-01-2023,1,Low,5,2,20-Sep-22,2022-09-20,Communication Skills,External,Incomplete,0,1,438.31,60,60+,0,0
2793,02-Mar-21,2021-03-02,5,5-9 yrs,Production Technician I,PL,Active,Full-Time,ZONE A,Full-Time,Production,Yard (Material Handling),19-08-1981,1981-08-19,MA,Male,Black,Divorced,Fully meets,1,27-03-2023,2,Low,5,3,09-Oct-22,2022-10-09,Project Management,External,Incomplete,0,1,774.44,40,40-49,0,0
2794,27-Dec-21,2021-12-27,4,2-4 yrs,Production Technician I,PYZ,Active,Contract,ZONE B,Temporary,Production,Field Operations,16-05-1976,1976-05-16,MA,Male,Hispanic,Single,Fully meets,5,03-09-2022,5,High,4,4,10-Jan-23,2023-01-10,Customer Service,Internal,Incomplete,0,3,644.38,45,40-49,0,0
2796,19-Sep-22,2022-09-19,3,2-4 yrs,Production Technician I,TNS,Active,Contract,ZONE A,Full-Time,Production,Engineers,01-09-1991,1991-09-01,MA,Female,Asian,Married,Fully meets,1,05-08-2023,2,Low,4,2,19-Oct-22,2022-10-19,Communication Skills,External,Incomplete,0,2,840.27,31,30-39,0,0
2797,30-May-21,2021-05-30,5,5-9 yrs,Production Technician I,WBL,Active,Contract,ZONE A,Temporary,Production,Aerial,13-11-1964,1964-11-13,MA,Male,Other,Married,Exceeds,1,05-08-2022,2,Low,1,2,18-Dec-22,2022-12-18,Communication Skills,External,Failed,0,1,559.59,57,50-59,0,0
2798,07-Apr-20,2020-04-07,6,5-9 yrs,Production Technician I,BPC,Active,Contract,ZONE A,Part-Time,Production,Engineers,17-05-1969,1969-05-17,MA,Male,Asian,Divorced,Fully meets,2,29-05-2023,3,Medium,4,2,24-Apr-23,2023-04-24,Leadership Development,External,Completed,1,1,840.65,51,50-59,0,0
2799,20-Apr-21,2021-04-20,5,5-9 yrs,Production Technician I,CCDR,Active,Part-Time,ZONE A,Part-Time,Production,Engineers,21-02-1988,1988-02-21,MA,Male,White,Divorced,Fully meets,2,01-02-2023,2,Low,1,1,28-Jul-23,2023-07-28,Communication Skills,Internal,Incomplete,0,1,543.46,33,30-39,0,0
2801,11-Jan-22,2022-01-11,4,2-4 yrs,Production Technician I,MSC,Active,Full-Time,ZONE C,Temporary,Production,Field Operations,28-09-1995,1995-09-28,MA,Male,White,Divorced,Fully meets,5,20-09-2022,1,Low,3,4,14-Jun-23,2023-06-14,Leadership Development,External,Incomplete,0,4,449.65,27,Under 30,0,0
2802,15-Nov-20,2020-11-15,5,5-9 yrs,Production Technician I,NEL,Active,Contract,ZONE C,Part-Time,Production,General - Con,11-08-1977,1977-08-11,MA,Female,White,Married,Fully meets,4,01-07-2023,2,Low,3,5,21-Apr-23,2023-04-21,Technical Skills,External,Passed,1,3,213.38,43,40-49,0,0
2803,08-May-20,2020-05-08,6,5-9 yrs,Production Technician I,PL,Active,Part-Time,ZONE B,Part-Time,Production,General - Con,03-09-1965,1965-09-03,MA,Female,Asian,Married,Fully meets,5,04-11-2022,4,High,4,5,29-Jan-23,2023-01-29,Leadership Development,Internal,Failed,0,4,106.21,55,50-59,0,0
2804,10-Mar-19,2019-03-10,7,5-9 yrs,Production Technician II,SVG,Active,Part-Time,ZONE B,Full-Time,Production,Project Management - Con,01-03-1953,1953-03-01,MA,Male,Hispanic,Married,Fully meets,4,05-12-2022,5,High,4,2,26-Jan-23,2023-01-26,Leadership Development,Internal,Completed,1,5,483.07,66,60+,0,0
2805,19-Apr-22,2022-04-19,4,2-4 yrs,Production Technician II,TNS,Active,Full-Time,ZONE C,Part-Time,Production,Field Operations,30-07-1988,1988-07-30,MA,Male,White,Widowed,Fully meets,1,19-05-2023,5,High,3,2,18-Jul-23,2023-07-18,Project Management,Internal,Passed,1,2,515.31,34,30-39,0,0
2806,30-Nov-19,2019-11-30,6,5-9 yrs,Production Technician II,WBL,Active,Full-Time,ZONE A,Part-Time,Production,Catv,22-06-1962,1962-06-22,MA,Female,Asian,Divorced,Fully meets,2,14-04-2023,1,Low,3,1,27-May-23,2023-05-27,Communication Skills,Internal,Incomplete,0,5,290.8,57,50-59,0,0
2807,06-Jul-21,2021-07-06,4,2-4 yrs,Production Technician II,BPC,Terminated,Part-Time,ZONE A,Part-Time,Production,Wireline Construction,17-04-1977,1977-04-17,MA,Female,White,Married,Fully meets,2,13-01-2023,3,Medium,2,4,16-Apr-23,2023-04-16,Customer Service,Internal,Passed,1,4,977.46,44,40-49,0,0
2808,27-Nov-18,2018-11-27,7,5-9 yrs,Production Technician II,CCDR,Active,Part-Time,ZONE B,Temporary,Production,Billable Consultants,25-12-1993,1993-12-25,MA,Female,Asian,Divorced,Fully meets,4,13-03-2023,5,High,2,4,23-Sep-22,2022-09-23,Communication Skills,External,Passed,1,5,105.41,25,Under 30,0,0
2809,30-Jan-23,2023-01-30,3,2-4 yrs,Production Technician I,WBL,Active,Full-Time,ZONE C,Part-Time,Production,Splicing,24-02-1964,1964-02-24,MA,Male,Hispanic,Single,Fully meets,2,13-02-2023,1,Low,1,5,21-Dec-22,2022-12-21,Technical Skills,Internal,Failed,0,2,856.23,59,50-59,0,1
2810,17-Nov-22,2022-11-17,3,2-4 yrs,Production Technician I,NEL,Active,Full-Time,ZONE A,Part-Time,Production,Field Operations,10-04-1959,1959-04-10,MA,Male,Other,Married,Fully meets,4,13-07-2023,2,Low,5,5,05-Apr-23,2023-04-05,Technical Skills,Internal,Incomplete,0,3,964.33,63,60+,0,0
2811,13-Aug-18,2018-08-13,7,5-9 yrs,Production Technician I,PL,Active,Part-Time,ZONE A,Full-Time,Production,Field Operations,04-01-1996,1996-01-04,MA,Male,Hispanic,Widowed,Fully meets,2,13-04-2023,3,Medium,4,3,04-Nov-22,2022-11-04,Technical Skills,External,Completed,1,3,589.88,22,Under 30,0,0
2813,28-Jun-22,2022-06-28,3,2-4 yrs,Production Technician I,CCDR,Active,Contract,ZONE B,Full-Time,Production,Wireline Construction,27-08-1973,1973-08-27,MA,Male,Other,Single,Fully meets,1,28-08-2022,4,High,4,2,20-Apr-23,2023-04-20,Technical Skills,Internal,Completed,1,2,249.88,49,40-49,0,0
2814,25-Jan-19,2019-01-25,7,5-9 yrs,Production Technician I,SVG,Active,Part-Time,ZONE A,Temporary,Production,Field Operations,28-09-1975,1975-09-28,MA,Male,Hispanic,Single,Fully meets,2,13-07-2023,4,High,1,1,31-Jul-23,2023-07-31,Leadership Development,Internal,Passed,1,2,809.89,44,40-49,0,0
2815,23-Jul-23,2023-07-23,2,2-4 yrs,Production Technician I,EW,Active,Contract,ZONE C,Part-Time,Production,Project Management - Con,29-07-1978,1978-07-29,MA,Female,Asian,Single,Fully meets,4,22-09-2022,2,Low,5,3,10-May-23,2023-05-10,Project Management,Internal,Completed,1,5,224.58,45,40-49,0,1
2816,25-Jul-22,2022-07-25,3,2-4 yrs,Production Technician I,MSC,Active,Full-Time,ZONE C,Temporary,Production,General - Con,04-12-1992,1992-12-04,MA,Female,Black,Married,Fully meets,5,13-07-2023,4,High,2,4,17-Mar-23,2023-03-17,Project Management,External,Incomplete,0,3,251.78,30,30-39,0,0
2817,11-Jan-23,2023-01-11,3,2-4 yrs,Production Technician I,TNS,Active,Contract,ZONE A,Part-Time,Production,Field Operations,12-09-1998,1998-09-12,MA,Male,White,Widowed,Fully meets,4,12-08-2022,4,High,1,5,13-Jan-23,2023-01-13,Technical Skills,External,Failed,0,2,314.0,25,Under 30,0,0
2818,28-Jul-23,2023-07-28,2,2-4 yrs,Production Technician I,PYZ,Active,Part-Time,ZONE B,Temporary,Production,Fielders,19-01-1964,1964-01-19,MA,Male,Hispanic,Single,Exceeds,2,21-06-2023,4,High,3,3,27-Feb-23,2023-02-27,Technical Skills,External,Completed,1,5,453.51,59,50-59,0,1
2819,06-May-23,2023-05-06,3,2-4 yrs,Production Technician I,WBL,Active,Full-Time,ZONE C,Part-Time,Production,General - Con,03-02-2000,2000-02-03,MA,Male,White,Widowed,Fully meets,4,31-12-2022,2,Low,3,4,31-Jul-23,2023-07-31,Leadership Development,Internal,Failed,0,2,595.4,23,Under 30,0,0
2820,18-Sep-22,2022-09-18,3,2-4 yrs,Production Technician I,NEL,Active,Full-Time,ZONE C,Temporary,Production,Wireline Construction,09-07-1979,1979-07-09,MA,Male,Hispanic,Divorced,Fully meets,2,16-10-2022,2,Low,1,5,23-Oct-22,2022-10-23,Project Management,External,Completed,1,2,606.3,43,40-49,0,0
2821,08-Sep-19,2019-09-08,6,5-9 yrs,Production Technician I,PL,Active,Full-Time,ZONE B,Temporary,Production,Field Operations,22-09-1998,1998-09-22,MA,Male,Hispanic,Single,Fully meets,2,12-04-2023,2,Low,5,5,06-Mar-23,2023-03-06,Technical Skills,Internal,Incomplete,0,5,841.22,21,Under 30,0,0
2822,30-Aug-19,2019-08-30,6,5-9 yrs,Production Technician I,BPC,Active,Part-Time,ZONE B,Part-Time,Production,Aerial,15-03-1959,1959-03-15,MA,Female,White,Divorced,Fully meets,4,24-05-2023,2,Low,3,3,18-Sep-22,2022-09-18,Communication Skills,Internal,Failed,0,4,912.5,60,60+,0,0
2823,22-May-23,2023-05-22,3,2-4 yrs,Production Technician I,CCDR,Active,Contract,ZONE B,Part-Time,Production,General - Con,07-12-1985,1985-12-07,MA,Female,White,Divorced,Fully meets,2,23-01-2023,5,High,2,1,04-Sep-22,2022-09-04,Communication Skills,External,Incomplete,0,2,196.27,38,30-39,0,1
2824,02-Mar-21,2021-03-02,5,5-9 yrs,Production Technician II,EW,Active,Part-Time,ZONE A,Full-Time,Production,Wireline Construction,25-12-1962,1962-12-25,MA,Male,Hispanic,Widowed,Fully meets,5,09-09-2022,1,Low,4,1,07-Sep-22,2022-09-07,Project Management,Internal,Incomplete,0,1,224.09,59,50-59,0,0
2825,13-Feb-23,2023-02-13,3,2-4 yrs,Production Technician II,MSC,Active,Full-Time,ZONE C,Temporary,Production,Project Management - Eng,29-12-1982,1982-12-29,MA,Male,Hispanic,Widowed,Fully meets,4,22-02-2023,5,High,4,4,02-Nov-22,2022-11-02,Technical Skills,External,Completed,1,2,363.8,41,40-49,0,1
2827,19-Feb-20,2020-02-19,6,5-9 yrs,Production Technician II,PYZ,Terminated,Full-Time,ZONE A,Full-Time,Production,Field Operations,09-08-1980,1980-08-09,MA,Female,Other,Married,Fully meets,4,30-08-2022,4,High,4,5,07-Sep-22,2022-09-07,Leadership Development,Internal,Incomplete,0,1,629.85,40,40-49,0,0
2830,30-Jun-22,2022-06-30,3,2-4 yrs,Production Technician I,NEL,Active,Full-Time,ZONE B,Part-Time,Production,General - Eng,26-05-1994,1994-05-26,MA,Male,White,Married,Fully meets,1,09-12-2022,1,Low,2,2,06-Dec-22,2022-12-06,Project Management,External,Completed,1,1,266.42,28,Under 30,0,0
2831,28-Jul-21,2021-07-28,4,2-4 yrs,Production Technician I,PL,Active,Full-Time,ZONE C,Full-Time,Production,Aerial,29-04-1952,1952-04-29,MA,Male,White,Widowed,Fully meets,2,13-07-2023,5,High,1,4,09-Feb-23,2023-02-09,Communication Skills,External,Incomplete,0,1,277.22,69,60+,0,0
2832,21-Nov-21,2021-11-21,4,2-4 yrs,Production Technician I,BPC,Active,Contract,ZONE C,Full-Time,Production,Field Operations,03-01-1975,1975-01-03,MA,Male,White,Married,Fully meets,5,14-11-2022,4,High,5,5,23-Dec-22,2022-12-23,Customer Service,Internal,Incomplete,0,1,545.87,46,40-49,0,0
2833,12-Oct-20,2020-10-12,5,5-9 yrs,Production Technician I,CCDR,Active,Contract,ZONE A,Full-Time,Production,General - Con,25-03-1989,1989-03-25,MA,Male,Asian,Married,Fully meets,2,02-09-2022,2,Low,5,2,24-Aug-22,2022-08-24,Leadership Development,External,Incomplete,0,3,182.84,31,30-39,0,0
2835,17-Jul-21,2021-07-17,4,2-4 yrs,Production Technician I,EW,Active,Contract,ZONE C,Part-Time,Production,Engineers,11-04-1995,1995-04-11,MA,Female,White,Divorced,Fully meets,5,30-03-2023,4,High,5,3,22-Nov-22,2022-11-22,Customer Service,Internal,Completed,1,4,939.72,26,Under 30,0,0
2836,13-Apr-22,2022-04-13,4,2-4 yrs,Production Technician I,MSC,Active,Contract,ZONE C,Part-Time,Production,Catv,07-10-1988,1988-10-07,MA,Female,Black,Divorced,Fully meets,2,13-08-2022,5,High,4,1,18-May-23,2023-05-18,Customer Service,External,Completed,1,5,410.04,34,30-39,0,0
2839,06-Dec-19,2019-12-06,6,5-9 yrs,Production Technician I,WBL,Active,Part-Time,ZONE C,Part-Time,Production,General - Con,06-09-1969,1969-09-06,MA,Male,Black,Married,Fully meets,1,23-10-2022,1,Low,4,5,07-Aug-22,2022-08-07,Customer Service,External,Incomplete,0,2,837.22,50,50-59,0,0
2840,26-Apr-23,2023-04-26,3,2-4 yrs,Production Technician I,NEL,Active,Contract,ZONE B,Part-Time,Production,Fielders,29-04-2000,2000-04-29,MA,Male,Hispanic,Divorced,Fully meets,2,07-05-2023,3,Medium,2,3,04-Oct-22,2022-10-04,Customer Service,Internal,Incomplete,0,3,360.08,23,Under 30,0,1
2841,06-Apr-19,2019-04-06,7,5-9 yrs,Production Technician I,PL,Active,Contract,ZONE B,Temporary,Production,General - Con,14-10-1961,1961-10-14,MA,Male,Hispanic,Married,Fully meets,5,10-10-2022,2,Low,2,2,22-Apr-23,2023-04-22,Customer Service,Internal,Completed,1,2,405.48,58,50-59,0,0
2842,19-Oct-20,2020-10-19,5,5-9 yrs,Production Technician I,BPC,Terminated,Part-Time,ZONE B,Temporary,Production,General - Con,16-07-1965,1965-07-16,MA,Female,Black,Widowed,Fully meets,1,10-11-2022,2,Low,1,5,22-Dec-22,2022-12-22,Project Management,Internal,Failed,0,4,577.78,55,50-59,0,0
2845,03-Sep-20,2020-09-03,5,5-9 yrs,Production Technician II,WBL,Active,Full-Time,ZONE B,Part-Time,Production,General - Con,18-06-1979,1979-06-18,MA,Female,White,Single,Fully meets,4,14-11-2022,3,Medium,4,2,06-Feb-23,2023-02-06,Customer Service,External,Completed,1,2,764.22,41,40-49,0,0
2846,14-Oct-19,2019-10-14,6,5-9 yrs,Production Technician II,BPC,Terminated,Contract,ZONE C,Full-Time,Production,Wireless,02-09-1955,1955-09-02,MA,Female,White,Divorced,Fully meets,5,05-04-2023,1,Low,1,4,02-Sep-22,2022-09-02,Communication Skills,Internal,Incomplete,0,2,326.54,64,60+,0,0
2849,02-Oct-18,2018-10-02,7,5-9 yrs,Production Technician I,CCDR,Active,Part-Time,ZONE C,Full-Time,Production,General - Con,27-07-1949,1949-07-27,MA,Male,Hispanic,Single,Fully meets,5,09-02-2023,5,High,1,1,06-May-23,2023-05-06,Technical Skills,Internal,Failed,0,3,706.23,69,60+,0,0
2850,06-Oct-22,2022-10-06,3,2-4 yrs,Production Technician I,EW,Active,Full-Time,ZONE C,Part-Time,Production,General - Con,29-07-1972,1972-07-29,MA,Male,Hispanic,Divorced,Exceeds,1,31-03-2023,4,High,1,4,26-Apr-23,2023-04-26,Technical Skills,External,Passed,1,2,634.36,50,50-59,0,0
2851,21-Sep-20,2020-09-21,5,5-9 yrs,Production Technician I,MSC,Active,Full-Time,ZONE B,Part-Time,Production,Field Operations,05-03-1967,1967-03-05,MA,Male,Black,Divorced,Fully meets,4,16-10-2022,4,High,3,3,16-Jul-23,2023-07-16,Communication Skills,Internal,Failed,0,2,718.77,53,50-59,0,0
2853,16-Nov-22,2022-11-16,3,2-4 yrs,Production Technician I,PL,Terminated,Contract,ZONE B,Part-Time,Production,General - Con,06-04-1994,1994-04-06,MA,Male,Other,Widowed,Needs improvement,5,31-07-2023,5,High,1,1,01-Jan-23,2023-01-01,Leadership Development,Internal,Passed,1,1,835.07,28,Under 30,0,0
2855,19-Jan-22,2022-01-19,4,2-4 yrs,Production Technician I,SVG,Active,Part-Time,ZONE C,Full-Time,Production,Field Operations,18-02-1979,1979-02-18,MA,Female,Black,Single,Needs improvement,4,27-03-2023,3,Medium,5,5,05-Sep-22,2022-09-05,Technical Skills,External,Passed,1,1,596.23,43,40-49,0,0
2857,19-Jul-19,2019-07-19,6,5-9 yrs,Production Technician I,WBL,Active,Full-Time,ZONE A,Part-Time,Production,General - Con,01-11-1974,1974-11-01,MA,Male,White,Single,Fully meets,2,24-12-2022,5,High,2,5,25-Dec-22,2022-12-25,Customer Service,Internal,Completed,1,3,229.18,45,40-49,0,0
2858,02-Sep-21,2021-09-02,4,2-4 yrs,Production Technician I,BPC,Active,Full-Time,ZONE C,Temporary,Production,Engineers,14-01-1974,1974-01-14,MA,Male,Other,Married,Fully meets,5,12-07-2023,1,Low,2,5,10-Nov-22,2022-11-10,Project Management,Internal,Failed,0,3,851.72,47,40-49,0,0
2860,13-Apr-23,2023-04-13,3,2-4 yrs,Production Technician I,EW,Active,Part-Time,ZONE C,Part-Time,Production,General - Con,31-10-1961,1961-10-31,MA,Male,Black,Married,Fully meets,2,31-01-2023,2,Low,1,4,13-Sep-22,2022-09-13,Leadership Development,External,Passed,1,3,587.16,62,60+,0,1
2861,06-Oct-18,2018-10-06,7,5-9 yrs,Production Technician I,MSC,Active,Full-Time,ZONE C,Full-Time,Production,General - Con,13-07-1986,1986-07-13,MA,Male,White,Widowed,Fully meets,2,21-07-2023,2,Low,4,5,07-Nov-22,2022-11-07,Project Management,External,Completed,1,2,828.48,32,30-39,0,0
2864,16-May-22,2022-05-16,4,2-4 yrs,Production Technician II,MSC,Active,Part-Time,ZONE B,Full-Time,Production,Field Operations,26-12-1995,1995-12-26,MA,Male,Asian,Single,Fully meets,2,16-11-2022,1,Low,3,4,16-Jun-23,2023-06-16,Leadership Development,External,Failed,0,4,242.25,27,Under 30,0,0
2865,10-May-22,2022-05-10,4,2-4 yrs,Production Technician II,TNS,Terminated,Part-Time,ZONE C,Part-Time,Production,General - Con,27-08-1969,1969-08-27,MA,Female,White,Divorced,Fully meets,1,23-10-2022,2,Low,2,3,22-Mar-23,2023-03-22,Customer Service,External,Passed,1,4,653.99,53,50-59,0,0
2867,25-Feb-19,2019-02-25,7,5-9 yrs,Production Technician II,CCDR,Active,Part-Time,ZONE A,Temporary,Production,Technology / It,15-06-1994,1994-06-15,MA,Female,White,Single,Fully meets,2,07-03-2023,3,Medium,1,3,21-Feb-23,2023-02-21,Leadership Development,External,Incomplete,0,4,317.26,25,Under 30,0,0
2871,11-Mar-22,2022-03-11,4,2-4 yrs,Production Technician I,NEL,Active,Contract,ZONE A,Part-Time,Production,Catv,27-04-1953,1953-04-27,MA,Male,Hispanic,Divorced,Fully meets,5,31-05-2023,2,Low,5,2,16-Oct-22,2022-10-16,Communication Skills,External,Incomplete,0,5,900.02,69,60+,0,0
2872,29-Jun-20,2020-06-29,5,5-9 yrs,Production Technician I,PL,Active,Contract,ZONE B,Full-Time,Production,Wireline Construction,03-12-1967,1967-12-03,MA,Male,Hispanic,Married,Fully meets,2,08-06-2023,3,Medium,5,1,20-Mar-23,2023-03-20,Communication Skills,Internal,Passed,1,3,573.84,53,50-59,0,0
2873,28-Mar-22,2022-03-28,4,2-4 yrs,Production Technician I,BPC,Active,Part-Time,ZONE A,Full-Time,Production,Field Operations,12-09-1998,1998-09-12,MA,Male,Hispanic,Divorced,Fully meets,4,15-12-2022,4,High,2,3,05-Jun-23,2023-06-05,Project Management,Internal,Failed,0,2,801.16,24,Under 30,0,0
2874,14-Feb-22,2022-02-14,4,2-4 yrs,Production Technician I,CCDR,Active,Part-Time,ZONE A,Full-Time,Production,Fielders,12-12-1953,1953-12-12,MA,Male,White,Divorced,Fully meets,1,14-03-2023,3,Medium,5,1,27-Sep-22,2022-09-27,Project Management,Internal,Passed,1,5,107.25,69,60+,0,0
2875,25-Dec-20,2020-12-25,5,5-9 yrs,Production Technician I,SVG,Active,Full-Time,ZONE C,Temporary,Production,General - Con,03-06-1981,1981-06-03,MA,Female,Black,Divorced,Fully meets,4,12-06-2023,3,Medium,5,4,17-Sep-22,2022-09-17,Project Management,External,Incomplete,0,1,892.56,39,30-39,0,0
2876,27-Apr-23,2023-04-27,3,2-4 yrs,Production Technician I,EW,Active,Part-Time,ZONE A,Temporary,Production,Field Operations,09-04-1957,1957-04-09,MA,Female,Asian,Divorced,Fully meets,4,21-12-2022,3,Medium,3,2,05-Jul-23,2023-07-05,Project Management,External,Failed,0,1,429.89,66,60+,0,0
2878,04-May-21,2021-05-04,5,5-9 yrs,Production Technician I,TNS,Active,Part-Time,ZONE A,Part-Time,Production,General - Sga,11-08-1957,1957-08-11,MA,Male,Black,Married,Fully meets,2,09-12-2022,2,Low,3,3,01-Dec-22,2022-12-01,Project Management,Internal,Incomplete,0,5,925.8,64,60+,0,0
2879,20-Dec-18,2018-12-20,7,5-9 yrs,Production Technician I,PYZ,Active,Full-Time,ZONE A,Full-Time,Production,Executive,15-11-1962,1962-11-15,MA,Male,Black,Married,Fully meets,2,07-01-2023,1,Low,5,2,15-Jun-23,2023-06-15,Customer Service,External,Failed,0,3,118.94,56,50-59,0,0
2880,11-Jun-21,2021-06-11,4,2-4 yrs,Production Technician I,WBL,Active,Contract,ZONE A,Temporary,Production,General - Con,21-08-2000,2000-08-21,MA,Female,Black,Single,Fully meets,4,13-01-2023,1,Low,1,2,15-Feb-23,2023-02-15,Project Management,Internal,Failed,0,4,932.34,21,Under 30,0,0
2881,07-Jun-23,2023-06-07,2,2-4 yrs,Production Technician I,NEL,Active,Contract,ZONE B,Full-Time,Production,Field Operations,22-04-1956,1956-04-22,MA,Male,Asian,Divorced,Fully meets,4,20-10-2022,5,High,4,1,18-May-23,2023-05-18,Leadership Development,External,Incomplete,0,1,624.59,67,60+,0,1
2882,21-May-19,2019-05-21,7,5-9 yrs,Production Technician I,PL,Terminated,Part-Time,ZONE B,Full-Time,Production,Shop (Fleet),29-11-1978,1978-11-29,MA,Male,Asian,Widowed,Fully meets,4,10-01-2023,3,Medium,2,5,21-Apr-23,2023-04-21,Leadership Development,Internal,Failed,0,4,835.35,41,40-49,0,0
2883,01-Mar-19,2019-03-01,7,5-9 yrs,Production Technician II,CCDR,Active,Part-Time,ZONE C,Full-Time,Production,General - Con,02-07-1960,1960-07-02,MA,Male,Hispanic,Married,Fully meets,4,14-06-2023,4,High,3,4,11-May-23,2023-05-11,Customer Service,External,Completed,1,4,597.63,59,50-59,0,0
2884,26-Feb-22,2022-02-26,4,2-4 yrs,Production Technician II,SVG,Active,Part-Time,ZONE A,Part-Time,Production,Wireline Construction,14-09-1979,1979-09-14,MA,Male,Other,Married,Fully meets,2,08-08-2022,3,Medium,2,4,01-May-23,2023-05-01,Technical Skills,External,Passed,1,4,974.28,43,40-49,0,0
2886,06-Aug-20,2020-08-06,5,5-9 yrs,Production Technician II,MSC,Active,Contract,ZONE A,Temporary,Production,Field Operations,30-10-1983,1983-10-30,MA,Male,Asian,Married,Fully meets,2,17-02-2023,5,High,5,1,09-Jul-23,2023-07-09,Technical Skills,External,Incomplete,0,4,263.04,37,30-39,0,0
2887,28-Jan-20,2020-01-28,6,5-9 yrs,Production Technician II,TNS,Terminated,Full-Time,ZONE A,Temporary,Production,Shop (Fleet),27-04-1987,1987-04-27,MA,Female,Black,Married,Fully meets,5,24-06-2023,5,High,1,1,15-Apr-23,2023-04-15,Communication Skills,Internal,Completed,1,5,411.52,33,30-39,0,0
2890,07-Oct-22,2022-10-07,3,2-4 yrs,Production Technician I,TNS,Active,Full-Time,ZONE A,Full-Time,Production,General - Sga,20-07-1988,1988-07-20,MA,Male,Black,Single,Fully meets,2,17-01-2023,3,Medium,5,5,10-Oct-22,2022-10-10,Technical Skills,Internal,Completed,1,5,838.84,34,30-39,0,0
2891,11-Aug-21,2021-08-11,4,2-4 yrs,Production Technician I,PYZ,Active,Contract,ZONE A,Temporary,Production,Wireline Construction,16-08-1995,1995-08-16,MA,Male,Black,Widowed,Fully meets,1,27-05-2023,5,High,2,3,31-Dec-22,2022-12-31,Technical Skills,External,Incomplete,0,4,767.51,26,Under 30,0,0
2892,10-Apr-21,2021-04-10,5,5-9 yrs,Production Technician I,WBL,Active,Contract,ZONE A,Full-Time,Production,Catv,06-12-1960,1960-12-06,MA,Male,Hispanic,Divorced,Fully meets,2,05-02-2023,2,Low,1,5,10-Aug-22,2022-08-10,Technical Skills,External,Passed,1,5,990.52,61,60+,0,0
2895,04-Apr-23,2023-04-04,3,2-4 yrs,Production Technician I,BPC,Terminated,Full-Time,ZONE A,Temporary,Production,Field Operations,11-04-1998,1998-04-11,MA,Male,Asian,Married,Fully meets,2,31-05-2023,1,Low,2,5,15-Nov-22,2022-11-15,Project Management,External,Incomplete,0,4,555.6,25,Under 30,0,1
2896,25-Oct-21,2021-10-25,4,2-4 yrs,Production Technician I,CCDR,Active,Full-Time,ZONE B,Part-Time,Production,Field Operations,28-11-1979,1979-11-28,MA,Male,Other,Divorced,Fully meets,4,01-07-2023,5,High,4,1,01-Jul-23,2023-07-01,Technical Skills,Internal,Passed,1,5,794.92,42,40-49,0,0
2897,04-Mar-22,2022-03-04,4,2-4 yrs,Production Technician I,SVG,Active,Full-Time,ZONE C,Part-Time,Production,Field Operations,10-06-1963,1963-06-10,MA,Female,Hispanic,Widowed,Fully meets,4,04-04-2023,3,Medium,5,2,26-Nov-22,2022-11-26,Leadership Development,Internal,Passed,1,2,926.17,59,50-59,0,0
2898,20-Dec-19,2019-12-20,6,5-9 yrs,Production Technician I,EW,Active,Contract,ZONE A,Full-Time,Production,Field Operations,09-01-1987,1987-01-09,MA,Female,Other,Single,Fully meets,4,20-11-2022,1,Low,4,3,22-Jun-23,2023-06-22,Leadership Development,Internal,Completed,1,1,832.37,32,30-39,0,0
2899,11-Sep-20,2020-09-11,5,5-9 yrs,Production Technician I,MSC,Active,Part-Time,ZONE B,Part-Time,Production,Project Management - Con,29-04-1992,1992-04-29,MA,Male,Other,Single,Fully meets,5,24-10-2022,1,Low,5,3,26-Mar-23,2023-03-26,Leadership Development,Internal,Completed,1,5,128.8,28,Under 30,0,0
2900,31-Oct-21,2021-10-31,4,2-4 yrs,Production Technician I,TNS,Active,Part-Time,ZONE B,Temporary,Production,General - Con,01-10-1952,1952-10-01,MA,Male,White,Widowed,Exceeds,2,29-10-2022,1,Low,4,1,16-Jan-23,2023-01-16,Customer Service,External,Passed,1,4,255.02,69,60+,0,0
2901,21-Oct-18,2018-10-21,7,5-9 yrs,Production Technician I,PYZ,Active,Part-Time,ZONE A,Part-Time,Production,Wireline Construction,21-12-1991,1991-12-21,MA,Female,White,Single,Fully meets,4,20-05-2023,1,Low,4,5,13-Jul-23,2023-07-13,Leadership Development,Internal,Incomplete,0,4,674.34,27,Under 30,0,0
2902,07-Jan-21,2021-01-07,5,5-9 yrs,Production Technician I,WBL,Active,Part-Time,ZONE B,Part-Time,Production,Field Operations,11-03-1961,1961-03-11,MA,Female,Black,Widowed,Fully meets,1,23-10-2022,5,High,4,3,31-Mar-23,2023-03-31,Project Management,External,Incomplete,0,2,778.36,60,60+,0,0
2903,09-Feb-23,2023-02-09,3,2-4 yrs,Production Technician I,NEL,Active,Part-Time,ZONE A,Full-Time,Production,Engineers,26-02-1998,1998-02-26,MA,Male,Asian,Single,Needs improvement,5,09-08-2022,3,Medium,3,5,22-Jun-23,2023-06-22,Customer Service,External,Failed,0,2,906.63,25,Under 30,0,0
2905,14-Oct-22,2022-10-14,3,2-4 yrs,Production Technician II,PL,Active,Full-Time,ZONE C,Full-Time,Production,Yard (Material Handling),05-12-1973,1973-12-05,MA,Male,Asian,Divorced,Fully meets,1,10-09-2022,2,Low,5,1,14-Oct-22,2022-10-14,Leadership Development,External,Passed,1,5,846.88,49,40-49,0,0
2906,02-Oct-18,2018-10-02,7,5-9 yrs,Production Technician II,PYZ,Active,Contract,ZONE B,Part-Time,Production,Field Operations,11-02-1979,1979-02-11,MA,Male,Asian,Divorced,Needs improvement,5,15-07-2023,2,Low,5,4,06-Dec-22,2022-12-06,Technical Skills,External,Incomplete,0,1,998.74,39,30-39,0,0
2907,22-Jun-20,2020-06-22,5,5-9 yrs,Production Technician II,SVG,Active,Full-Time,ZONE C,Part-Time,Production,Yard (Material Handling),04-03-1962,1962-03-04,MA,Male,White,Widowed,Needs improvement,4,15-03-2023,1,Low,4,5,12-Feb-23,2023-02-12,Communication Skills,External,Completed,1,4,510.69,58,50-59,0,0
2908,19-Mar-21,2021-03-19,5,5-9 yrs,Production Technician II,TNS,Active,Contract,ZONE C,Temporary,Production,Project Management - Con,06-04-1980,1980-04-06,MA,Male,Asian,Single,Exceeds,1,14-05-2023,4,High,2,5,28-Nov-22,2022-11-28,Leadership Development,External,Passed,1,1,100.55,41,40-49,0,0
2911,07-Aug-18,2018-08-07,7,5-9 yrs,Production Technician I,TNS,Active,Part-Time,ZONE A,Full-Time,Production,Finance & Accounting,17-12-1952,1952-12-17,MA,Male,Asian,Divorced,Exceeds,2,27-10-2022,5,High,2,2,28-Mar-23,2023-03-28,Technical Skills,Internal,Passed,1,1,292.36,66,60+,0,0
2912,01-May-22,2022-05-01,4,2-4 yrs,Production Technician I,PYZ,Active,Full-Time,ZONE C,Temporary,Production,Project Management - Con,30-05-1962,1962-05-30,MA,Male,Black,Widowed,Needs improvement,4,07-07-2023,3,Medium,5,3,11-Jan-23,2023-01-11,Communication Skills,Internal,Completed,1,2,990.45,60,60+,0,0
2913,03-Dec-19,2019-12-03,6,5-9 yrs,Production Technician I,WBL,Active,Full-Time,ZONE B,Part-Time,Production,Splicing,15-10-1950,1950-10-15,MA,Male,Hispanic,Divorced,Needs improvement,2,05-05-2023,4,High,1,2,01-Dec-22,2022-12-01,Communication Skills,External,Completed,1,3,989.75,69,60+,0,0
2914,02-Jan-20,2020-01-02,6,5-9 yrs,Production Technician I,NEL,Active,Full-Time,ZONE C,Part-Time,Production,Splicing,02-12-1972,1972-12-02,MA,Male,Hispanic,Widowed,Exceeds,2,29-05-2023,5,High,3,3,15-Oct-22,2022-10-15,Communication Skills,Internal,Failed,0,1,194.13,48,40-49,0,0
2915,30-Apr-22,2022-04-30,4,2-4 yrs,Production Technician I,PL,Terminated,Full-Time,ZONE B,Part-Time,Production,Field Operations,03-09-1992,1992-09-03,MA,Male,Asian,Widowed,Exceeds,1,29-04-2023,3,Medium,4,2,25-Mar-23,2023-03-25,Technical Skills,Internal,Incomplete,0,2,993.79,30,30-39,0,0
2916,04-Jul-20,2020-07-04,5,5-9 yrs,Production Technician I,BPC,Terminated,Part-Time,ZONE C,Temporary,Production,General - Sga,27-01-1953,1953-01-27,MA,Male,White,Single,Needs improvement,2,20-02-2023,4,High,4,2,09-Oct-22,2022-10-09,Technical Skills,Internal,Incomplete,0,2,932.4,67,60+,0,0
2917,05-Feb-20,2020-02-05,6,5-9 yrs,Production Technician I,CCDR,Active,Contract,ZONE A,Part-Time,Production,Field Operations,25-12-1991,1991-12-25,MA,Male,Other,Widowed,Exceeds,4,17-01-2023,1,Low,4,5,15-Oct-22,2022-10-15,Customer Service,External,Passed,1,3,636.37,29,Under 30,0,0
2918,22-Dec-18,2018-12-22,7,5-9 yrs,Production Technician I,SVG,Active,Part-Time,ZONE B,Full-Time,Production,Field Operations,08-05-1979,1979-05-08,MA,Female,Black,Widowed,Exceeds,4,11-12-2022,4,High,3,1,28-Aug-22,2022-08-28,Project Management,External,Failed,0,1,333.03,39,30-39,0,0
2919,21-Apr-19,2019-04-21,7,5-9 yrs,Production Technician I,EW,Active,Full-Time,ZONE A,Part-Time,Production,Field Operations,07-11-1988,1988-11-07,MA,Female,White,Single,Needs improvement,5,11-06-2023,5,High,1,2,23-Apr-23,2023-04-23,Technical Skills,Internal,Failed,0,1,195.63,31,30-39,0,0
2920,03-Apr-20,2020-04-03,6,5-9 yrs,Production Technician I,MSC,Active,Full-Time,ZONE A,Part-Time,Production,Field Operations,11-02-1959,1959-02-11,MA,Male,Hispanic,Single,Exceeds,5,04-02-2023,2,Low,4,4,27-Sep-22,2022-09-27,Technical Skills,External,Completed,1,2,140.27,61,60+,0,0
2921,22-Sep-18,2018-09-22,7,5-9 yrs,Production Technician I,TNS,Active,Full-Time,ZONE B,Part-Time,Production,Aerial,08-08-1957,1957-08-08,MA,Female,Asian,Divorced,Exceeds,2,15-03-2023,5,High,2,3,11-Jan-23,2023-01-11,Customer Service,External,Incomplete,0,1,465.54,61,60+,0,0
2922,14-Oct-22,2022-10-14,3,2-4 yrs,Production Technician I,BPC,Active,Part-Time,ZONE B,Full-Time,Production,General - Con,25-04-1993,1993-04-25,MA,Female,Other,Married,Exceeds,5,29-04-2023,4,High,2,5,19-May-23,2023-05-19,Technical Skills,External,Incomplete,0,1,713.3,29,Under 30,0,0
2923,12-Feb-22,2022-02-12,4,2-4 yrs,Production Technician I,CCDR,Active,Part-Time,ZONE A,Part-Time,Production,Field Operations,01-07-1980,1980-07-01,MA,Female,White,Married,Needs improvement,4,06-05-2023,5,High,1,2,15-Oct-22,2022-10-15,Technical Skills,Internal,Failed,0,4,632.73,42,40-49,0,0
2924,23-Mar-21,2021-03-23,5,5-9 yrs,Production Technician I,EW,Terminated,Contract,ZONE B,Part-Time,Production,Field Operations,15-05-1979,1979-05-15,MA,Male,Asian,Married,Exceeds,5,16-05-2023,5,High,4,4,31-Oct-22,2022-10-31,Technical Skills,External,Failed,0,1,244.84,42,40-49,0,0
2925,30-Aug-18,2018-08-30,7,5-9 yrs,Production Technician II,CCDR,Active,Part-Time,ZONE B,Temporary,Production,General - Sga,18-09-1972,1972-09-18,MA,Male,Other,Divorced,Exceeds,4,30-07-2023,1,Low,3,1,14-Apr-23,2023-04-14,Communication Skills,External,Failed,0,4,689.93,46,40-49,0,0
2928,10-Jan-21,2021-01-10,5,5-9 yrs,Production Technician II,MSC,Active,Full-Time,ZONE B,Part-Time,Production,General - Con,12-04-1972,1972-04-12,MA,Female,Hispanic,Divorced,Fully meets,5,28-08-2022,5,High,4,1,21-Jun-23,2023-06-21,Communication Skills,External,Incomplete,0,2,175.63,49,40-49,0,0
2929,19-Aug-20,2020-08-19,5,5-9 yrs,Production Technician II,TNS,Terminated,Full-Time,ZONE B,Temporary,Production,Field Operations,05-06-1986,1986-06-05,MA,Female,White,Widowed,Needs improvement,2,28-01-2023,1,Low,3,4,23-Sep-22,2022-09-23,Project Management,Internal,Passed,1,5,120.14,34,30-39,0,0
2930,21-Apr-23,2023-04-21,3,2-4 yrs,Production Technician II,PYZ,Active,Part-Time,ZONE A,Full-Time,Production,Wireless,20-03-1999,1999-03-20,MA,Female,Black,Widowed,Exceeds,2,19-06-2023,1,Low,4,2,23-Feb-23,2023-02-23,Technical Skills,External,Failed,0,5,871.29,24,Under 30,0,1
2931,29-Jan-20,2020-01-29,6,5-9 yrs,Production Technician I,MSC,Terminated,Full-Time,ZONE B,Temporary,Production,Field Operations,11-07-1969,1969-07-11,MA,Male,Hispanic,Single,Exceeds,2,20-09-2022,5,High,4,4,23-Jul-23,2023-07-23,Leadership Development,External,Passed,1,1,485.84,51,50-59,0,0
2934,24-Oct-21,2021-10-24,4,2-4 yrs,Production Technician I,WBL,Active,Contract,ZONE B,Temporary,Production,Field Operations,14-11-1963,1963-11-14,MA,Male,Asian,Widowed,Fully meets,2,16-11-2022,4,High,3,1,14-Mar-23,2023-03-14,Technical Skills,Internal,Passed,1,4,927.08,58,50-59,0,0
2935,03-Oct-20,2020-10-03,5,5-9 yrs,Production Technician I,NEL,Active,Contract,ZONE B,Part-Time,Production,Wireline Construction,09-12-1995,1995-12-09,MA,Male,White,Divorced,Fully meets,5,14-02-2023,5,High,1,1,25-Jul-23,2023-07-25,Communication Skills,External,Passed,1,4,395.52,25,Under 30,0,0
2936,21-Feb-23,2023-02-21,3,2-4 yrs,Production Technician I,PL,Active,Contract,ZONE C,Part-Time,Production,General - Con,15-09-1984,1984-09-15,MA,Male,Asian,Married,Needs improvement,1,18-09-2022,4,High,3,1,23-Dec-22,2022-12-23,Leadership Development,Internal,Completed,1,3,123.26,39,30-39,0,1
2937,01-Aug-20,2020-08-01,5,5-9 yrs,Production Technician I,BPC,Active,Contract,ZONE A,Temporary,Production,Yard (Material Handling),23-07-1952,1952-07-23,MA,Male,Black,Married,Needs improvement,2,09-12-2022,1,Low,4,4,25-Jul-23,2023-07-25,Leadership Development,Internal,Completed,1,3,198.45,68,60+,0,0
2938,08-Jan-23,2023-01-08,3,2-4 yrs,Production Technician I,CCDR,Active,Full-Time,ZONE C,Full-Time,Production,Aerial,11-12-1972,1972-12-11,MA,Male,White,Married,Needs improvement,1,30-01-2023,2,Low,5,1,18-May-23,2023-05-18,Communication Skills,Internal,Passed,1,2,478.07,51,50-59,0,0
2939,26-Jul-22,2022-07-26,3,2-4 yrs,Production Technician I,SVG,Active,Contract,ZONE B,Full-Time,Production,General - Eng,23-07-1980,1980-07-23,MA,Female,Hispanic,Single,Needs improvement,2,13-04-2023,4,High,3,3,06-Sep-22,2022-09-06,Project Management,External,Completed,1,3,285.5,42,40-49,0,0
2940,31-Aug-20,2020-08-31,5,5-9 yrs,Production Technician I,EW,Active,Contract,ZONE A,Part-Time,Production,Yard (Material Handling),05-12-1972,1972-12-05,MA,Female,Black,Single,Needs improvement,5,18-04-2023,5,High,1,3,14-Jun-23,2023-06-14,Communication Skills,External,Passed,1,2,490.26,48,40-49,0,0
2941,05-Nov-22,2022-11-05,3,2-4 yrs,Production Technician I,MSC,Active,Part-Time,ZONE B,Full-Time,Production,Engineers,26-04-1994,1994-04-26,MA,Male,Hispanic,Divorced,Needs improvement,2,14-12-2022,5,High,2,5,11-Nov-22,2022-11-11,Customer Service,Internal,Completed,1,3,828.68,28,Under 30,0,0
2943,09-Dec-19,2019-12-09,6,5-9 yrs,Production Technician I,PYZ,Active,Full-Time,ZONE B,Part-Time,Production,General - Sga,14-02-1963,1963-02-14,MA,Female,Other,Single,Needs improvement,2,18-10-2022,4,High,1,5,04-Apr-23,2023-04-04,Communication Skills,External,Completed,1,3,494.19,56,50-59,0,0
2944,10-May-19,2019-05-10,7,5-9 yrs,Production Technician I,WBL,Active,Part-Time,ZONE C,Part-Time,Production,General - Eng,08-04-1952,1952-04-08,MA,Female,Other,Widowed,Needs improvement,1,21-05-2023,2,Low,4,1,17-Feb-23,2023-02-17,Communication Skills,Internal,Passed,1,4,502.56,67,60+,0,0
2945,03-Sep-19,2019-09-03,6,5-9 yrs,Production Technician I,NEL,Terminated,Full-Time,ZONE B,Temporary,Production,Aerial,21-08-1976,1976-08-21,MA,Male,White,Widowed,Needs improvement,4,21-09-2022,4,High,2,1,01-Jul-23,2023-07-01,Communication Skills,External,Failed,0,5,826.82,43,40-49,0,0
2946,13-Sep-18,2018-09-13,7,5-9 yrs,Production Technician II,BPC,Active,Contract,ZONE A,Full-Time,Production,Splicing,29-06-1984,1984-06-29,MA,Male,Black,Divorced,Needs improvement,2,20-01-2023,4,High,5,3,12-Jul-23,2023-07-12,Leadership Development,Internal,Failed,0,4,655.83,34,30-39,0,0
2947,10-Jun-21,2021-06-10,4,2-4 yrs,Production Technician II,CCDR,Active,Part-Time,ZONE C,Temporary,Production,Wireline Construction,18-08-1958,1958-08-18,MA,Male,Asian,Divorced,Fully meets,1,11-02-2023,3,Medium,4,2,13-Aug-22,2022-08-13,Project Management,External,Incomplete,0,1,543.81,63,60+,0,0
2952,05-Jul-19,2019-07-05,6,5-9 yrs,Production Technician II,PYZ,Active,Contract,ZONE C,Full-Time,Production,General - Eng,26-04-1952,1952-04-26,MA,Female,Black,Widowed,Fully meets,4,01-04-2023,5,High,3,2,08-May-23,2023-05-08,Communication Skills,Internal,Completed,1,3,149.09,67,60+,0,0
2953,05-Nov-19,2019-11-05,6,5-9 yrs,Production Technician I,TNS,Active,Full-Time,ZONE B,Full-Time,Production,Field Operations,19-03-1957,1957-03-19,MA,Male,Other,Widowed,Fully meets,5,01-06-2023,2,Low,3,4,11-Dec-22,2022-12-11,Leadership Development,External,Incomplete,0,4,925.16,62,60+,0,0
2954,22-Jul-19,2019-07-22,6,5-9 yrs,Production Technician I,WBL,Active,Part-Time,ZONE B,Part-Time,Production,Field Operations,10-08-1955,1955-08-10,MA,Female,Black,Widowed,Fully meets,2,24-07-2023,5,High,2,1,23-Oct-22,2022-10-23,Project Management,External,Passed,1,2,833.13,64,60+,0,0
2955,21-Sep-20,2020-09-21,5,5-9 yrs,Production Technician I,PYZ,Active,Full-Time,ZONE A,Part-Time,Production,General - Con,14-06-1959,1959-06-14,MA,Male,Other,Married,Fully meets,1,12-06-2023,5,High,2,3,04-Jun-23,2023-06-04,Project Management,External,Failed,0,5,191.49,61,60+,0,0
2956,11-Nov-19,2019-11-11,6,5-9 yrs,Production Technician I,WBL,Active,Part-Time,ZONE C,Full-Time,Production,Engineers,15-12-1999,1999-12-15,MA,Male,Hispanic,Widowed,Fully meets,2,06-02-2023,5,High,4,1,13-Oct-22,2022-10-13,Customer Service,External,Passed,1,3,474.15,20,Under 30,0,0
2957,08-Feb-21,2021-02-08,5,5-9 yrs,Production Technician I,NEL,Active,Part-Time,ZONE B,Temporary,Production,Field Operations,13-01-1960,1960-01-13,MA,Male,Hispanic,Single,Fully meets,1,21-02-2023,1,Low,3,4,30-Aug-22,2022-08-30,Project Management,External,Failed,0,1,550.42,61,60+,0,0
2960,12-Feb-19,2019-02-12,7,5-9 yrs,Production Technician I,CCDR,Active,Full-Time,ZONE C,Part-Time,Production,General - Con,21-09-1976,1976-09-21,MA,Female,White,Divorced,Fully meets,2,23-09-2022,2,Low,4,3,16-Dec-22,2022-12-16,Project Management,Internal,Incomplete,0,4,449.66,43,40-49,0,0
2961,19-Oct-22,2022-10-19,3,2-4 yrs,Production Technician I,SVG,Active,Full-Time,ZONE A,Full-Time,Production,Field Operations,20-12-1977,1977-12-20,MA,Female,Asian,Divorced,Fully meets,2,12-02-2023,2,Low,2,4,19-Jan-23,2023-01-19,Leadership Development,External,Passed,1,5,587.25,45,40-49,0,0
2962,12-Dec-19,2019-12-12,6,5-9 yrs,Production Technician I,EW,Active,Full-Time,ZONE A,Full-Time,Production,Engineers,03-10-1982,1982-10-03,MA,Female,Hispanic,Single,Fully meets,1,19-12-2022,1,Low,2,3,28-Aug-22,2022-08-28,Customer Service,Internal,Failed,0,2,198.55,37,30-39,0,0
2963,29-Nov-21,2021-11-29,4,2-4 yrs,Production Technician I,MSC,Active,Full-Time,ZONE B,Full-Time,Production,Field Operations,04-09-1975,1975-09-04,MA,Male,Other,Married,Fully meets,2,02-10-2022,1,Low,3,2,08-Jun-23,2023-06-08,Customer Service,External,Completed,1,5,629.24,46,40-49,0,0
2964,15-May-21,2021-05-15,5,5-9 yrs,Production Technician I,TNS,Active,Part-Time,ZONE B,Full-Time,Production,Field Operations,02-06-1958,1958-06-02,MA,Female,Other,Divorced,Fully meets,2,15-12-2022,4,High,1,3,14-Oct-22,2022-10-14,Communication Skills,Internal,Incomplete,0,2,614.06,63,60+,0,0
2965,27-Jan-23,2023-01-27,3,2-4 yrs,Production Technician I,PYZ,Active,Contract,ZONE B,Temporary,Production,Field Operations,04-01-1957,1957-01-04,MA,Female,Hispanic,Divorced,Fully meets,1,13-07-2023,4,High,4,5,07-Mar-23,2023-03-07,Project Management,External,Completed,1,3,426.26,66,60+,0,0
2966,03-Jul-20,2020-07-03,5,5-9 yrs,Production Technician I,WBL,Active,Full-Time,ZONE A,Temporary,Production,Aerial,23-04-1961,1961-04-23,MA,Male,White,Divorced,Fully meets,4,06-03-2023,5,High,2,5,17-Oct-22,2022-10-17,Project Management,Internal,Passed,1,5,197.73,59,50-59,0,0
2967,26-Dec-22,2022-12-26,3,2-4 yrs,Production Technician I,NEL,Active,Full-Time,ZONE A,Part-Time,Production,Field Operations,06-12-1983,1983-12-06,MA,Female,Other,Married,Fully meets,4,11-08-2022,2,Low,3,1,21-Jul-23,2023-07-21,Customer Service,External,Incomplete,0,3,145.68,39,30-39,0,0
2968,23-Dec-18,2018-12-23,7,5-9 yrs,Production Technician I,CCDR,Active,Part-Time,ZONE B,Temporary,Production,General - Con,05-06-1981,1981-06-05,MA,Female,Black,Single,Fully meets,4,23-05-2023,1,Low,5,4,20-Nov-22,2022-11-20,Customer Service,Internal,Failed,0,3,764.74,37,30-39,0,0
2969,28-Sep-20,2020-09-28,5,5-9 yrs,Production Technician II,WBL,Terminated,Contract,ZONE A,Part-Time,Production,General - Con,28-12-1987,1987-12-28,MA,Female,Hispanic,Married,Fully meets,2,21-11-2022,4,High,5,5,18-Oct-22,2022-10-18,Customer Service,Internal,Passed,1,3,405.4,33,30-39,0,0
2970,16-Sep-20,2020-09-16,5,5-9 yrs,Production Technician I,MSC,Active,Full-Time,ZONE B,Temporary,Production,General - Con,30-04-1982,1982-04-30,MA,Female,Hispanic,Widowed,Fully meets,5,23-10-2022,5,High,5,5,16-Jan-23,2023-01-16,Leadership Development,External,Failed,0,4,689.49,38,30-39,0,0
2971,09-Feb-20,2020-02-09,6,5-9 yrs,Production Technician II,TNS,Active,Contract,ZONE C,Temporary,Production,Aerial,07-10-1996,1996-10-07,MA,Female,White,Divorced,Fully meets,1,14-10-2022,3,Medium,5,4,12-Apr-23,2023-04-12,Project Management,Internal,Incomplete,0,2,141.14,24,Under 30,0,0
2973,01-Dec-19,2019-12-01,6,5-9 yrs,Production Technician I,SVG,Active,Part-Time,ZONE C,Part-Time,Production,General - Con,14-06-1951,1951-06-14,MA,Female,Other,Married,Fully meets,5,09-12-2022,1,Low,3,3,13-Jul-23,2023-07-13,Technical Skills,Internal,Failed,0,5,458.81,68,60+,0,0
2977,28-Aug-20,2020-08-28,5,5-9 yrs,Production Technician II,NEL,Active,Part-Time,ZONE A,Temporary,Production,Yard (Material Handling),10-12-1987,1987-12-10,MA,Male,Black,Divorced,Fully meets,2,21-03-2023,2,Low,4,3,01-Apr-23,2023-04-01,Project Management,Internal,Passed,1,4,640.05,33,30-39,0,0
2978,16-Aug-22,2022-08-16,3,2-4 yrs,Production Technician I,CCDR,Active,Full-Time,ZONE C,Part-Time,Production,Yard (Material Handling),11-09-1981,1981-09-11,MA,Male,Hispanic,Divorced,Fully meets,4,29-08-2022,5,High,2,4,02-Nov-22,2022-11-02,Communication Skills,Internal,Failed,0,1,470.62,41,40-49,0,0
2979,26-Feb-22,2022-02-26,4,2-4 yrs,Production Technician I,PL,Active,Full-Time,ZONE A,Temporary,Production,Field Operations,16-06-2001,2001-06-16,MA,Female,Other,Widowed,Fully meets,2,08-01-2023,4,High,5,4,10-Jun-23,2023-06-10,Leadership Development,External,Failed,0,4,257.87,21,Under 30,0,0
2980,30-Dec-19,2019-12-30,6,5-9 yrs,Production Technician I,SVG,Active,Part-Time,ZONE A,Temporary,Production,General - Con,09-09-1957,1957-09-09,MA,Female,Hispanic,Divorced,Fully meets,2,06-02-2023,1,Low,3,5,17-Feb-23,2023-02-17,Customer Service,External,Passed,1,4,970.09,62,60+,0,0
2981,23-Jul-22,2022-07-23,3,2-4 yrs,Production Technician I,TNS,Active,Part-Time,ZONE B,Full-Time,Production,Aerial,25-12-1979,1979-12-25,MA,Female,Black,Single,Fully meets,1,21-09-2022,5,High,3,2,25-Jun-23,2023-06-25,Communication Skills,External,Completed,1,2,197.96,43,40-49,0,0
2982,14-Oct-18,2018-10-14,7,5-9 yrs,Production Technician II,WBL,Active,Full-Time,ZONE B,Temporary,Production,Field Operations,24-01-1952,1952-01-24,MA,Female,Other,Married,Fully meets,2,13-09-2022,5,High,4,3,31-Oct-22,2022-10-31,Project Management,External,Failed,0,2,166.78,66,60+,0,0
2983,20-Feb-21,2021-02-20,5,5-9 yrs,Production Technician II,PL,Active,Full-Time,ZONE C,Temporary,Production,Splicing,15-04-1962,1962-04-15,MA,Male,Hispanic,Widowed,Fully meets,2,01-07-2023,4,High,5,4,25-Jun-23,2023-06-25,Project Management,External,Passed,1,4,267.6,59,50-59,0,0
2984,28-Mar-20,2020-03-28,6,5-9 yrs,Production Technician II,PYZ,Active,Contract,ZONE B,Temporary,Production,Engineers,03-04-1975,1975-04-03,MA,Female,Black,Divorced,Fully meets,5,09-12-2022,4,High,1,1,24-May-23,2023-05-24,Project Management,Internal,Incomplete,0,1,671.21,45,40-49,0,0
2985,05-Feb-19,2019-02-05,7,5-9 yrs,Production Technician I,SVG,Active,Contract,ZONE A,Part-Time,Production,General - Sga,17-09-1970,1970-09-17,MA,Male,Hispanic,Married,Fully meets,1,14-07-2023,3,Medium,5,2,25-Oct-22,2022-10-25,Customer Service,Internal,Failed,0,4,813.43,49,40-49,0,0
2986,19-Apr-23,2023-04-19,3,2-4 yrs,Production Technician I,NEL,Active,Full-Time,ZONE B,Temporary,Production,General - Eng,11-01-1971,1971-01-11,MA,Female,Asian,Single,Fully meets,1,12-07-2023,4,High,5,3,20-Feb-23,2023-02-20,Communication Skills,Internal,Completed,1,1,501.89,52,50-59,0,1
2987,24-Sep-20,2020-09-24,5,5-9 yrs,Production Technician I,TNS,Active,Contract,ZONE B,Full-Time,Production,Shop (Fleet),20-02-1966,1966-02-20,MA,Male,Other,Single,Fully meets,4,06-07-2023,4,High,3,3,20-Jan-23,2023-01-20,Leadership Development,External,Failed,0,4,133.4,54,50-59,0,0
2988,14-Nov-20,2020-11-14,5,5-9 yrs,Production Technician I,MSC,Active,Full-Time,ZONE A,Part-Time,Production,General - Con,18-01-1972,1972-01-18,MA,Male,Hispanic,Married,Fully meets,1,15-07-2023,4,High,4,4,03-Jan-23,2023-01-03,Customer Service,Internal,Failed,0,4,312.8,48,40-49,0,0
2990,21-Apr-19,2019-04-21,7,5-9 yrs,Production Technician I,PYZ,Active,Full-Time,ZONE C,Part-Time,Production,General - Con,28-05-1999,1999-05-28,MA,Female,White,Single,Fully meets,2,21-05-2023,2,Low,2,3,14-May-23,2023-05-14,Project Management,External,Passed,1,3,494.03,20,Under 30,0,0
2991,13-Mar-20,2020-03-13,6,5-9 yrs,Production Technician I,WBL,Active,Contract,ZONE A,Full-Time,Production,General - Con,17-03-1999,1999-03-17,MA,Female,White,Single,Exceeds,2,23-08-2022,5,High,5,3,02-Dec-22,2022-12-02,Project Management,Internal,Completed,1,3,722.92,21,Under 30,0,0
2992,16-Apr-22,2022-04-16,4,2-4 yrs,Production Technician I,NEL,Active,Full-Time,ZONE A,Part-Time,Production,Field Operations,18-10-1973,1973-10-18,MA,Female,Asian,Married,Fully meets,4,07-12-2022,1,Low,4,2,03-Feb-23,2023-02-03,Leadership Development,Internal,Passed,1,1,125.34,49,40-49,0,0
2994,18-Feb-22,2022-02-18,4,2-4 yrs,Production Technician I,BPC,Active,Part-Time,ZONE B,Temporary,Production,Engineers,10-05-1953,1953-05-10,MA,Male,Other,Married,Fully meets,4,16-12-2022,5,High,5,3,14-Dec-22,2022-12-14,Project Management,External,Incomplete,0,1,936.24,69,60+,0,0
2995,03-Sep-18,2018-09-03,7,5-9 yrs,Production Technician I,CCDR,Active,Full-Time,ZONE A,Full-Time,Production,General - Con,17-10-1954,1954-10-17,MA,Male,Other,Single,Needs improvement,4,19-01-2023,1,Low,5,2,03-Jul-23,2023-07-03,Technical Skills,Internal,Passed,1,1,440.35,64,60+,0,0
2996,15-Jun-22,2022-06-15,3,2-4 yrs,Production Technician I,SVG,Active,Contract,ZONE B,Temporary,Production,General - Con,30-09-1989,1989-09-30,MA,Female,Other,Widowed,Fully meets,4,27-08-2022,3,Medium,2,2,30-Sep-22,2022-09-30,Technical Skills,Internal,Passed,1,2,727.12,33,30-39,0,0
2997,14-Feb-22,2022-02-14,4,2-4 yrs,Production Technician I,EW,Active,Contract,ZONE B,Part-Time,Production,General - Con,30-06-1985,1985-06-30,MA,Female,Other,Married,Fully meets,2,30-11-2022,1,Low,2,5,16-Feb-23,2023-02-16,Communication Skills,External,Completed,1,4,433.14,37,30-39,0,0
2998,09-Jul-23,2023-07-09,2,2-4 yrs,Production Technician I,MSC,Active,Contract,ZONE C,Part-Time,Production,General - Con,02-06-1968,1968-06-02,MA,Male,White,Widowed,Needs improvement,1,04-02-2023,4,High,3,3,17-Oct-22,2022-10-17,Customer Service,External,Failed,0,1,764.14,55,50-59,0,1
2999,28-Oct-18,2018-10-28,7,5-9 yrs,Production Technician I,TNS,Active,Contract,ZONE B,Part-Time,Production,Field Operations,16-03-1970,1970-03-16,MA,Male,Asian,Divorced,Fully meets,2,24-01-2023,2,Low,1,4,14-Jun-23,2023-06-14,Customer Service,Internal,Passed,1,5,800.21,48,40-49,0,0
3000,09-Jul-22,2022-07-09,3,2-4 yrs,Production Technician I,PYZ,Active,Contract,ZONE B,Full-Time,Production,Isp,27-09-1973,1973-09-27,MA,Male,Other,Single,Fully meets,1,17-07-2023,2,Low,2,5,11-May-23,2023-05-11,Technical Skills,External,Incomplete,0,2,172.72,49,40-49,0,0
3002,27-Oct-20,2020-10-27,5,5-9 yrs,Production Technician II,BPC,Active,Full-Time,ZONE A,Part-Time,Production,General - Con,16-05-1991,1991-05-16,MA,Female,White,Widowed,Fully meets,2,10-09-2022,3,Medium,3,3,05-Feb-23,2023-02-05,Leadership Development,Internal,Passed,1,4,247.81,29,Under 30,0,0
3003,01-Oct-21,2021-10-01,4,2-4 yrs,Production Technician II,CCDR,Active,Full-Time,ZONE A,Part-Time,Production,Field Operations,31-08-1990,1990-08-31,MA,Female,Other,Single,Fully meets,5,17-01-2023,4,High,3,5,16-Nov-22,2022-11-16,Technical Skills,Internal,Passed,1,4,144.84,31,30-39,0,0
3004,29-Aug-19,2019-08-29,6,5-9 yrs,Production Technician II,EW,Active,Full-Time,ZONE B,Full-Time,Production,General - Con,24-01-1996,1996-01-24,MA,Female,Asian,Divorced,Fully meets,5,21-10-2022,4,High,3,4,07-Mar-23,2023-03-07,Technical Skills,Internal,Incomplete,0,1,183.63,23,Under 30,0,0
3006,04-Oct-22,2022-10-04,3,2-4 yrs,Production Technician II,NEL,Active,Part-Time,ZONE C,Full-Time,Production,Field Operations,26-07-1968,1968-07-26,MA,Female,Asian,Single,Fully meets,1,28-02-2023,3,Medium,5,2,13-May-23,2023-05-13,Communication Skills,External,Passed,1,3,415.18,54,50-59,0,0
3008,03-Apr-20,2020-04-03,6,5-9 yrs,Production Technician II,PYZ,Active,Full-Time,ZONE A,Full-Time,Production,General - Sga,06-03-1977,1977-03-06,MA,Female,Black,Widowed,Fully meets,4,09-04-2023,2,Low,1,4,15-Mar-23,2023-03-15,Leadership Development,Internal,Incomplete,0,3,967.08,43,40-49,0,0
3009,02-Jun-19,2019-06-02,7,5-9 yrs,Production Technician I,EW,Active,Part-Time,ZONE C,Part-Time,Production,Billable Consultants,01-05-1997,1997-05-01,MA,Male,White,Married,Fully meets,2,27-10-2022,1,Low,2,4,20-Nov-22,2022-11-20,Leadership Development,Internal,Incomplete,0,4,637.86,22,Under 30,0,0
3013,18-May-19,2019-05-18,7,5-9 yrs,Production Technician I,CCDR,Active,Full-Time,ZONE C,Full-Time,Production,Splicing,25-03-1982,1982-03-25,MA,Female,Asian,Widowed,Pip,1,13-07-2023,5,High,2,4,23-May-23,2023-05-23,Leadership Development,Internal,Incomplete,0,4,776.3,37,30-39,0,0
3014,23-Nov-22,2022-11-23,3,2-4 yrs,Production Technician I,EW,Active,Contract,ZONE B,Temporary,Production,Field Operations,17-07-1967,1967-07-17,MA,Male,Hispanic,Single,Pip,2,19-03-2023,3,Medium,4,2,01-Feb-23,2023-02-01,Leadership Development,Internal,Completed,1,3,326.37,55,50-59,0,0
3015,02-Dec-20,2020-12-02,5,5-9 yrs,Production Technician I,MSC,Active,Part-Time,ZONE C,Part-Time,Production,General - Sga,14-06-1976,1976-06-14,MA,Male,Hispanic,Single,Pip,2,04-12-2022,5,High,5,5,18-Nov-22,2022-11-18,Customer Service,External,Completed,1,1,108.95,44,40-49,0,0
3016,05-Jan-22,2022-01-05,4,2-4 yrs,Production Technician I,NEL,Active,Part-Time,ZONE A,Part-Time,Production,Finance & Accounting,02-07-2000,2000-07-02,MA,Male,Black,Widowed,Pip,4,29-11-2022,3,Medium,1,2,26-Jan-23,2023-01-26,Communication Skills,Internal,Completed,1,4,550.9,22,Under 30,0,0
3017,16-Apr-23,2023-04-16,3,2-4 yrs,Production Technician I,PL,Active,Full-Time,ZONE B,Full-Time,Production,Field Operations,12-12-1994,1994-12-12,MA,Female,Other,Divorced,Pip,5,28-09-2022,3,Medium,5,3,19-Aug-22,2022-08-19,Technical Skills,Internal,Incomplete,0,4,795.89,29,Under 30,0,1
3018,10-Oct-20,2020-10-10,5,5-9 yrs,Production Technician I,PYZ,Active,Contract,ZONE C,Part-Time,Production,Project Management - Con,13-06-1974,1974-06-13,MA,Female,Black,Widowed,Pip,2,13-09-2022,1,Low,1,4,02-Apr-23,2023-04-02,Communication Skills,External,Passed,1,1,980.49,46,40-49,0,0
3019,15-Apr-22,2022-04-15,4,2-4 yrs,Production Technician I,SVG,Active,Contract,ZONE B,Full-Time,Production,Finance & Accounting,21-09-1979,1979-09-21,MA,Female,Asian,Married,Pip,2,11-09-2022,3,Medium,4,2,18-Nov-22,2022-11-18,Technical Skills,External,Failed,0,1,155.46,43,40-49,0,0
3021,31-Aug-20,2020-08-31,5,5-9 yrs,Production Technician I,WBL,Active,Contract,ZONE A,Temporary,Production,Wireline Construction,14-05-1987,1987-05-14,MA,Male,Other,Single,Pip,2,19-10-2022,5,High,3,4,04-Aug-23,2023-08-04,Customer Service,External,Passed,1,3,115.55,33,30-39,0,0
3022,10-Oct-18,2018-10-10,7,5-9 yrs,Production Technician I,BPC,Active,Full-Time,ZONE C,Full-Time,Production,Splicing,16-07-1976,1976-07-16,MA,Male,Other,Married,Pip,1,05-02-2023,2,Low,2,3,15-Dec-22,2022-12-15,Communication Skills,External,Completed,1,3,848.52,42,40-49,0,0
3023,15-Jan-19,2019-01-15,7,5-9 yrs,Production Technician II,TNS,Terminated,Contract,ZONE B,Part-Time,Production,General - Con,30-01-1958,1958-01-30,MA,Female,Black,Widowed,Pip,2,19-09-2022,3,Medium,5,3,04-May-23,2023-05-04,Project Management,Internal,Passed,1,5,321.61,61,60+,0,0
3024,26-Dec-21,2021-12-26,4,2-4 yrs,Production Technician II,BPC,Active,Contract,ZONE A,Full-Time,Production,Project Management - Con,28-03-1962,1962-03-28,MA,Female,Hispanic,Widowed,Fully meets,2,05-03-2023,4,High,5,5,21-Dec-22,2022-12-21,Technical Skills,External,Passed,1,4,957.12,59,50-59,0,0
3025,23-May-22,2022-05-23,4,2-4 yrs,Production Technician II,CCDR,Active,Contract,ZONE C,Temporary,Production,Project Management - Con,29-03-1999,1999-03-29,MA,Female,Black,Married,Fully meets,1,25-01-2023,3,Medium,4,5,27-Aug-22,2022-08-27,Communication Skills,External,Incomplete,0,3,177.63,23,Under 30,0,0
3028,10-Aug-18,2018-08-10,7,5-9 yrs,Production Technician II,NEL,Terminated,Contract,ZONE B,Temporary,Production,Engineers,02-05-2000,2000-05-02,MA,Female,Asian,Married,Fully meets,2,01-04-2023,5,High,4,1,20-Oct-22,2022-10-20,Communication Skills,Internal,Completed,1,4,690.29,18,Under 30,0,0
3029,24-Oct-21,2021-10-24,4,2-4 yrs,Production Technician II,PL,Active,Contract,ZONE C,Full-Time,Production,Finance & Accounting,14-06-1959,1959-06-14,MA,Female,Asian,Widowed,Fully meets,4,08-02-2023,1,Low,1,3,03-Jul-23,2023-07-03,Project Management,External,Incomplete,0,1,721.83,62,60+,0,0
3030,05-Jul-22,2022-07-05,3,2-4 yrs,Production Technician II,PYZ,Active,Full-Time,ZONE C,Part-Time,Production,Wireline Construction,10-08-1953,1953-08-10,MA,Female,White,Single,Fully meets,1,05-12-2022,2,Low,2,5,24-Dec-22,2022-12-24,Technical Skills,Internal,Passed,1,2,287.34,69,60+,0,0
3031,22-Jan-22,2022-01-22,4,2-4 yrs,Production Technician I,SVG,Active,Contract,ZONE B,Temporary,Production,Project Management - Con,13-07-1960,1960-07-13,MA,Male,Asian,Married,Fully meets,1,20-12-2022,2,Low,3,2,31-Dec-22,2022-12-31,Technical Skills,External,Incomplete,0,2,783.36,62,60+,0,0
3034,16-Oct-21,2021-10-16,4,2-4 yrs,Production Technician I,TNS,Active,Full-Time,ZONE B,Temporary,Production,Field Operations,04-05-1967,1967-05-04,MA,Female,White,Single,Fully meets,2,11-10-2022,1,Low,4,2,25-Nov-22,2022-11-25,Leadership Development,Internal,Passed,1,2,947.76,54,50-59,0,0
3035,14-Jun-19,2019-06-14,6,5-9 yrs,Production Technician I,PYZ,Active,Contract,ZONE C,Temporary,Production,Engineers,14-09-1950,1950-09-14,MA,Female,Other,Divorced,Fully meets,1,06-04-2023,2,Low,4,5,09-May-23,2023-05-09,Customer Service,Internal,Completed,1,1,498.19,69,60+,0,0
3036,05-Jul-20,2020-07-05,5,5-9 yrs,Production Technician I,WBL,Active,Full-Time,ZONE B,Temporary,Production,Technology / It,28-06-1957,1957-06-28,MA,Female,White,Widowed,Fully meets,2,25-02-2023,1,Low,4,2,19-Jun-23,2023-06-19,Technical Skills,Internal,Failed,0,3,516.4,63,60+,0,0
3037,02-Mar-20,2020-03-02,6,5-9 yrs,Production Technician I,NEL,Active,Full-Time,ZONE C,Full-Time,Production,Field Operations,06-10-1989,1989-10-06,MA,Male,Asian,Married,Fully meets,4,14-01-2023,3,Medium,4,2,01-May-23,2023-05-01,Leadership Development,Internal,Failed,0,5,374.69,31,30-39,0,0
3038,11-Nov-20,2020-11-11,5,5-9 yrs,Production Technician I,PL,Active,Part-Time,ZONE B,Temporary,Production,Field Operations,20-08-1955,1955-08-20,MA,Male,White,Divorced,Fully meets,2,06-10-2022,5,High,5,5,17-Aug-22,2022-08-17,Customer Service,Internal,Incomplete,0,5,244.22,65,60+,0,0
3039,22-Dec-19,2019-12-22,6,5-9 yrs,Production Technician I,BPC,Active,Contract,ZONE B,Temporary,Production,Project Management - Con,24-03-1966,1966-03-24,MA,Female,Other,Single,Fully meets,5,03-08-2023,4,High,2,1,05-Jan-23,2023-01-05,Leadership Development,Internal,Completed,1,2,130.81,53,50-59,0,0
3040,14-Dec-20,2020-12-14,5,5-9 yrs,Production Technician I,CCDR,Active,Full-Time,ZONE A,Full-Time,Production,Field Operations,01-02-1984,1984-02-01,MA,Female,White,Divorced,Fully meets,5,23-10-2022,5,High,1,4,30-Dec-22,2022-12-30,Technical Skills,Internal,Passed,1,5,321.03,36,30-39,0,0
3041,20-Jun-20,2020-06-20,5,5-9 yrs,Production Technician I,SVG,Active,Contract,ZONE C,Full-Time,Production,General - Con,22-04-2000,2000-04-22,MA,Female,White,Single,Fully meets,2,18-05-2023,5,High,5,4,28-Jul-23,2023-07-28,Project Management,Internal,Completed,1,4,354.82,20,Under 30,0,0
3042,09-Jun-23,2023-06-09,2,2-4 yrs,Production Technician I,EW,Active,Contract,ZONE B,Temporary,Production,Fielders,24-06-1961,1961-06-24,MA,Female,White,Widowed,Exceeds,4,13-01-2023,4,High,1,2,03-Feb-23,2023-02-03,Technical Skills,Internal,Incomplete,0,2,513.54,62,60+,0,1
3043,25-Sep-22,2022-09-25,3,2-4 yrs,Production Technician I,MSC,Active,Contract,ZONE C,Full-Time,Production,Catv,06-03-1963,1963-03-06,MA,Male,Black,Widowed,Exceeds,2,01-05-2023,5,High,3,3,21-Feb-23,2023-02-21,Customer Service,External,Completed,1,5,658.12,59,50-59,0,0
3044,26-Aug-20,2020-08-26,5,5-9 yrs,Production Technician I,TNS,Active,Contract,ZONE B,Part-Time,Production,General - Con,27-02-1966,1966-02-27,MA,Male,White,Single,Exceeds,2,07-06-2023,1,Low,1,3,20-Dec-22,2022-12-20,Leadership Development,Internal,Passed,1,2,643.75,54,50-59,0,0
3045,28-Aug-19,2019-08-28,6,5-9 yrs,Production Technician I,PYZ,Active,Full-Time,ZONE C,Temporary,Production,General - Eng,10-02-1968,1968-02-10,MA,Male,Other,Single,Exceeds,2,12-01-2023,5,High,4,1,03-Mar-23,2023-03-03,Communication Skills,External,Incomplete,0,2,290.75,51,50-59,0,0
3046,02-Jun-23,2023-06-02,3,2-4 yrs,Production Technician II,TNS,Terminated,Part-Time,ZONE A,Full-Time,Production,Wireline Construction,05-06-1983,1983-06-05,MA,Female,Other,Single,Exceeds,4,06-03-2023,2,Low,5,3,14-Jan-23,2023-01-14,Communication Skills,Internal,Passed,1,2,767.56,40,40-49,0,1
3047,12-Sep-18,2018-09-12,7,5-9 yrs,Production Technician II,PYZ,Active,Full-Time,ZONE C,Full-Time,Production,Engineers,03-10-1965,1965-10-03,MA,Female,White,Married,Exceeds,5,13-11-2022,4,High,2,1,13-Jun-23,2023-06-13,Customer Service,External,Passed,1,1,507.74,53,50-59,0,0
3048,15-Jul-23,2023-07-15,2,2-4 yrs,Production Technician II,WBL,Active,Contract,ZONE B,Part-Time,Production,Isp,13-03-1978,1978-03-13,MA,Female,White,Married,Fully meets,2,04-02-2023,2,Low,2,3,08-Jan-23,2023-01-08,Customer Service,Internal,Completed,1,2,919.75,45,40-49,0,1
3050,10-Feb-20,2020-02-10,6,5-9 yrs,Production Technician II,PL,Active,Contract,ZONE C,Full-Time,Production,Splicing,22-09-1970,1970-09-22,MA,Female,White,Single,Fully meets,4,26-09-2022,1,Low,3,4,06-Nov-22,2022-11-06,Project Management,External,Completed,1,2,826.19,50,50-59,0,0
3051,27-Aug-21,2021-08-27,4,2-4 yrs,Production Technician II,BPC,Terminated,Contract,ZONE B,Temporary,Production,Underground,13-02-1972,1972-02-13,MA,Female,Asian,Widowed,Fully meets,5,09-02-2023,3,Medium,5,5,02-May-23,2023-05-02,Leadership Development,External,Incomplete,0,1,992.48,49,40-49,0,0
3053,26-Mar-20,2020-03-26,6,5-9 yrs,Production Technician II,SVG,Active,Part-Time,ZONE A,Full-Time,Production,General - Con,04-01-1958,1958-01-04,MA,Female,Asian,Widowed,Fully meets,2,03-02-2023,2,Low,1,3,04-Jul-23,2023-07-04,Communication Skills,External,Failed,0,2,588.35,62,60+,0,0
3059,28-Mar-21,2021-03-28,5,5-9 yrs,Production Technician I,WBL,Active,Part-Time,ZONE A,Temporary,Production,Project Management - Con,05-08-1972,1972-08-05,MA,Female,White,Widowed,Fully meets,1,28-03-2023,2,Low,1,3,10-Jul-23,2023-07-10,Communication Skills,External,Completed,1,1,164.35,49,40-49,0,0
3060,29-Aug-20,2020-08-29,5,5-9 yrs,Production Technician I,NEL,Active,Part-Time,ZONE A,Part-Time,Production,Yard (Material Handling),03-01-1951,1951-01-03,MA,Male,Asian,Widowed,Fully meets,2,14-09-2022,5,High,2,4,30-Aug-22,2022-08-30,Customer Service,Internal,Failed,0,3,165.67,69,60+,0,0
3061,03-Jan-23,2023-01-03,3,2-4 yrs,Production Technician I,PL,Active,Part-Time,ZONE C,Full-Time,Production,Wireline Construction,26-09-1956,1956-09-26,MA,Male,Other,Married,Fully meets,4,19-07-2023,5,High,1,3,10-Sep-22,2022-09-10,Technical Skills,External,Incomplete,0,5,602.56,67,60+,0,1
3062,28-Nov-22,2022-11-28,3,2-4 yrs,Production Technician I,BPC,Active,Part-Time,ZONE A,Temporary,Production,General - Con,16-11-1987,1987-11-16,MA,Female,Asian,Divorced,Fully meets,1,20-05-2023,3,Medium,4,1,26-Jul-23,2023-07-26,Leadership Development,Internal,Passed,1,1,312.91,35,30-39,0,0
3063,22-Dec-21,2021-12-22,4,2-4 yrs,Production Technician I,CCDR,Active,Contract,ZONE B,Part-Time,Production,Field Operations,21-10-1983,1983-10-21,MA,Female,Other,Widowed,Fully meets,5,06-10-2022,1,Low,5,1,28-Sep-22,2022-09-28,Project Management,External,Failed,0,3,767.52,38,30-39,0,0
3064,08-Jul-23,2023-07-08,2,2-4 yrs,Production Technician I,SVG,Active,Contract,ZONE A,Full-Time,Production,Field Operations,23-08-1962,1962-08-23,MA,Female,Other,Divorced,Fully meets,4,02-12-2022,2,Low,2,5,31-Jul-23,2023-07-31,Project Management,Internal,Incomplete,0,5,166.35,61,60+,0,0
3065,21-Apr-21,2021-04-21,5,5-9 yrs,Production Technician I,EW,Active,Part-Time,ZONE A,Temporary,Production,Field Operations,07-10-1976,1976-10-07,MA,Female,Black,Divorced,Fully meets,4,01-12-2022,3,Medium,1,2,11-Jun-23,2023-06-11,Project Management,Internal,Incomplete,0,1,997.24,45,40-49,0,0
3066,28-Jul-22,2022-07-28,3,2-4 yrs,Production Technician I,MSC,Active,Full-Time,ZONE B,Full-Time,Production,Field Operations,12-04-1967,1967-04-12,MA,Male,Hispanic,Divorced,Fully meets,1,04-12-2022,5,High,4,1,18-Oct-22,2022-10-18,Communication Skills,External,Failed,0,3,258.73,55,50-59,0,0
3067,05-Nov-19,2019-11-05,6,5-9 yrs,Production Technician I,TNS,Active,Part-Time,ZONE B,Part-Time,Production,Field Operations,21-03-1982,1982-03-21,MA,Male,Hispanic,Single,Fully meets,4,26-12-2022,3,Medium,1,2,01-Sep-22,2022-09-01,Communication Skills,External,Completed,1,1,483.26,37,30-39,0,0
3069,19-Oct-19,2019-10-19,6,5-9 yrs,Production Technician II,WBL,Active,Full-Time,ZONE A,Temporary,Production,General - Con,14-02-1999,1999-02-14,MA,Female,White,Married,Fully meets,4,14-05-2023,1,Low,2,3,10-May-23,2023-05-10,Technical Skills,External,Incomplete,0,1,767.33,20,Under 30,0,0
3070,25-Dec-19,2019-12-25,6,5-9 yrs,Production Technician II,BPC,Active,Full-Time,ZONE C,Temporary,Production,Wireline Construction,05-05-1972,1972-05-05,MA,Female,White,Divorced,Fully meets,1,15-04-2023,1,Low,5,4,05-Dec-22,2022-12-05,Communication Skills,External,Failed,0,5,848.76,47,40-49,0,0
3071,04-Nov-22,2022-11-04,3,2-4 yrs,Production Technician II,CCDR,Active,Full-Time,ZONE B,Part-Time,Production,General - Con,26-01-1956,1956-01-26,MA,Female,Black,Married,Fully meets,2,19-09-2022,1,Low,4,2,30-May-23,2023-05-30,Project Management,External,Incomplete,0,4,647.01,66,60+,0,0
3072,26-Apr-23,2023-04-26,3,2-4 yrs,Production Technician II,EW,Active,Full-Time,ZONE B,Part-Time,Production,Wireless,15-02-1986,1986-02-15,MA,Female,Asian,Divorced,Fully meets,1,01-11-2022,2,Low,4,1,19-Jan-23,2023-01-19,Project Management,Internal,Failed,0,1,230.6,37,30-39,0,1
3073,26-Oct-22,2022-10-26,3,2-4 yrs,Production Technician II,MSC,Terminated,Contract,ZONE A,Part-Time,Production,General - Con,26-04-1987,1987-04-26,MA,Female,Black,Single,Fully meets,4,03-01-2023,2,Low,3,5,28-Jan-23,2023-01-28,Customer Service,Internal,Completed,1,1,681.4,35,30-39,0,0
3074,14-Jul-20,2020-07-14,5,5-9 yrs,Production Technician II,NEL,Terminated,Contract,ZONE A,Full-Time,Production,Splicing,04-10-1963,1963-10-04,MA,Female,Hispanic,Single,Fully meets,1,23-10-2022,1,Low,3,2,03-Jul-23,2023-07-03,Leadership Development,Internal,Passed,1,1,356.98,57,50-59,0,0
3075,12-Mar-23,2023-03-12,3,2-4 yrs,Production Technician II,PL,Active,Full-Time,ZONE B,Part-Time,Production,Fielders,09-01-1969,1969-01-09,MA,Female,Other,Single,Fully meets,5,20-07-2023,5,High,3,1,20-Feb-23,2023-02-20,Leadership Development,External,Completed,1,4,602.12,54,50-59,0,1
3076,26-Apr-23,2023-04-26,3,2-4 yrs,Production Technician II,PYZ,Active,Part-Time,ZONE C,Full-Time,Production,General - Con,26-05-1998,1998-05-26,MA,Male,White,Married,Fully meets,5,08-10-2022,2,Low,1,5,14-Nov-22,2022-11-14,Communication Skills,External,Passed,1,5,547.83,25,Under 30,0,1
3077,17-Sep-22,2022-09-17,3,2-4 yrs,Production Technician I,CCDR,Active,Contract,ZONE A,Temporary,Production,General - Con,16-08-1958,1958-08-16,MA,Male,Hispanic,Married,Fully meets,1,05-07-2023,2,Low,1,2,31-Oct-22,2022-10-31,Project Management,External,Failed,0,3,726.88,64,60+,0,0
3078,08-Jan-21,2021-01-08,5,5-9 yrs,Production Technician I,SVG,Active,Contract,ZONE B,Part-Time,Production,General - Con,14-04-1960,1960-04-14,MA,Male,Black,Widowed,Fully meets,1,28-01-2023,1,Low,1,5,05-Mar-23,2023-03-05,Leadership Development,Internal,Completed,1,1,548.95,61,60+,0,0
3081,20-Oct-20,2020-10-20,5,5-9 yrs,Production Technician I,TNS,Active,Part-Time,ZONE C,Part-Time,Production,Finance & Accounting,17-03-1980,1980-03-17,MA,Male,White,Widowed,Fully meets,2,20-04-2023,3,Medium,3,1,28-Aug-22,2022-08-28,Customer Service,Internal,Completed,1,2,316.38,40,40-49,0,0
3082,18-Nov-22,2022-11-18,3,2-4 yrs,Production Technician I,PYZ,Active,Part-Time,ZONE A,Part-Time,Production,Field Operations,04-10-1988,1988-10-04,MA,Female,Other,Single,Fully meets,1,30-07-2023,4,High,3,4,15-May-23,2023-05-15,Project Management,External,Incomplete,0,4,696.51,34,30-39,0,0
3083,14-Jan-23,2023-01-14,3,2-4 yrs,Production Technician I,WBL,Active,Contract,ZONE C,Full-Time,Production,Aerial,24-05-1967,1967-05-24,MA,Male,Asian,Widowed,Fully meets,2,24-02-2023,4,High,4,3,08-May-23,2023-05-08,Technical Skills,External,Completed,1,2,413.66,56,50-59,0,0
3084,27-Oct-20,2020-10-27,5,5-9 yrs,Production Technician I,NEL,Active,Part-Time,ZONE A,Temporary,Production,General - Con,29-06-1996,1996-06-29,MA,Male,Black,Widowed,Fully meets,4,06-12-2022,5,High,3,3,14-Mar-23,2023-03-14,Customer Service,External,Completed,1,5,109.14,24,Under 30,0,0
3085,29-Aug-20,2020-08-29,5,5-9 yrs,Production Technician I,PL,Active,Full-Time,ZONE C,Full-Time,Production,Field Operations,04-03-1963,1963-03-04,MA,Female,Asian,Single,Fully meets,2,10-12-2022,4,High,3,5,23-Feb-23,2023-02-23,Technical Skills,External,Failed,0,2,855.84,57,50-59,0,0
3086,23-Dec-19,2019-12-23,6,5-9 yrs,Production Technician I,BPC,Active,Part-Time,ZONE B,Temporary,Production,Aerial,29-03-1987,1987-03-29,MA,Female,Asian,Divorced,Fully meets,1,13-07-2023,4,High,2,2,27-Jun-23,2023-06-27,Communication Skills,Internal,Incomplete,0,2,288.09,32,30-39,0,0
3089,09-May-20,2020-05-09,6,5-9 yrs,Production Technician I,EW,Active,Contract,ZONE A,Temporary,Production,Field Operations,16-05-1963,1963-05-16,MA,Female,Black,Single,Fully meets,4,08-06-2023,5,High,3,5,02-Jan-23,2023-01-02,Leadership Development,Internal,Failed,0,4,788.1,57,50-59,0,0
3090,08-Mar-23,2023-03-08,3,2-4 yrs,Production Technician I,MSC,Active,Part-Time,ZONE B,Part-Time,Production,Field Operations,14-02-1957,1957-02-14,MA,Male,Black,Married,Fully meets,5,15-01-2023,3,Medium,2,4,24-Nov-22,2022-11-24,Technical Skills,Internal,Incomplete,0,4,284.29,66,60+,0,1
3091,27-Feb-19,2019-02-27,7,5-9 yrs,Production Technician I,TNS,Terminated,Contract,ZONE B,Part-Time,Production,Billable Consultants,06-03-1958,1958-03-06,MA,Male,White,Single,Fully meets,5,10-02-2023,2,Low,2,4,10-Nov-22,2022-11-10,Project Management,External,Completed,1,5,872.29,61,60+,0,0
3092,12-Jan-20,2020-01-12,6,5-9 yrs,Production Technician II,TNS,Active,Contract,ZONE A,Full-Time,Production,Field Operations,10-12-1979,1979-12-10,MA,Female,Other,Married,Fully meets,2,15-04-2023,4,High,4,1,07-Oct-22,2022-10-07,Leadership Development,Internal,Passed,1,1,372.99,41,40-49,0,0
3093,29-Jun-19,2019-06-29,6,5-9 yrs,Production Technician II,PYZ,Active,Full-Time,ZONE B,Full-Time,Production,Splicing,21-09-1976,1976-09-21,MA,Female,Asian,Divorced,Fully meets,2,31-12-2022,3,Medium,4,5,25-Apr-23,2023-04-25,Communication Skills,Internal,Passed,1,5,229.87,43,40-49,0,0
3094,15-Jul-21,2021-07-15,4,2-4 yrs,Production Technician II,WBL,Active,Contract,ZONE C,Full-Time,Production,Engineers,18-10-1963,1963-10-18,MA,Female,Other,Widowed,Fully meets,1,26-04-2023,2,Low,3,1,01-Mar-23,2023-03-01,Project Management,Internal,Failed,0,2,544.31,58,50-59,0,0
3096,23-Sep-19,2019-09-23,6,5-9 yrs,Production Technician II,PL,Terminated,Contract,ZONE B,Part-Time,Production,Engineers,07-09-1974,1974-09-07,MA,Female,Hispanic,Single,Fully meets,5,05-05-2023,1,Low,3,2,29-Apr-23,2023-04-29,Technical Skills,Internal,Failed,0,1,108.99,45,40-49,0,0
3097,11-Oct-20,2020-10-11,5,5-9 yrs,Production Technician II,BPC,Terminated,Part-Time,ZONE C,Temporary,Production,Project Management - Con,11-06-1961,1961-06-11,MA,Female,White,Married,Fully meets,4,08-09-2022,5,High,3,4,30-Dec-22,2022-12-30,Project Management,Internal,Incomplete,0,5,166.08,59,50-59,0,0
3099,17-Dec-22,2022-12-17,3,2-4 yrs,Production Technician I,CCDR,Active,Full-Time,ZONE A,Temporary,Production,Fielders,02-09-1965,1965-09-02,MA,Male,Black,Divorced,Exceeds,4,07-09-2022,5,High,4,4,31-May-23,2023-05-31,Technical Skills,Internal,Passed,1,4,355.34,57,50-59,0,0
3101,23-Jan-23,2023-01-23,3,2-4 yrs,Production Technician I,EW,Active,Full-Time,ZONE B,Full-Time,Production,General - Con,09-03-1961,1961-03-09,MA,Female,Asian,Single,Fully meets,2,08-06-2023,5,High,4,1,21-May-23,2023-05-21,Technical Skills,Internal,Completed,1,4,849.63,62,60+,0,0
3106,21-Mar-20,2020-03-21,6,5-9 yrs,Production Technician I,NEL,Active,Part-Time,ZONE A,Temporary,Production,Field Operations,30-03-2000,2000-03-30,MA,Male,Hispanic,Divorced,Fully meets,4,29-04-2023,5,High,1,2,06-May-23,2023-05-06,Communication Skills,External,Incomplete,0,3,957.31,20,Under 30,0,0
3107,21-Jun-21,2021-06-21,4,2-4 yrs,Production Technician I,PL,Active,Full-Time,ZONE A,Temporary,Production,Wireline Construction,26-12-1971,1971-12-26,MA,Female,Black,Widowed,Fully meets,4,10-12-2022,2,Low,1,4,16-May-23,2023-05-16,Leadership Development,Internal,Failed,0,1,855.26,50,50-59,0,0
3109,20-Oct-18,2018-10-20,7,5-9 yrs,Production Technician I,CCDR,Active,Full-Time,ZONE A,Temporary,Production,Fielders,25-04-1999,1999-04-25,MA,Female,White,Married,Pip,2,06-10-2022,1,Low,2,1,12-Jun-23,2023-06-12,Customer Service,External,Failed,0,1,260.84,19,Under 30,0,0
3110,16-Mar-22,2022-03-16,4,2-4 yrs,Production Technician I,SVG,Active,Contract,ZONE C,Full-Time,Production,Wireline Construction,11-02-1956,1956-02-11,MA,Female,Hispanic,Single,Fully meets,2,30-12-2022,1,Low,2,1,29-Oct-22,2022-10-29,Technical Skills,External,Completed,1,3,299.97,66,60+,0,0
3111,13-Dec-18,2018-12-13,7,5-9 yrs,Production Technician I,EW,Active,Part-Time,ZONE B,Temporary,Production,Field Operations,07-05-1958,1958-05-07,MA,Female,Other,Divorced,Fully meets,1,27-07-2023,2,Low,5,2,06-Jun-23,2023-06-06,Leadership Development,Internal,Incomplete,0,1,374.9,60,60+,0,0
3113,03-Feb-19,2019-02-03,7,5-9 yrs,Production Technician II,TNS,Active,Contract,ZONE C,Full-Time,Production,Project Management - Con,02-07-1981,1981-07-02,MA,Female,White,Divorced,Fully meets,4,07-10-2022,5,High,2,5,19-Nov-22,2022-11-19,Leadership Development,Internal,Passed,1,5,236.27,38,30-39,0,0
3114,30-Sep-18,2018-09-30,7,5-9 yrs,Production Technician II,PYZ,Active,Contract,ZONE C,Full-Time,Production,Isp,06-07-1957,1957-07-06,MA,Female,Asian,Divorced,Fully meets,2,24-08-2022,2,Low,2,2,10-Jan-23,2023-01-10,Technical Skills,Internal,Passed,1,5,569.5,61,60+,0,0
3115,12-Jul-21,2021-07-12,4,2-4 yrs,Production Technician II,WBL,Active,Contract,ZONE A,Temporary,Production,Project Management - Con,01-01-1964,1964-01-01,MA,Female,Hispanic,Divorced,Fully meets,4,29-06-2023,1,Low,3,5,02-Jul-23,2023-07-02,Technical Skills,Internal,Incomplete,0,3,386.26,57,50-59,0,0
3116,04-Mar-21,2021-03-04,5,5-9 yrs,Production Technician II,NEL,Active,Part-Time,ZONE B,Temporary,Production,Field Operations,24-10-1981,1981-10-24,MA,Female,Hispanic,Married,Fully meets,5,18-03-2023,2,Low,1,4,23-Aug-22,2022-08-23,Project Management,External,Failed,0,4,323.12,40,40-49,0,0
3118,28-Jan-19,2019-01-28,7,5-9 yrs,Production Technician II,BPC,Terminated,Part-Time,ZONE A,Full-Time,Production,Catv,14-12-1956,1956-12-14,MA,Female,Black,Divorced,Fully meets,2,25-10-2022,3,Medium,2,3,06-Nov-22,2022-11-06,Technical Skills,External,Incomplete,0,2,543.74,63,60+,0,0
3119,10-Jan-21,2021-01-10,5,5-9 yrs,Production Technician I,NEL,Active,Part-Time,ZONE C,Part-Time,Production,General - Con,05-06-1993,1993-06-05,MA,Male,Other,Single,Fully meets,5,23-12-2022,4,High,5,2,26-Feb-23,2023-02-26,Leadership Development,External,Passed,1,1,899.2,28,Under 30,0,0
3126,27-Apr-22,2022-04-27,4,2-4 yrs,Production Technician I,WBL,Active,Contract,ZONE C,Full-Time,Production,Project Management - Con,02-07-1978,1978-07-02,MA,Male,Black,Divorced,Fully meets,2,19-08-2022,4,High,5,1,21-Jul-23,2023-07-21,Communication Skills,External,Passed,1,4,667.54,44,40-49,0,0
3127,14-Jun-22,2022-06-14,3,2-4 yrs,Production Technician I,NEL,Active,Part-Time,ZONE A,Part-Time,Production,Project Management - Con,26-10-1991,1991-10-26,MA,Male,White,Married,Fully meets,2,09-04-2023,4,High,5,5,19-Feb-23,2023-02-19,Project Management,External,Failed,0,5,309.74,31,30-39,0,0
3128,13-Jan-19,2019-01-13,7,5-9 yrs,Production Technician I,PL,Active,Part-Time,ZONE A,Temporary,Production,Field Operations,15-04-1974,1974-04-15,MA,Female,Black,Widowed,Fully meets,2,25-04-2023,3,Medium,5,4,28-Feb-23,2023-02-28,Communication Skills,Internal,Completed,1,1,830.63,45,40-49,0,0
3129,21-Jun-19,2019-06-21,6,5-9 yrs,Production Technician I,BPC,Active,Full-Time,ZONE A,Part-Time,Production,Underground,11-07-1985,1985-07-11,MA,Female,Black,Widowed,Fully meets,5,31-03-2023,4,High,2,4,11-Jun-23,2023-06-11,Technical Skills,Internal,Incomplete,0,4,277.31,34,30-39,0,0
3130,10-Aug-20,2020-08-10,5,5-9 yrs,Production Technician I,CCDR,Active,Part-Time,ZONE A,Temporary,Production,Wireline Construction,09-05-1981,1981-05-09,MA,Female,Black,Widowed,Fully meets,5,28-12-2022,4,High,3,3,21-Mar-23,2023-03-21,Customer Service,Internal,Incomplete,0,3,501.5,39,30-39,0,0
3131,13-Apr-21,2021-04-13,5,5-9 yrs,Production Technician I,SVG,Active,Contract,ZONE C,Temporary,Production,Wireline Construction,28-01-1954,1954-01-28,MA,Female,Hispanic,Single,Fully meets,2,07-08-2022,3,Medium,2,5,15-Jan-23,2023-01-15,Leadership Development,Internal,Completed,1,3,937.85,67,60+,0,0
3132,27-Apr-20,2020-04-27,6,5-9 yrs,Production Technician I,EW,Active,Full-Time,ZONE A,Full-Time,Production,Field Operations,20-09-1979,1979-09-20,MA,Female,Asian,Divorced,Fully meets,4,19-06-2023,2,Low,2,1,16-Mar-23,2023-03-16,Communication Skills,Internal,Incomplete,0,3,134.92,41,40-49,0,0
3133,25-Feb-22,2022-02-25,4,2-4 yrs,Production Technician I,MSC,Terminated,Contract,ZONE C,Part-Time,Production,Project Management - Con,23-10-1958,1958-10-23,MA,Male,White,Married,Fully meets,5,21-09-2022,1,Low,5,1,10-Oct-22,2022-10-10,Communication Skills,External,Incomplete,0,3,946.99,64,60+,0,0
3135,12-Mar-20,2020-03-12,6,5-9 yrs,Production Technician II,BPC,Active,Part-Time,ZONE A,Temporary,Production,Project Management - Con,25-04-1993,1993-04-25,MA,Female,White,Single,Fully meets,4,24-10-2022,1,Low,2,1,28-Jan-23,2023-01-28,Communication Skills,Internal,Passed,1,5,142.21,27,Under 30,0,0
3136,16-Nov-22,2022-11-16,3,2-4 yrs,Production Technician II,CCDR,Active,Full-Time,ZONE B,Full-Time,Production,Project Management - Con,17-05-1997,1997-05-17,MA,Female,Hispanic,Married,Fully meets,4,21-06-2023,5,High,3,5,22-Nov-22,2022-11-22,Project Management,External,Failed,0,2,386.95,25,Under 30,0,0
3137,09-Dec-18,2018-12-09,7,5-9 yrs,Production Technician II,EW,Terminated,Contract,ZONE B,Temporary,Production,Field Operations,03-06-1995,1995-06-03,MA,Female,Other,Single,Fully meets,2,23-03-2023,1,Low,2,4,11-Jun-23,2023-06-11,Technical Skills,External,Passed,1,4,641.68,23,Under 30,0,0
3138,25-Dec-22,2022-12-25,3,2-4 yrs,Production Technician II,MSC,Terminated,Contract,ZONE A,Full-Time,Production,Field Operations,07-04-1987,1987-04-07,MA,Female,Black,Single,Fully meets,4,10-07-2023,5,High,3,1,26-Jul-23,2023-07-26,Project Management,Internal,Failed,0,2,295.67,35,30-39,0,0
3139,19-Nov-21,2021-11-19,4,2-4 yrs,Production Technician II,NEL,Active,Part-Time,ZONE A,Temporary,Production,Field Operations,11-08-1971,1971-08-11,MA,Female,Asian,Single,Fully meets,4,29-11-2022,3,Medium,2,1,23-Apr-23,2023-04-23,Communication Skills,External,Completed,1,4,649.64,50,50-59,0,0
3140,01-Mar-22,2022-03-01,4,2-4 yrs,Production Technician I,PL,Active,Contract,ZONE C,Full-Time,Production,Catv,02-04-1990,1990-04-02,MA,Male,Hispanic,Widowed,Fully meets,5,07-05-2023,1,Low,1,1,12-Dec-22,2022-12-12,Technical Skills,External,Failed,0,1,402.77,32,30-39,0,0
3141,17-Mar-21,2021-03-17,5,5-9 yrs,Production Technician I,BPC,Active,Full-Time,ZONE B,Temporary,Production,Field Operations,10-07-1970,1970-07-10,MA,Male,Black,Married,Exceeds,2,16-02-2023,3,Medium,1,4,01-Apr-23,2023-04-01,Leadership Development,Internal,Incomplete,0,3,311.92,51,50-59,0,0
3144,09-Feb-21,2021-02-09,5,5-9 yrs,Production Technician I,EW,Active,Contract,ZONE C,Part-Time,Production,Engineers,19-09-1956,1956-09-19,MA,Male,Hispanic,Married,Exceeds,2,18-12-2022,3,Medium,4,3,15-Jul-23,2023-07-15,Communication Skills,Internal,Passed,1,3,848.99,65,60+,0,0
3146,16-Dec-18,2018-12-16,7,5-9 yrs,Production Technician I,TNS,Active,Part-Time,ZONE C,Temporary,Production,Project Management - Con,18-10-1978,1978-10-18,MA,Female,White,Widowed,Fully meets,4,05-09-2022,5,High,1,1,06-Mar-23,2023-03-06,Technical Skills,External,Passed,1,5,560.03,40,40-49,0,0
3147,17-Jul-23,2023-07-17,2,2-4 yrs,Production Technician I,PYZ,Active,Contract,ZONE B,Temporary,Production,General - Sga,23-04-1999,1999-04-23,MA,Male,Hispanic,Divorced,Fully meets,5,24-07-2023,2,Low,2,5,20-Dec-22,2022-12-20,Project Management,External,Completed,1,4,820.65,24,Under 30,0,1
3149,01-Mar-21,2021-03-01,5,5-9 yrs,Production Technician I,NEL,Active,Full-Time,ZONE A,Part-Time,Production,Field Operations,27-09-1983,1983-09-27,MA,Female,Black,Single,Exceeds,2,31-03-2023,2,Low,1,4,07-Jul-23,2023-07-07,Customer Service,Internal,Failed,0,2,858.12,38,30-39,0,0
3150,12-Feb-22,2022-02-12,4,2-4 yrs,Production Technician I,PL,Active,Full-Time,ZONE C,Part-Time,Production,Aerial,02-08-1955,1955-08-02,MA,Female,Asian,Widowed,Fully meets,2,29-08-2022,3,Medium,2,2,28-Jan-23,2023-01-28,Customer Service,External,Failed,0,4,781.04,67,60+,0,0
3151,26-Feb-22,2022-02-26,4,2-4 yrs,Production Technician I,BPC,Active,Part-Time,ZONE C,Temporary,Production,Field Operations,15-11-1965,1965-11-15,MA,Female,White,Widowed,Exceeds,4,24-02-2023,3,Medium,3,1,06-Oct-22,2022-10-06,Project Management,Internal,Passed,1,2,978.88,57,50-59,0,0
3152,05-Jul-22,2022-07-05,3,2-4 yrs,Production Technician I,CCDR,Active,Contract,ZONE C,Temporary,Production,Field Operations,29-12-1953,1953-12-29,MA,Female,Black,Widowed,Exceeds,5,28-04-2023,1,Low,3,1,24-Mar-23,2023-03-24,Communication Skills,Internal,Failed,0,4,955.95,69,60+,0,0
3153,29-Nov-19,2019-11-29,6,5-9 yrs,Production Technician I,SVG,Active,Part-Time,ZONE A,Full-Time,Production,Field Operations,13-12-1994,1994-12-13,MA,Female,Other,Single,Fully meets,4,04-11-2022,1,Low,5,3,11-Jul-23,2023-07-11,Communication Skills,External,Passed,1,5,897.64,25,Under 30,0,0
3155,16-Jul-20,2020-07-16,5,5-9 yrs,Production Technician I,MSC,Terminated,Contract,ZONE B,Temporary,Production,General - Con,14-03-1951,1951-03-14,MA,Male,Black,Married,Fully meets,2,18-08-2022,2,Low,5,4,27-Aug-22,2022-08-27,Communication Skills,External,Failed,0,5,336.64,69,60+,0,0
3156,18-Jul-19,2019-07-18,6,5-9 yrs,Production Technician II,MSC,Terminated,Contract,ZONE B,Part-Time,Production,General - Con,16-07-1962,1962-07-16,MA,Female,Black,Married,Fully meets,5,27-01-2023,4,High,2,2,02-Apr-23,2023-04-02,Communication Skills,External,Failed,0,4,171.46,57,50-59,0,0
3157,10-Mar-19,2019-03-10,7,5-9 yrs,Production Technician II,TNS,Active,Contract,ZONE A,Full-Time,Production,Billable Consultants,16-03-1984,1984-03-16,MA,Female,White,Divorced,Exceeds,5,11-04-2023,4,High,1,3,26-May-23,2023-05-26,Project Management,Internal,Incomplete,0,3,401.9,35,30-39,0,0
3158,30-May-23,2023-05-30,3,2-4 yrs,Production Technician II,PYZ,Active,Part-Time,ZONE A,Full-Time,Production,General - Sga,21-01-1976,1976-01-21,MA,Female,Hispanic,Divorced,Exceeds,2,02-02-2023,1,Low,1,3,19-Dec-22,2022-12-19,Communication Skills,Internal,Passed,1,5,266.62,47,40-49,0,1
3159,23-Aug-18,2018-08-23,7,5-9 yrs,Production Technician II,WBL,Active,Full-Time,ZONE B,Part-Time,Production,Field Operations,29-05-1978,1978-05-29,MA,Female,Asian,Married,Fully meets,4,23-04-2023,1,Low,1,2,19-Apr-23,2023-04-19,Technical Skills,External,Failed,0,2,913.36,40,40-49,0,0
3160,06-Mar-19,2019-03-06,7,5-9 yrs,Production Technician II,NEL,Active,Full-Time,ZONE A,Part-Time,Production,Splicing,18-04-1951,1951-04-18,MA,Female,Other,Single,Exceeds,4,20-08-2022,5,High,5,3,11-Jan-23,2023-01-11,Leadership Development,Internal,Failed,0,3,619.29,68,60+,0,0
3161,01-Aug-23,2023-08-01,2,2-4 yrs,Production Technician II,PL,Terminated,Full-Time,ZONE C,Full-Time,Production,General - Con,17-04-1983,1983-04-17,MA,Female,Black,Divorced,Fully meets,1,15-07-2023,1,Low,5,4,15-Sep-22,2022-09-15,Customer Service,External,Passed,1,3,398.98,40,40-49,0,1
3162,24-Feb-20,2020-02-24,6,5-9 yrs,Production Technician II,BPC,Active,Part-Time,ZONE A,Temporary,Production,Isp,27-08-1997,1997-08-27,MA,Male,White,Single,Fully meets,5,20-03-2023,4,High,4,2,24-Jul-23,2023-07-24,Technical Skills,Internal,Failed,0,5,569.76,23,Under 30,0,0
3163,26-Sep-19,2019-09-26,6,5-9 yrs,Production Technician I,PL,Active,Contract,ZONE A,Full-Time,Production,Catv,13-03-1979,1979-03-13,MA,Male,Black,Married,Fully meets,4,19-03-2023,2,Low,4,5,01-Oct-22,2022-10-01,Project Management,Internal,Passed,1,4,807.32,40,40-49,0,0
3164,07-Dec-22,2022-12-07,3,2-4 yrs,Production Technician I,BPC,Terminated,Full-Time,ZONE C,Temporary,Production,Field Operations,18-03-1997,1997-03-18,MA,Female,Other,Married,Fully meets,5,02-10-2022,4,High,2,3,10-Feb-23,2023-02-10,Project Management,External,Passed,1,3,981.17,25,Under 30,0,0
3165,08-Mar-19,2019-03-08,7,5-9 yrs,Production Technician I,CCDR,Active,Part-Time,ZONE C,Full-Time,Production,Field Operations,24-12-1994,1994-12-24,MA,Female,Black,Single,Fully meets,2,17-06-2023,1,Low,5,5,28-Aug-22,2022-08-28,Leadership Development,External,Failed,0,4,972.9,25,Under 30,0,0
3166,06-Aug-19,2019-08-06,6,5-9 yrs,Production Technician I,SVG,Active,Part-Time,ZONE A,Full-Time,Production,Field Operations,02-11-1993,1993-11-02,MA,Female,White,Single,Exceeds,2,26-01-2023,2,Low,4,1,27-Jan-23,2023-01-27,Project Management,Internal,Incomplete,0,4,928.71,26,Under 30,0,0
3169,08-Jun-19,2019-06-08,6,5-9 yrs,Production Technician I,TNS,Active,Part-Time,ZONE B,Part-Time,Production,Aerial,03-04-1951,1951-04-03,MA,Female,Other,Single,Exceeds,4,27-04-2023,3,Medium,2,3,25-Feb-23,2023-02-25,Communication Skills,Internal,Completed,1,4,109.96,68,60+,0,0
3170,28-Jan-22,2022-01-28,4,2-4 yrs,Production Technician I,PYZ,Active,Full-Time,ZONE C,Full-Time,Production,Field Operations,23-01-1992,1992-01-23,MA,Male,Asian,Married,Fully meets,2,28-11-2022,1,Low,3,2,28-Aug-22,2022-08-28,Technical Skills,External,Failed,0,2,361.28,30,30-39,0,0
3171,26-Aug-20,2020-08-26,5,5-9 yrs,Production Technician I,WBL,Active,Part-Time,ZONE A,Part-Time,Production,Engineers,25-02-1995,1995-02-25,MA,Female,White,Widowed,Fully meets,5,08-01-2023,4,High,1,5,30-Jun-23,2023-06-30,Leadership Development,External,Failed,0,4,248.66,25,Under 30,0,0
3172,22-Apr-19,2019-04-22,7,5-9 yrs,Production Technician I,NEL,Active,Contract,ZONE C,Part-Time,Production,Shop (Fleet),09-07-1983,1983-07-09,MA,Female,Asian,Divorced,Fully meets,4,02-09-2022,2,Low,3,1,25-Dec-22,2022-12-25,Customer Service,External,Failed,0,5,742.18,36,30-39,0,0
3173,21-Dec-22,2022-12-21,3,2-4 yrs,Production Technician I,PL,Active,Contract,ZONE A,Part-Time,Production,Billable Consultants,14-03-1957,1957-03-14,MA,Female,Asian,Married,Fully meets,1,13-07-2023,5,High,4,3,01-Jun-23,2023-06-01,Communication Skills,External,Incomplete,0,3,573.31,65,60+,0,0
3174,12-Oct-22,2022-10-12,3,2-4 yrs,Production Technician I,BPC,Active,Full-Time,ZONE C,Part-Time,Production,Catv,13-06-1961,1961-06-13,MA,Female,Hispanic,Single,Fully meets,5,02-01-2023,1,Low,5,5,09-Dec-22,2022-12-09,Communication Skills,External,Completed,1,4,860.91,61,60+,0,0
3176,13-Dec-18,2018-12-13,7,5-9 yrs,Production Technician I,SVG,Active,Full-Time,ZONE A,Full-Time,Production,Project Management - Con,24-02-2000,2000-02-24,MA,Female,Other,Widowed,Exceeds,1,09-02-2023,5,High,3,5,24-Jan-23,2023-01-24,Leadership Development,External,Passed,1,5,638.26,18,Under 30,0,0
3177,30-Sep-19,2019-09-30,6,5-9 yrs,Production Technician I,EW,Terminated,Full-Time,ZONE A,Full-Time,Production,Project Management - Con,13-03-2000,2000-03-13,MA,Female,Asian,Single,Fully meets,1,20-04-2023,3,Medium,4,2,25-Mar-23,2023-03-25,Leadership Development,External,Incomplete,0,2,423.71,19,Under 30,0,0
3178,24-Jan-20,2020-01-24,6,5-9 yrs,Production Technician II,MSC,Terminated,Part-Time,ZONE C,Part-Time,Production,Field Operations,30-04-1990,1990-04-30,MA,Female,White,Married,Pip,1,07-10-2022,5,High,2,1,02-May-23,2023-05-02,Communication Skills,Internal,Incomplete,0,3,708.78,30,30-39,0,0
3180,07-Jun-19,2019-06-07,6,5-9 yrs,Production Technician II,PYZ,Terminated,Full-Time,ZONE B,Temporary,Production,Field Operations,27-10-1997,1997-10-27,MA,Female,Hispanic,Divorced,Fully meets,4,30-01-2023,2,Low,1,1,03-Jul-23,2023-07-03,Project Management,External,Completed,1,1,829.59,22,Under 30,0,0
3181,25-Dec-19,2019-12-25,6,5-9 yrs,Production Technician II,WBL,Active,Contract,ZONE C,Temporary,Production,General - Con,17-07-1959,1959-07-17,MA,Female,Other,Single,Fully meets,4,05-04-2023,5,High,4,1,13-Jan-23,2023-01-13,Leadership Development,Internal,Incomplete,0,4,900.21,60,60+,0,0
3182,26-Jan-23,2023-01-26,3,2-4 yrs,Production Technician II,NEL,Active,Contract,ZONE B,Temporary,Production,Field Operations,21-11-1971,1971-11-21,MA,Female,White,Married,Pip,2,15-08-2022,3,Medium,3,4,02-May-23,2023-05-02,Technical Skills,Internal,Passed,1,2,825.61,52,50-59,0,0
3183,03-Nov-22,2022-11-03,3,2-4 yrs,Production Technician II,PL,Terminated,Full-Time,ZONE A,Temporary,Production,Engineers,15-02-1953,1953-02-15,MA,Male,Other,Single,Pip,3,06-05-2023,1,Low,1,4,28-Jul-23,2023-07-28,Customer Service,External,Completed,1,1,205.22,69,60+,0,0
3184,13-May-22,2022-05-13,4,2-4 yrs,Production Technician I,MSC,Active,Part-Time,ZONE A,Full-Time,Production,Field Operations,21-05-1972,1972-05-21,MA,Female,Hispanic,Single,Pip,5,03-07-2023,3,Medium,1,4,09-Sep-22,2022-09-09,Technical Skills,Internal,Failed,0,3,441.79,50,50-59,0,0
3185,23-Sep-20,2020-09-23,5,5-9 yrs,Production Technician I,NEL,Terminated,Contract,ZONE C,Temporary,Production,Field Operations,10-11-1999,1999-11-10,MA,Female,Other,Divorced,Pip,2,20-08-2022,5,High,4,5,28-Nov-22,2022-11-28,Communication Skills,External,Passed,1,3,491.87,21,Under 30,0,0
3186,29-Aug-21,2021-08-29,4,2-4 yrs,Production Technician I,PL,Active,Part-Time,ZONE A,Full-Time,Production,Aerial,03-05-1967,1967-05-03,MA,Female,Black,Divorced,Fully meets,2,12-06-2023,5,High,2,3,10-Apr-23,2023-04-10,Technical Skills,Internal,Failed,0,4,927.48,54,50-59,0,0
3187,13-Dec-22,2022-12-13,3,2-4 yrs,Production Technician I,PYZ,Active,Contract,ZONE C,Full-Time,Production,Wireline Construction,08-04-1962,1962-04-08,MA,Female,Black,Single,Pip,3,02-01-2023,4,High,2,2,26-Jul-23,2023-07-26,Leadership Development,Internal,Completed,1,3,831.15,60,60+,0,0
3188,06-Nov-22,2022-11-06,3,2-4 yrs,Production Technician I,SVG,Active,Part-Time,ZONE C,Part-Time,Production,Field Operations,04-11-1978,1978-11-04,MA,Male,Hispanic,Divorced,Fully meets,4,23-07-2023,5,High,2,4,16-May-23,2023-05-16,Leadership Development,Internal,Incomplete,0,3,976.9,44,40-49,0,0
3189,04-Aug-23,2023-08-04,2,2-4 yrs,Production Technician I,TNS,Active,Full-Time,ZONE C,Temporary,Production,Project Management - Con,21-07-1964,1964-07-21,MA,Female,Asian,Married,Pip,1,17-02-2023,4,High,3,4,11-Sep-22,2022-09-11,Leadership Development,Internal,Passed,1,5,574.76,59,50-59,0,1
3190,15-Nov-20,2020-11-15,5,5-9 yrs,Production Technician I,WBL,Active,Contract,ZONE C,Part-Time,Production,General - Con,10-02-1998,1998-02-10,MA,Male,White,Divorced,Pip,2,15-10-2022,4,High,5,5,13-Jul-23,2023-07-13,Leadership Development,External,Passed,1,3,911.6,22,Under 30,0,0
3192,21-Apr-19,2019-04-21,7,5-9 yrs,Production Technician I,CCDR,Active,Full-Time,ZONE A,Part-Time,Production,Aerial,12-01-1997,1997-01-12,MA,Female,Black,Single,Fully meets,3,26-06-2023,5,High,4,1,28-Aug-22,2022-08-28,Technical Skills,Internal,Incomplete,0,1,752.12,22,Under 30,0,0
3194,25-Mar-21,2021-03-25,5,5-9 yrs,Production Technician I,MSC,Active,Contract,ZONE B,Full-Time,Production,Field Operations,11-08-1995,1995-08-11,MA,Female,Asian,Divorced,Fully meets,1,26-12-2022,2,Low,5,5,23-Jan-23,2023-01-23,Leadership Development,Internal,Passed,1,5,143.28,26,Under 30,0,0
3195,16-Jul-20,2020-07-16,5,5-9 yrs,Production Technician I,NEL,Active,Full-Time,ZONE A,Full-Time,Production,General - Con,31-01-1981,1981-01-31,MA,Female,White,Divorced,Fully meets,2,23-03-2023,5,High,4,1,28-Jun-23,2023-06-28,Customer Service,External,Failed,0,1,556.09,39,30-39,0,0
3196,28-Nov-18,2018-11-28,7,5-9 yrs,Production Technician I,PL,Active,Full-Time,ZONE B,Temporary,Production,Engineers,12-11-1974,1974-11-12,MA,Female,Other,Divorced,Fully meets,2,31-10-2022,3,Medium,3,1,06-Jun-23,2023-06-06,Customer Service,Internal,Passed,1,5,518.62,44,40-49,0,0
3197,27-Jun-19,2019-06-27,6,5-9 yrs,Production Technician I,PYZ,Active,Contract,ZONE A,Full-Time,Production,General - Con,31-03-1977,1977-03-31,MA,Female,Hispanic,Divorced,Pip,1,20-09-2022,5,High,5,2,10-Nov-22,2022-11-10,Customer Service,Internal,Failed,0,4,694.79,42,40-49,0,0
3198,04-Jan-23,2023-01-04,3,2-4 yrs,Production Technician I,SVG,Active,Contract,ZONE A,Temporary,Production,General - Con,24-09-1979,1979-09-24,MA,Female,Asian,Married,Fully meets,2,04-01-2023,1,Low,3,1,01-Jun-23,2023-06-01,Communication Skills,Internal,Completed,1,2,445.34,44,40-49,0,0
3199,22-Nov-18,2018-11-22,7,5-9 yrs,Production Technician I,BPC,Active,Full-Time,ZONE B,Full-Time,Production,Engineers,17-01-1978,1978-01-17,MA,Female,Hispanic,Married,Fully meets,2,31-08-2022,1,Low,4,4,23-Sep-22,2022-09-23,Technical Skills,Internal,Incomplete,0,5,609.18,40,40-49,0,0
3200,08-Jan-21,2021-01-08,5,5-9 yrs,Production Technician II,PL,Active,Part-Time,ZONE B,Temporary,Production,Billable Consultants,26-07-1975,1975-07-26,MA,Male,Asian,Married,Fully meets,4,28-05-2023,5,High,1,3,18-Mar-23,2023-03-18,Communication Skills,Internal,Completed,1,1,473.02,46,40-49,0,0
3201,18-Nov-22,2022-11-18,3,2-4 yrs,Production Technician I,EW,Active,Part-Time,ZONE A,Part-Time,Production,Aerial,16-07-1984,1984-07-16,MA,Female,Asian,Widowed,Fully meets,4,27-12-2022,1,Low,4,5,05-Jun-23,2023-06-05,Leadership Development,Internal,Failed,0,2,758.46,38,30-39,0,0
3202,21-Jun-20,2020-06-21,5,5-9 yrs,Production Technician I,WBL,Terminated,Contract,ZONE A,Full-Time,Production,Engineers,28-03-1999,1999-03-28,MA,Female,Other,Single,Fully meets,4,25-12-2022,2,Low,5,1,30-Aug-22,2022-08-30,Customer Service,Internal,Passed,1,3,194.06,21,Under 30,0,0
3203,19-Jan-21,2021-01-19,5,5-9 yrs,Production Technician I,PYZ,Terminated,Contract,ZONE C,Part-Time,Production,General - Sga,10-09-1961,1961-09-10,MA,Female,White,Single,Fully meets,4,11-11-2022,4,High,4,2,01-Sep-22,2022-09-01,Project Management,External,Passed,1,2,317.06,60,60+,0,0
3204,04-Jun-23,2023-06-04,2,2-4 yrs,Production Technician I,BPC,Active,Contract,ZONE C,Full-Time,Production,General - Sga,12-11-1959,1959-11-12,MA,Male,White,Single,Fully meets,4,27-12-2022,4,High,1,1,09-Aug-22,2022-08-09,Communication Skills,Internal,Passed,1,1,291.9,64,60+,0,1
3206,06-Sep-19,2019-09-06,6,5-9 yrs,Production Technician I,BPC,Active,Part-Time,ZONE A,Part-Time,Production,Wireline Construction,16-03-1961,1961-03-16,MA,Male,Hispanic,Divorced,Fully meets,2,13-09-2022,2,Low,4,4,01-Apr-23,2023-04-01,Leadership Development,Internal,Passed,1,2,143.32,58,50-59,0,0
3207,27-Mar-22,2022-03-27,4,2-4 yrs,Production Technician I,PYZ,Active,Full-Time,ZONE C,Temporary,Production,Project Management - Con,28-08-1981,1981-08-28,MA,Female,White,Widowed,Fully meets,5,13-01-2023,4,High,4,5,17-Feb-23,2023-02-17,Technical Skills,External,Passed,1,3,724.51,41,40-49,0,0
3208,25-Dec-20,2020-12-25,5,5-9 yrs,Production Technician I,CCDR,Terminated,Contract,ZONE A,Temporary,Production,Field Operations,04-09-1973,1973-09-04,MA,Male,Hispanic,Divorced,Fully meets,2,22-03-2023,5,High,1,3,03-Apr-23,2023-04-03,Leadership Development,Internal,Passed,1,2,955.32,47,40-49,0,0
3209,24-Apr-21,2021-04-24,5,5-9 yrs,Production Technician II,PL,Active,Contract,ZONE A,Full-Time,Production,General - Con,17-03-1983,1983-03-17,MA,Male,Hispanic,Widowed,Fully meets,5,13-01-2023,3,Medium,3,1,06-Mar-23,2023-03-06,Project Management,Internal,Incomplete,0,5,259.71,38,30-39,0,0
3210,12-May-20,2020-05-12,6,5-9 yrs,Production Technician I,WBL,Active,Full-Time,ZONE A,Full-Time,Production,Aerial,13-06-1993,1993-06-13,MA,Female,Hispanic,Divorced,Fully meets,5,11-07-2023,3,Medium,5,1,31-Dec-22,2022-12-31,Project Management,External,Failed,0,2,128.89,27,Under 30,0,0
3211,23-May-23,2023-05-23,3,2-4 yrs,Production Technician II,SVG,Active,Part-Time,ZONE B,Part-Time,Production,General - Sga,26-08-1955,1955-08-26,MA,Female,Other,Married,Fully meets,2,09-10-2022,1,Low,5,3,13-Oct-22,2022-10-13,Customer Service,External,Incomplete,0,4,513.76,68,60+,0,1
3212,27-Dec-20,2020-12-27,5,5-9 yrs,Production Technician II,PYZ,Terminated,Full-Time,ZONE C,Part-Time,Production,Field Operations,30-06-1972,1972-06-30,MA,Male,Asian,Married,Fully meets,5,09-03-2023,2,Low,5,4,20-Jan-23,2023-01-20,Customer Service,External,Failed,0,2,944.89,48,40-49,0,0
3213,17-Nov-18,2018-11-17,7,5-9 yrs,Production Technician I,WBL,Active,Full-Time,ZONE A,Part-Time,Production,Field Operations,28-06-1952,1952-06-28,MA,Male,Hispanic,Widowed,Fully meets,2,08-01-2023,2,Low,5,1,09-Apr-23,2023-04-09,Communication Skills,External,Passed,1,2,494.29,66,60+,0,0
3214,16-Jul-19,2019-07-16,6,5-9 yrs,Production Technician I,PYZ,Active,Part-Time,ZONE B,Temporary,Production,General - Con,22-12-1972,1972-12-22,MA,Female,Asian,Widowed,Fully meets,2,14-04-2023,3,Medium,1,2,25-Jan-23,2023-01-25,Project Management,Internal,Incomplete,0,4,521.05,47,40-49,0,0
3215,25-Jan-20,2020-01-25,6,5-9 yrs,Production Technician II,SVG,Active,Contract,ZONE A,Part-Time,Production,General - Sga,03-06-1973,1973-06-03,MA,Male,White,Divorced,Fully meets,3,12-11-2022,4,High,3,5,06-Jul-23,2023-07-06,Communication Skills,External,Failed,0,3,183.77,47,40-49,0,0
3216,16-Aug-21,2021-08-16,4,2-4 yrs,Production Technician I,MSC,Active,Part-Time,ZONE A,Temporary,Production,Fielders,28-02-1972,1972-02-28,MA,Female,Other,Divorced,Fully meets,5,29-03-2023,1,Low,4,3,17-Mar-23,2023-03-17,Leadership Development,External,Passed,1,5,143.08,49,40-49,0,0
3217,20-Jan-19,2019-01-20,7,5-9 yrs,Production Technician II,BPC,Terminated,Contract,ZONE B,Full-Time,Production,General - Con,28-09-1968,1968-09-28,MA,Female,White,Single,Fully meets,3,01-11-2022,1,Low,2,1,09-Jun-23,2023-06-09,Customer Service,External,Passed,1,3,723.2,51,50-59,0,0
3218,04-Sep-18,2018-09-04,7,5-9 yrs,Production Technician I,SVG,Active,Full-Time,ZONE C,Part-Time,Production,Field Operations,13-07-1971,1971-07-13,MA,Male,Other,Widowed,Fully meets,5,13-01-2023,2,Low,2,5,21-Jan-23,2023-01-21,Leadership Development,External,Incomplete,0,2,526.6,47,40-49,0,0
3219,20-Sep-19,2019-09-20,6,5-9 yrs,Production Technician II,PL,Active,Full-Time,ZONE B,Full-Time,Production,Executive,16-08-2000,2000-08-16,MA,Female,Black,Widowed,Fully meets,3,06-02-2023,3,Medium,3,4,28-Mar-23,2023-03-28,Communication Skills,External,Passed,1,2,771.06,19,Under 30,0,0
3220,24-Jul-23,2023-07-24,2,2-4 yrs,Production Technician I,SVG,Active,Part-Time,ZONE A,Full-Time,Production,Field Operations,11-10-1980,1980-10-11,MA,Female,Other,Divorced,Fully meets,1,22-08-2022,5,High,4,3,11-Nov-22,2022-11-11,Technical Skills,Internal,Failed,0,4,839.86,43,40-49,0,1
3222,11-Jan-21,2021-01-11,5,5-9 yrs,Production Technician I,BPC,Active,Contract,ZONE A,Part-Time,Production,Shop (Fleet),14-08-1990,1990-08-14,MA,Female,Hispanic,Married,Fully meets,2,18-10-2022,2,Low,5,1,25-Sep-22,2022-09-25,Communication Skills,Internal,Completed,1,3,433.67,31,30-39,0,0
3224,03-Apr-23,2023-04-03,3,2-4 yrs,Production Technician I,SVG,Active,Part-Time,ZONE A,Part-Time,Production,People Services,06-02-1970,1970-02-06,MA,Female,White,Single,Fully meets,5,29-04-2023,2,Low,4,5,14-Sep-22,2022-09-14,Project Management,External,Completed,1,2,107.77,53,50-59,0,1
3225,07-Jun-21,2021-06-07,4,2-4 yrs,Production Technician I,EW,Active,Contract,ZONE B,Part-Time,Production,General - Con,29-07-1977,1977-07-29,MA,Female,White,Divorced,Fully meets,3,30-09-2022,3,Medium,1,1,26-Jul-23,2023-07-26,Communication Skills,Internal,Completed,1,1,374.1,44,40-49,0,0
3226,20-Jan-19,2019-01-20,7,5-9 yrs,Production Technician I,MSC,Active,Contract,ZONE B,Full-Time,Production,General - Eng,31-12-1988,1988-12-31,MA,Female,Black,Married,Fully meets,4,06-10-2022,1,Low,2,3,01-Mar-23,2023-03-01,Leadership Development,External,Incomplete,0,2,471.42,31,30-39,0,0
3231,24-May-21,2021-05-24,5,5-9 yrs,Production Technician I,PL,Active,Full-Time,ZONE C,Part-Time,Production,Shop (Fleet),14-05-1997,1997-05-14,MA,Female,White,Divorced,Exceeds,2,11-12-2022,5,High,3,3,24-Oct-22,2022-10-24,Customer Service,External,Failed,0,3,668.59,24,Under 30,0,0
3234,23-Aug-21,2021-08-23,4,2-4 yrs,Production Technician I,SVG,Active,Part-Time,ZONE B,Temporary,Production,General - Con,25-04-1959,1959-04-25,MA,Male,Black,Widowed,Fully meets,3,09-04-2023,1,Low,3,4,03-Nov-22,2022-11-03,Leadership Development,Internal,Completed,1,3,185.58,62,60+,0,0
3235,23-Dec-21,2021-12-23,4,2-4 yrs,Production Technician I,EW,Active,Contract,ZONE C,Temporary,Production,Engineers,01-08-1963,1963-08-01,MA,Male,Hispanic,Married,Fully meets,2,22-10-2022,3,Medium,4,1,08-Feb-23,2023-02-08,Project Management,Internal,Failed,0,3,667.23,58,50-59,0,0
3236,24-Jan-22,2022-01-24,4,2-4 yrs,Production Technician II,NEL,Active,Contract,ZONE C,Full-Time,Production,People Services,04-06-1979,1979-06-04,MA,Female,Asian,Married,Fully meets,5,28-04-2023,2,Low,4,1,17-Dec-22,2022-12-17,Communication Skills,Internal,Completed,1,5,209.99,43,40-49,0,0
3237,21-Nov-22,2022-11-21,3,2-4 yrs,Production Technician II,PL,Active,Contract,ZONE B,Temporary,Production,General - Eng,08-12-1987,1987-12-08,MA,Male,White,Married,Fully meets,4,10-02-2023,5,High,1,2,12-Jun-23,2023-06-12,Leadership Development,Internal,Failed,0,5,114.81,35,30-39,0,0
3238,04-Dec-18,2018-12-04,7,5-9 yrs,Production Technician II,PYZ,Terminated,Contract,ZONE A,Part-Time,Production,Wireline Construction,04-09-2000,2000-09-04,MA,Male,Other,Divorced,Fully meets,4,05-04-2023,5,High,3,5,08-Feb-23,2023-02-08,Project Management,External,Incomplete,0,2,964.12,18,Under 30,0,0
3239,02-Jun-19,2019-06-02,7,5-9 yrs,Production Technician II,SVG,Active,Part-Time,ZONE C,Temporary,Production,Field Operations,19-07-1992,1992-07-19,MA,Male,Black,Single,Fully meets,3,13-06-2023,5,High,2,5,15-Oct-22,2022-10-15,Leadership Development,External,Passed,1,1,818.77,27,Under 30,0,0
3240,12-Aug-18,2018-08-12,7,5-9 yrs,Production Technician II,TNS,Terminated,Full-Time,ZONE C,Temporary,Production,Shop (Fleet),05-03-1980,1980-03-05,MA,Female,Asian,Married,Fully meets,2,22-08-2022,2,Low,5,4,15-Oct-22,2022-10-15,Project Management,External,Passed,1,3,801.31,38,30-39,0,0
3242,23-Nov-21,2021-11-23,4,2-4 yrs,Production Technician I,NEL,Terminated,Contract,ZONE C,Full-Time,Production,Aerial,13-04-1955,1955-04-13,MA,Male,Hispanic,Single,Fully meets,3,09-06-2023,3,Medium,3,1,25-Oct-22,2022-10-25,Communication Skills,Internal,Incomplete,0,2,364.55,66,60+,0,0
3243,13-Dec-20,2020-12-13,5,5-9 yrs,Production Technician I,PL,Active,Full-Time,ZONE C,Full-Time,Production,Splicing,08-02-1955,1955-02-08,MA,Male,Hispanic,Married,Fully meets,2,25-11-2022,2,Low,3,1,20-Sep-22,2022-09-20,Technical Skills,Internal,Completed,1,1,174.03,65,60+,0,0
3246,12-Jun-19,2019-06-12,6,5-9 yrs,Production Technician I,SVG,Terminated,Part-Time,ZONE C,Part-Time,Production,Safety,15-04-1988,1988-04-15,MA,Female,White,Married,Fully meets,4,03-05-2023,1,Low,1,4,31-Jan-23,2023-01-31,Technical Skills,Internal,Failed,0,1,325.19,31,30-39,0,0
3248,07-Aug-18,2018-08-07,7,5-9 yrs,Production Technician I,MSC,Active,Contract,ZONE B,Part-Time,Production,General - Con,18-03-1967,1967-03-18,MA,Female,Hispanic,Single,Fully meets,5,04-11-2022,4,High,3,3,28-Jan-23,2023-01-28,Customer Service,External,Completed,1,2,222.11,51,50-59,0,0
3250,25-Mar-21,2021-03-25,5,5-9 yrs,Production Technician I,PYZ,Active,Full-Time,ZONE B,Full-Time,Production,Project Management - Con,11-06-1997,1997-06-11,MA,Male,Asian,Married,Fully meets,2,15-11-2022,1,Low,1,3,06-Feb-23,2023-02-06,Communication Skills,External,Completed,1,1,232.39,24,Under 30,0,0
3251,15-Feb-19,2019-02-15,7,5-9 yrs,Production Technician I,WBL,Terminated,Contract,ZONE A,Part-Time,Production,Field Operations,12-04-1956,1956-04-12,MA,Male,White,Divorced,Fully meets,5,09-04-2023,5,High,1,2,25-Nov-22,2022-11-25,Leadership Development,Internal,Completed,1,4,719.24,63,60+,0,0
3252,14-Mar-23,2023-03-14,3,2-4 yrs,Production Technician I,NEL,Active,Full-Time,ZONE A,Part-Time,Production,Shop (Fleet),02-11-1993,1993-11-02,MA,Female,Black,Divorced,Pip,4,05-08-2023,1,Low,3,1,08-Nov-22,2022-11-08,Communication Skills,Internal,Incomplete,0,5,102.7,30,30-39,0,1
3255,22-Mar-23,2023-03-22,3,2-4 yrs,Production Technician I,CCDR,Active,Contract,ZONE C,Part-Time,Production,Yard (Material Handling),06-05-1961,1961-05-06,MA,Male,Other,Widowed,Fully meets,3,17-02-2023,1,Low,4,1,07-Aug-22,2022-08-07,Leadership Development,External,Incomplete,0,3,975.75,62,60+,0,1
3256,24-Jan-19,2019-01-24,7,5-9 yrs,Production Technician I,SVG,Active,Part-Time,ZONE B,Part-Time,Production,General - Con,15-11-1954,1954-11-15,MA,Male,Black,Divorced,Fully meets,5,04-07-2023,4,High,1,4,01-Apr-23,2023-04-01,Customer Service,External,Failed,0,4,202.81,65,60+,0,0
3257,19-Nov-20,2020-11-19,5,5-9 yrs,Production Technician II,PL,Active,Full-Time,ZONE A,Full-Time,Production,Wireline Construction,10-04-1986,1986-04-10,MA,Female,Other,Single,Fully meets,3,09-10-2022,1,Low,3,5,24-Jun-23,2023-06-24,Project Management,External,Completed,1,3,309.86,34,30-39,0,0
3258,15-Feb-23,2023-02-15,3,2-4 yrs,Production Technician II,BPC,Active,Part-Time,ZONE B,Temporary,Production,Aerial,23-05-1971,1971-05-23,MA,Male,White,Single,Fully meets,2,16-10-2022,4,High,4,3,16-Jul-23,2023-07-16,Leadership Development,Internal,Completed,1,2,909.73,52,50-59,0,0
3260,06-Oct-21,2021-10-06,4,2-4 yrs,Production Technician II,SVG,Active,Contract,ZONE B,Temporary,Production,General - Con,17-06-1992,1992-06-17,MA,Male,Hispanic,Single,Fully meets,3,27-10-2022,5,High,2,1,03-Dec-22,2022-12-03,Customer Service,External,Failed,0,2,681.18,29,Under 30,0,0
3262,22-Mar-22,2022-03-22,4,2-4 yrs,Production Technician II,MSC,Active,Full-Time,ZONE A,Full-Time,Production,Catv,27-01-1984,1984-01-27,MA,Female,Black,Divorced,Pip,4,06-10-2022,4,High,3,3,10-May-23,2023-05-10,Communication Skills,Internal,Passed,1,4,959.73,38,30-39,0,0
3263,20-Apr-22,2022-04-20,4,2-4 yrs,Production Technician I,NEL,Terminated,Full-Time,ZONE A,Part-Time,Production,Engineers,14-04-1990,1990-04-14,MA,Male,Asian,Single,Pip,2,18-06-2023,1,Low,3,2,11-Apr-23,2023-04-11,Project Management,Internal,Passed,1,5,320.26,32,30-39,0,0
3265,31-Oct-18,2018-10-31,7,5-9 yrs,Production Technician I,BPC,Active,Part-Time,ZONE C,Full-Time,Production,Aerial,23-01-1993,1993-01-23,MA,Female,Asian,Single,Fully meets,1,10-09-2022,4,High,3,2,07-Dec-22,2022-12-07,Customer Service,External,Failed,0,1,721.96,25,Under 30,0,0
3266,24-Jul-20,2020-07-24,5,5-9 yrs,Production Technician I,CCDR,Active,Contract,ZONE A,Full-Time,Production,Wireline Construction,23-08-1996,1996-08-23,MA,Female,Black,Married,Fully meets,2,17-01-2023,1,Low,2,3,17-Nov-22,2022-11-17,Project Management,External,Incomplete,0,5,157.85,24,Under 30,0,0
3267,12-Dec-19,2019-12-12,6,5-9 yrs,Production Technician I,SVG,Active,Contract,ZONE C,Part-Time,Production,Splicing,07-11-1963,1963-11-07,MA,Female,Other,Single,Fully meets,5,14-06-2023,1,Low,5,2,27-Oct-22,2022-10-27,Communication Skills,External,Incomplete,0,1,980.78,56,50-59,0,0
3268,22-Jun-23,2023-06-22,2,2-4 yrs,Production Technician I,EW,Active,Contract,ZONE A,Temporary,Production,Field Operations,21-08-1962,1962-08-21,MA,Female,Asian,Single,Fully meets,2,30-06-2023,1,Low,5,4,24-Jun-23,2023-06-24,Project Management,Internal,Failed,0,5,988.08,61,60+,0,0
3269,20-Jun-21,2021-06-20,4,2-4 yrs,Production Technician I,MSC,Active,Full-Time,ZONE C,Temporary,Production,Field Operations,08-04-2000,2000-04-08,MA,Male,Asian,Married,Fully meets,1,30-11-2022,1,Low,5,2,11-Apr-23,2023-04-11,Customer Service,Internal,Passed,1,1,322.45,21,Under 30,0,0
3270,31-Oct-19,2019-10-31,6,5-9 yrs,Production Technician I,TNS,Active,Full-Time,ZONE B,Full-Time,Production,Splicing,09-04-1958,1958-04-09,MA,Male,Asian,Single,Fully meets,2,26-09-2022,5,High,5,4,13-Oct-22,2022-10-13,Leadership Development,External,Passed,1,1,147.59,61,60+,0,0
3271,02-Jul-19,2019-07-02,6,5-9 yrs,Production Technician I,PYZ,Terminated,Contract,ZONE B,Part-Time,Production,Engineers,29-04-1970,1970-04-29,MA,Male,Asian,Divorced,Fully meets,3,12-03-2023,1,Low,5,1,15-Mar-23,2023-03-15,Technical Skills,External,Passed,1,3,747.02,49,40-49,0,0
3272,10-Feb-23,2023-02-10,3,2-4 yrs,Production Technician I,WBL,Active,Contract,ZONE C,Part-Time,Production,Aerial,22-08-1959,1959-08-22,MA,Male,Other,Widowed,Fully meets,3,02-03-2023,5,High,5,2,30-Jan-23,2023-01-30,Leadership Development,External,Passed,1,2,419.09,64,60+,0,1
3273,16-Sep-22,2022-09-16,3,2-4 yrs,Production Technician I,NEL,Active,Full-Time,ZONE A,Temporary,Production,People Services,08-12-1998,1998-12-08,MA,Female,Asian,Divorced,Fully meets,4,05-05-2023,4,High,5,4,04-Nov-22,2022-11-04,Technical Skills,Internal,Passed,1,3,484.19,24,Under 30,0,0
3275,16-Nov-22,2022-11-16,3,2-4 yrs,Production Technician I,BPC,Active,Part-Time,ZONE B,Temporary,Production,General - Con,31-12-1991,1991-12-31,MA,Male,Other,Divorced,Pip,3,25-06-2023,1,Low,2,3,28-Nov-22,2022-11-28,Technical Skills,Internal,Incomplete,0,3,942.66,31,30-39,0,0
3276,25-Jan-21,2021-01-25,5,5-9 yrs,Production Technician I,CCDR,Active,Contract,ZONE A,Temporary,Production,Engineers,20-11-1996,1996-11-20,MA,Male,Asian,Divorced,Fully meets,2,20-03-2023,2,Low,2,4,15-Aug-22,2022-08-15,Project Management,External,Completed,1,3,826.54,25,Under 30,0,0
3277,16-Jun-23,2023-06-16,2,2-4 yrs,Production Technician II,NEL,Active,Part-Time,ZONE B,Temporary,Production,Aerial,21-05-1980,1980-05-21,MA,Female,Hispanic,Married,Fully meets,5,07-01-2023,3,Medium,2,3,14-Mar-23,2023-03-14,Project Management,Internal,Passed,1,1,997.87,43,40-49,0,1
3279,23-Jan-19,2019-01-23,7,5-9 yrs,Production Technician II,BPC,Active,Full-Time,ZONE A,Full-Time,Production,Engineers,31-01-1994,1994-01-31,MA,Male,Black,Married,Fully meets,5,01-04-2023,5,High,2,1,30-Oct-22,2022-10-30,Technical Skills,Internal,Incomplete,0,4,518.24,25,Under 30,0,0
3280,29-May-23,2023-05-29,3,2-4 yrs,Production Technician II,CCDR,Terminated,Part-Time,ZONE A,Temporary,Production,Project Management - Con,09-07-1983,1983-07-09,MA,Male,Other,Divorced,Fully meets,5,03-08-2023,4,High,5,4,24-Sep-22,2022-09-24,Project Management,External,Incomplete,0,3,580.09,40,40-49,0,1
3281,16-Aug-19,2019-08-16,6,5-9 yrs,Production Technician II,SVG,Active,Contract,ZONE B,Full-Time,Production,General - Con,23-07-1954,1954-07-23,MA,Male,Hispanic,Divorced,Fully meets,5,27-02-2023,4,High,4,4,23-Jan-23,2023-01-23,Project Management,Internal,Passed,1,3,104.8,65,60+,0,0
3282,04-Jun-20,2020-06-04,5,5-9 yrs,Production Technician II,EW,Active,Full-Time,ZONE B,Full-Time,Production,Wireline Construction,23-06-1978,1978-06-23,MA,Female,Asian,Married,Fully meets,3,30-04-2023,5,High,1,1,09-May-23,2023-05-09,Project Management,External,Failed,0,2,939.86,42,40-49,0,0
3283,21-Jul-20,2020-07-21,5,5-9 yrs,Production Technician II,MSC,Active,Contract,ZONE B,Part-Time,Production,Wireline Construction,13-08-1988,1988-08-13,MA,Female,Hispanic,Married,Fully meets,3,19-10-2022,1,Low,3,3,03-Mar-23,2023-03-03,Communication Skills,Internal,Incomplete,0,2,353.7,32,30-39,0,0
3285,16-Jul-21,2021-07-16,4,2-4 yrs,Production Technician I,MSC,Terminated,Contract,ZONE B,Part-Time,Production,Wireline Construction,15-01-1954,1954-01-15,MA,Male,Other,Single,Pip,4,29-05-2023,3,Medium,3,3,07-May-23,2023-05-07,Project Management,External,Incomplete,0,2,698.54,67,60+,0,0
3286,06-Nov-19,2019-11-06,6,5-9 yrs,Production Technician I,NEL,Active,Full-Time,ZONE C,Temporary,Production,Project Management - Con,15-08-1970,1970-08-15,MA,Female,White,Divorced,Pip,3,25-04-2023,3,Medium,1,4,16-May-23,2023-05-16,Project Management,External,Completed,1,1,692.96,49,40-49,0,0
3287,01-Jan-21,2021-01-01,5,5-9 yrs,Production Technician I,PL,Active,Part-Time,ZONE A,Temporary,Production,General - Con,10-06-1979,1979-06-10,MA,Female,Asian,Divorced,Fully meets,1,31-03-2023,5,High,1,2,18-Aug-22,2022-08-18,Project Management,Internal,Incomplete,0,3,997.37,42,40-49,0,0
3288,24-Sep-19,2019-09-24,6,5-9 yrs,Production Technician I,PYZ,Active,Full-Time,ZONE A,Temporary,Production,Field Operations,16-12-1967,1967-12-16,MA,Female,White,Divorced,Fully meets,2,31-03-2023,1,Low,5,2,15-Dec-22,2022-12-15,Customer Service,Internal,Failed,0,1,523.79,52,50-59,0,0
3289,17-May-20,2020-05-17,6,5-9 yrs,Production Technician I,SVG,Active,Contract,ZONE A,Full-Time,Production,General - Con,06-11-1980,1980-11-06,MA,Female,White,Divorced,Fully meets,4,13-06-2023,3,Medium,5,1,31-Mar-23,2023-03-31,Customer Service,Internal,Completed,1,5,923.23,40,40-49,0,0
3290,07-Aug-18,2018-08-07,7,5-9 yrs,Production Technician I,TNS,Active,Part-Time,ZONE A,Full-Time,Production,Field Operations,07-12-1995,1995-12-07,MA,Male,Other,Single,Fully meets,3,14-07-2023,1,Low,1,2,24-Jan-23,2023-01-24,Customer Service,External,Completed,1,5,406.19,23,Under 30,0,0
3291,01-Aug-23,2023-08-01,2,2-4 yrs,Production Technician I,WBL,Active,Contract,ZONE C,Full-Time,Production,General - Con,09-08-1957,1957-08-09,MA,Male,Hispanic,Married,Fully meets,2,28-06-2023,1,Low,1,3,02-Oct-22,2022-10-02,Technical Skills,Internal,Completed,1,2,394.74,66,60+,0,1
3293,09-Apr-21,2021-04-09,5,5-9 yrs,Production Technician I,WBL,Terminated,Contract,ZONE C,Full-Time,Production,General - Con,01-09-1967,1967-09-01,MA,Female,Black,Married,Fully meets,3,29-06-2023,5,High,3,4,19-Jan-23,2023-01-19,Leadership Development,Internal,Incomplete,0,2,261.25,54,50-59,0,0
3295,31-May-19,2019-05-31,7,5-9 yrs,Production Technician I,PL,Active,Part-Time,ZONE C,Full-Time,Production,Aerial,18-11-1954,1954-11-18,MA,Female,Black,Divorced,Fully meets,5,11-08-2022,1,Low,2,1,04-Oct-22,2022-10-04,Leadership Development,Internal,Passed,1,4,286.88,65,60+,0,0
3298,19-Nov-20,2020-11-19,5,5-9 yrs,Production Technician II,EW,Active,Full-Time,ZONE A,Full-Time,Production,Field Operations,10-03-1996,1996-03-10,MA,Female,Hispanic,Widowed,Fully meets,5,12-12-2022,3,Medium,4,4,15-Apr-23,2023-04-15,Customer Service,Internal,Completed,1,1,549.56,24,Under 30,0,0
3299,10-Nov-22,2022-11-10,3,2-4 yrs,Production Technician II,MSC,Active,Part-Time,ZONE A,Full-Time,Production,Wireline Construction,10-06-1975,1975-06-10,MA,Male,White,Widowed,Fully meets,4,31-01-2023,4,High,1,2,02-Apr-23,2023-04-02,Leadership Development,Internal,Incomplete,0,4,721.03,47,40-49,0,0
3301,13-May-19,2019-05-13,7,5-9 yrs,Production Technician II,PL,Terminated,Contract,ZONE B,Full-Time,Production,Field Operations,27-08-1997,1997-08-27,MA,Male,Black,Divorced,Fully meets,1,10-11-2022,2,Low,2,2,03-Feb-23,2023-02-03,Customer Service,Internal,Incomplete,0,1,443.13,22,Under 30,0,0
3303,18-Feb-23,2023-02-18,3,2-4 yrs,Production Technician II,SVG,Active,Full-Time,ZONE A,Part-Time,Production,Field Operations,11-11-1981,1981-11-11,MA,Female,Black,Single,Fully meets,3,08-03-2023,1,Low,2,1,19-Jul-23,2023-07-19,Customer Service,Internal,Incomplete,0,2,249.76,42,40-49,0,0
3304,02-Apr-19,2019-04-02,7,5-9 yrs,Production Technician II,TNS,Active,Part-Time,ZONE A,Temporary,Production,Wireline Construction,07-12-1984,1984-12-07,MA,Female,Other,Single,Fully meets,4,15-06-2023,2,Low,4,2,15-Jun-23,2023-06-15,Communication Skills,External,Incomplete,0,2,123.32,35,30-39,0,0
3305,30-Nov-20,2020-11-30,5,5-9 yrs,Production Technician I,WBL,Terminated,Contract,ZONE C,Part-Time,Production,Project Management - Con,09-07-1992,1992-07-09,MA,Female,Other,Widowed,Fully meets,4,08-08-2022,5,High,4,5,01-Dec-22,2022-12-01,Project Management,Internal,Completed,1,1,149.24,28,Under 30,0,0
3306,24-Sep-22,2022-09-24,3,2-4 yrs,Production Technician I,NEL,Terminated,Full-Time,ZONE A,Temporary,Production,Field Operations,31-03-1992,1992-03-31,MA,Male,White,Married,Pip,4,17-12-2022,3,Medium,5,1,13-Jan-23,2023-01-13,Project Management,External,Incomplete,0,3,267.72,30,30-39,0,0
3307,21-Jun-19,2019-06-21,6,5-9 yrs,Production Technician I,PL,Active,Full-Time,ZONE C,Full-Time,Production,Executive,18-10-1978,1978-10-18,MA,Male,Asian,Married,Fully meets,4,23-10-2022,2,Low,4,1,28-Jan-23,2023-01-28,Leadership Development,Internal,Passed,1,5,837.16,41,40-49,0,0
3308,10-Jun-22,2022-06-10,3,2-4 yrs,Production Technician I,BPC,Active,Contract,ZONE C,Temporary,Production,General - Sga,22-11-1998,1998-11-22,MA,Female,Black,Married,Fully meets,3,05-01-2023,1,Low,3,2,05-Apr-23,2023-04-05,Project Management,Internal,Passed,1,4,864.47,24,Under 30,0,0
3309,18-Oct-20,2020-10-18,5,5-9 yrs,Production Technician I,CCDR,Active,Part-Time,ZONE B,Part-Time,Production,Finance & Accounting,17-04-2000,2000-04-17,MA,Female,White,Single,Fully meets,1,31-05-2023,2,Low,3,5,15-Sep-22,2022-09-15,Customer Service,External,Completed,1,3,547.86,20,Under 30,0,0
3310,02-Feb-22,2022-02-02,4,2-4 yrs,Production Technician I,SVG,Active,Part-Time,ZONE B,Part-Time,Production,Executive,25-07-1975,1975-07-25,MA,Female,Asian,Married,Fully meets,3,04-11-2022,4,High,5,5,22-Jul-23,2023-07-22,Project Management,External,Incomplete,0,3,514.23,47,40-49,0,0
3311,17-Jun-21,2021-06-17,4,2-4 yrs,Production Technician I,EW,Active,Contract,ZONE A,Temporary,Production,Field Operations,12-03-1974,1974-03-12,MA,Female,Black,Widowed,Fully meets,4,31-07-2023,5,High,2,1,10-Dec-22,2022-12-10,Communication Skills,Internal,Passed,1,3,773.82,47,40-49,0,0
3313,09-May-21,2021-05-09,5,5-9 yrs,Production Technician I,TNS,Active,Full-Time,ZONE B,Full-Time,Production,Wireline Construction,16-02-1976,1976-02-16,MA,Male,Hispanic,Married,Fully meets,3,31-05-2023,1,Low,2,2,30-Mar-23,2023-03-30,Technical Skills,Internal,Failed,0,1,705.95,45,40-49,0,0
3314,01-Jan-19,2019-01-01,7,5-9 yrs,Production Technician I,PYZ,Active,Part-Time,ZONE A,Temporary,Production,General - Eng,24-09-1955,1955-09-24,MA,Male,Other,Widowed,Fully meets,4,30-01-2023,1,Low,4,1,10-Jun-23,2023-06-10,Customer Service,External,Incomplete,0,2,651.52,64,60+,0,0
3315,13-Oct-18,2018-10-13,7,5-9 yrs,Production Technician I,WBL,Terminated,Full-Time,ZONE C,Temporary,Production,Field Operations,15-04-1957,1957-04-15,MA,Female,Other,Widowed,Fully meets,3,20-06-2023,5,High,3,4,03-Feb-23,2023-02-03,Leadership Development,Internal,Incomplete,0,1,976.59,61,60+,0,0
3317,17-Mar-22,2022-03-17,4,2-4 yrs,Production Technician I,PL,Active,Part-Time,ZONE C,Full-Time,Production,Finance & Accounting,08-04-1983,1983-04-08,MA,Female,Other,Single,Fully meets,3,11-03-2023,1,Low,5,5,20-Dec-22,2022-12-20,Customer Service,External,Passed,1,1,870.15,39,30-39,0,0
3319,09-Oct-19,2019-10-09,6,5-9 yrs,Production Technician II,NEL,Active,Full-Time,ZONE B,Temporary,Production,Field Operations,25-01-1963,1963-01-25,MA,Female,Hispanic,Married,Fully meets,3,05-08-2022,5,High,3,4,27-Jun-23,2023-06-27,Technical Skills,Internal,Completed,1,2,141.88,56,50-59,0,0
3320,18-May-20,2020-05-18,6,5-9 yrs,Production Technician II,PL,Active,Part-Time,ZONE A,Part-Time,Production,General - Con,06-07-1969,1969-07-06,MA,Male,Other,Divorced,Fully meets,5,10-01-2023,1,Low,4,4,16-Oct-22,2022-10-16,Project Management,Internal,Completed,1,3,678.77,51,50-59,0,0
3321,17-Feb-19,2019-02-17,7,5-9 yrs,Production Technician II,BPC,Active,Contract,ZONE B,Full-Time,Production,Engineers,11-01-1986,1986-01-11,MA,Male,White,Single,Fully meets,2,05-01-2023,4,High,1,3,23-Aug-22,2022-08-23,Project Management,Internal,Passed,1,1,134.05,33,30-39,0,0
3325,13-Jul-21,2021-07-13,4,2-4 yrs,Production Technician II,MSC,Terminated,Contract,ZONE A,Part-Time,Production,Field Operations,14-10-1993,1993-10-14,MA,Female,White,Single,Fully meets,3,20-03-2023,4,High,5,5,17-Apr-23,2023-04-17,Technical Skills,External,Completed,1,4,747.42,28,Under 30,0,0
3327,01-Jan-20,2020-01-01,6,5-9 yrs,Production Technician I,WBL,Active,Contract,ZONE C,Full-Time,Production,Fielders,27-04-1979,1979-04-27,MA,Female,Hispanic,Widowed,Fully meets,1,13-12-2022,5,High,1,1,04-Jun-23,2023-06-04,Customer Service,Internal,Incomplete,0,3,454.55,41,40-49,0,0
3328,24-Oct-20,2020-10-24,5,5-9 yrs,Production Technician I,NEL,Terminated,Part-Time,ZONE A,Full-Time,Production,Engineers,06-02-1961,1961-02-06,MA,Male,White,Married,Fully meets,3,19-05-2023,2,Low,5,4,26-Nov-22,2022-11-26,Technical Skills,Internal,Failed,0,1,391.22,59,50-59,0,0
3329,24-Oct-20,2020-10-24,5,5-9 yrs,Production Technician I,PL,Active,Part-Time,ZONE B,Full-Time,Production,General - Sga,08-10-1978,1978-10-08,MA,Male,Hispanic,Divorced,Fully meets,4,03-12-2022,4,High,4,3,21-Dec-22,2022-12-21,Customer Service,External,Incomplete,0,3,845.51,42,40-49,0,0
3330,09-Aug-20,2020-08-09,5,5-9 yrs,Production Technician I,BPC,Active,Part-Time,ZONE C,Part-Time,Production,Fielders,19-03-1976,1976-03-19,MA,Female,White,Divorced,Fully meets,4,26-04-2023,1,Low,3,3,22-Apr-23,2023-04-22,Project Management,External,Incomplete,0,2,713.22,44,40-49,0,0
3331,24-Mar-19,2019-03-24,7,5-9 yrs,Production Technician I,CCDR,Active,Full-Time,ZONE A,Part-Time,Production,Field Operations,06-11-1963,1963-11-06,MA,Female,Other,Single,Fully meets,2,26-08-2022,1,Low,5,5,11-Aug-22,2022-08-11,Communication Skills,Internal,Passed,1,2,242.55,56,50-59,0,0
3332,29-Oct-22,2022-10-29,3,2-4 yrs,Production Technician I,SVG,Active,Part-Time,ZONE B,Temporary,Production,Wireline Construction,06-03-1961,1961-03-06,MA,Female,Other,Widowed,Fully meets,3,29-03-2023,2,Low,4,5,09-Feb-23,2023-02-09,Technical Skills,Internal,Completed,1,5,385.68,61,60+,0,0
3333,16-May-23,2023-05-16,3,2-4 yrs,Production Technician I,EW,Active,Contract,ZONE B,Temporary,Production,Field Operations,29-10-1992,1992-10-29,MA,Male,Hispanic,Single,Fully meets,3,23-12-2022,2,Low,3,1,05-Jan-23,2023-01-05,Customer Service,Internal,Passed,1,4,995.4,31,30-39,0,1
3334,30-May-23,2023-05-30,3,2-4 yrs,Production Technician I,MSC,Active,Part-Time,ZONE B,Part-Time,Production,Project Management - Con,19-05-1989,1989-05-19,MA,Male,White,Single,Fully meets,3,18-08-2022,1,Low,4,2,23-Oct-22,2022-10-23,Project Management,External,Completed,1,5,583.4,34,30-39,0,1
3335,28-Jun-19,2019-06-28,6,5-9 yrs,Production Technician I,TNS,Terminated,Part-Time,ZONE B,Temporary,Production,Field Operations,07-04-1992,1992-04-07,MA,Male,Other,Divorced,Fully meets,3,01-12-2022,5,High,1,3,17-Mar-23,2023-03-17,Project Management,Internal,Incomplete,0,5,388.61,27,Under 30,0,0
3336,25-Mar-23,2023-03-25,3,2-4 yrs,Production Technician I,PYZ,Terminated,Contract,ZONE A,Part-Time,Production,General - Con,21-06-1979,1979-06-21,MA,Male,Asian,Divorced,Fully meets,3,25-01-2023,4,High,4,2,02-Apr-23,2023-04-02,Leadership Development,Internal,Incomplete,0,4,290.13,44,40-49,0,0
3337,26-Aug-22,2022-08-26,3,2-4 yrs,Production Technician I,WBL,Active,Full-Time,ZONE A,Part-Time,Production,Engineers,29-01-1973,1973-01-29,MA,Female,Black,Single,Fully meets,3,21-02-2023,5,High,5,2,28-Apr-23,2023-04-28,Customer Service,Internal,Failed,0,3,933.76,49,40-49,0,0
3338,15-Nov-19,2019-11-15,6,5-9 yrs,Production Technician I,NEL,Active,Contract,ZONE C,Temporary,Production,General - Con,05-03-1950,1950-03-05,MA,Female,Hispanic,Divorced,Fully meets,3,28-03-2023,3,Medium,2,4,23-Jun-23,2023-06-23,Project Management,External,Incomplete,0,3,796.62,69,60+,0,0
3340,29-Nov-22,2022-11-29,3,2-4 yrs,Production Technician I,BPC,Active,Part-Time,ZONE A,Full-Time,Production,General - Con,10-05-1961,1961-05-10,MA,Male,White,Married,Fully meets,3,14-12-2022,5,High,2,3,09-Jul-23,2023-07-09,Technical Skills,External,Failed,0,4,965.82,61,60+,0,0
3341,15-Oct-22,2022-10-15,3,2-4 yrs,Production Technician II,WBL,Active,Full-Time,ZONE C,Temporary,Production,General - Con,28-01-1955,1955-01-28,MA,Female,White,Single,Fully meets,1,20-03-2023,3,Medium,5,3,19-Jul-23,2023-07-19,Technical Skills,Internal,Failed,0,1,933.59,67,60+,0,0
3342,31-Jul-21,2021-07-31,4,2-4 yrs,Production Technician II,NEL,Active,Full-Time,ZONE C,Part-Time,Production,Aerial,17-02-2000,2000-02-17,MA,Male,Other,Widowed,Fully meets,2,12-12-2022,3,Medium,4,1,15-Nov-22,2022-11-15,Leadership Development,Internal,Failed,0,4,583.66,21,Under 30,0,0
3343,21-Feb-22,2022-02-21,4,2-4 yrs,Production Technician II,PL,Active,Part-Time,ZONE A,Full-Time,Production,Field Operations,25-11-1965,1965-11-25,MA,Male,Hispanic,Married,Fully meets,4,21-07-2023,4,High,2,5,05-Jul-23,2023-07-05,Technical Skills,External,Failed,0,2,819.62,57,50-59,0,0
3344,29-Aug-21,2021-08-29,4,2-4 yrs,Production Technician II,BPC,Active,Contract,ZONE B,Temporary,Production,General - Con,12-03-1958,1958-03-12,MA,Male,White,Married,Fully meets,3,13-07-2023,5,High,4,1,20-Nov-22,2022-11-20,Communication Skills,Internal,Failed,0,5,925.0,63,60+,0,0
3345,13-Dec-21,2021-12-13,4,2-4 yrs,Production Technician II,CCDR,Terminated,Full-Time,ZONE C,Part-Time,Production,Project Management - Con,09-04-1981,1981-04-09,MA,Male,Asian,Single,Fully meets,4,22-02-2023,1,Low,1,3,28-Dec-22,2022-12-28,Project Management,External,Incomplete,0,5,127.93,40,40-49,0,0
3348,31-Oct-19,2019-10-31,6,5-9 yrs,Production Technician II,MSC,Active,Part-Time,ZONE A,Part-Time,Production,General - Con,01-12-1987,1987-12-01,MA,Female,Asian,Widowed,Fully meets,2,18-09-2022,5,High,2,1,29-Apr-23,2023-04-29,Project Management,Internal,Passed,1,2,922.33,32,30-39,0,0
3349,07-Nov-22,2022-11-07,3,2-4 yrs,Production Technician I,WBL,Active,Contract,ZONE A,Full-Time,Production,General - Eng,27-02-1959,1959-02-27,MA,Male,Hispanic,Divorced,Fully meets,3,01-12-2022,1,Low,4,3,31-Aug-22,2022-08-31,Project Management,Internal,Incomplete,0,5,306.01,63,60+,0,1
3350,20-Nov-22,2022-11-20,3,2-4 yrs,Production Technician I,BPC,Active,Full-Time,ZONE B,Part-Time,Production,Project Management - Con,07-01-1973,1973-01-07,MA,Female,Hispanic,Divorced,Fully meets,5,30-10-2022,2,Low,1,1,30-Sep-22,2022-09-30,Project Management,Internal,Passed,1,2,963.95,49,40-49,0,1
3351,15-Dec-21,2021-12-15,4,2-4 yrs,Production Technician I,CCDR,Terminated,Contract,ZONE C,Part-Time,Production,Shop (Fleet),08-09-1974,1974-09-08,MA,Male,Hispanic,Married,Fully meets,2,14-02-2023,4,High,2,3,17-Feb-23,2023-02-17,Communication Skills,External,Incomplete,0,1,388.02,47,40-49,0,0
3352,22-Feb-23,2023-02-22,3,2-4 yrs,Production Technician I,EW,Active,Part-Time,ZONE B,Full-Time,Production,Field Operations,05-04-1986,1986-04-05,MA,Male,Other,Single,Fully meets,3,22-01-2023,2,Low,5,2,26-Apr-23,2023-04-26,Project Management,Internal,Failed,0,1,140.61,37,30-39,0,0
3353,29-Mar-20,2020-03-29,6,5-9 yrs,Production Technician I,MSC,Active,Contract,ZONE B,Part-Time,Production,General - Con,11-06-1978,1978-06-11,MA,Female,Hispanic,Married,Fully meets,3,11-01-2023,2,Low,3,2,14-Mar-23,2023-03-14,Project Management,External,Incomplete,0,3,749.47,42,40-49,0,0
3354,09-Aug-21,2021-08-09,4,2-4 yrs,Production Technician I,NEL,Active,Part-Time,ZONE A,Temporary,Production,Field Operations,21-04-1961,1961-04-21,MA,Female,Asian,Single,Fully meets,3,02-09-2022,1,Low,4,1,19-Nov-22,2022-11-19,Communication Skills,Internal,Incomplete,0,5,503.22,60,60+,0,0
3355,02-Jan-23,2023-01-02,3,2-4 yrs,Production Technician I,PL,Active,Contract,ZONE B,Part-Time,Production,Aerial,23-02-1991,1991-02-23,MA,Female,White,Divorced,Fully meets,5,08-07-2023,1,Low,3,3,14-Jun-23,2023-06-14,Leadership Development,Internal,Passed,1,4,492.21,32,30-39,0,0
3356,10-Nov-18,2018-11-10,7,5-9 yrs,Production Technician I,PYZ,Active,Full-Time,ZONE C,Part-Time,Production,General - Eng,14-08-1991,1991-08-14,MA,Female,Asian,Married,Needs improvement,3,10-08-2022,2,Low,5,1,08-Aug-22,2022-08-08,Leadership Development,External,Completed,1,5,890.94,27,Under 30,0,0
3359,29-Nov-20,2020-11-29,5,5-9 yrs,Production Technician I,WBL,Active,Full-Time,ZONE C,Temporary,Production,Field Operations,08-02-1980,1980-02-08,MA,Male,Hispanic,Married,Exceeds,3,29-04-2023,3,Medium,1,3,13-Apr-23,2023-04-13,Project Management,External,Passed,1,5,886.07,40,40-49,0,0
3360,24-Mar-21,2021-03-24,5,5-9 yrs,Production Technician I,BPC,Active,Part-Time,ZONE A,Part-Time,Production,General - Con,20-05-1974,1974-05-20,MA,Female,Asian,Married,Exceeds,2,25-06-2023,4,High,4,1,14-Dec-22,2022-12-14,Customer Service,External,Passed,1,3,740.89,47,40-49,0,0
3362,02-Aug-21,2021-08-02,4,2-4 yrs,Production Technician I,EW,Active,Full-Time,ZONE C,Temporary,Production,Field Operations,10-11-1967,1967-11-10,MA,Female,Asian,Widowed,Exceeds,1,19-03-2023,1,Low,5,1,31-Jul-23,2023-07-31,Customer Service,Internal,Passed,1,2,348.84,54,50-59,0,0
3363,30-Mar-22,2022-03-30,4,2-4 yrs,Production Technician I,MSC,Active,Part-Time,ZONE A,Temporary,Production,Field Operations,26-07-1957,1957-07-26,MA,Male,Black,Married,Exceeds,5,22-06-2023,4,High,4,2,22-May-23,2023-05-22,Customer Service,External,Completed,1,2,826.15,65,60+,0,0
3364,05-Mar-21,2021-03-05,5,5-9 yrs,Production Technician II,WBL,Active,Part-Time,ZONE A,Temporary,Production,Engineers,05-06-1960,1960-06-05,MA,Female,Hispanic,Single,Exceeds,3,18-03-2023,1,Low,5,2,01-Dec-22,2022-12-01,Leadership Development,Internal,Completed,1,1,205.35,61,60+,0,0
3366,20-Jan-19,2019-01-20,7,5-9 yrs,Production Technician II,PL,Terminated,Contract,ZONE C,Full-Time,Production,General - Con,14-05-1976,1976-05-14,MA,Male,Black,Widowed,Exceeds,4,21-08-2022,4,High,5,5,20-Sep-22,2022-09-20,Project Management,External,Passed,1,1,546.47,43,40-49,0,0
3367,30-May-20,2020-05-30,6,5-9 yrs,Production Technician II,BPC,Terminated,Full-Time,ZONE B,Full-Time,Production,Field Operations,16-10-1962,1962-10-16,MA,Male,Other,Single,Exceeds,2,11-09-2022,4,High,1,5,09-Jun-23,2023-06-09,Leadership Development,Internal,Passed,1,2,448.21,58,50-59,0,0
3370,20-Jun-22,2022-06-20,3,2-4 yrs,Production Technician II,EW,Active,Contract,ZONE C,Temporary,Production,General - Con,27-08-1958,1958-08-27,MA,Female,Asian,Widowed,Exceeds,3,30-07-2023,3,Medium,5,3,06-Jun-23,2023-06-06,Customer Service,External,Completed,1,2,264.88,64,60+,0,0
3371,20-Dec-22,2022-12-20,3,2-4 yrs,Production Technician II,MSC,Terminated,Full-Time,ZONE A,Full-Time,Production,Wireless,22-11-1970,1970-11-22,MA,Female,Hispanic,Married,Exceeds,3,08-08-2022,4,High,2,5,01-Dec-22,2022-12-01,Communication Skills,Internal,Passed,1,2,210.15,52,50-59,0,1
3372,14-Jan-23,2023-01-14,3,2-4 yrs,Production Technician I,TNS,Terminated,Contract,ZONE C,Part-Time,Production,Project Management - Con,27-05-1992,1992-05-27,MA,Female,Asian,Divorced,Fully meets,4,13-07-2023,1,Low,3,1,05-May-23,2023-05-05,Technical Skills,External,Passed,1,4,627.18,31,30-39,0,0
3373,22-Sep-18,2018-09-22,7,5-9 yrs,Production Technician I,PYZ,Active,Contract,ZONE A,Temporary,Production,Aerial,06-02-1989,1989-02-06,MA,Male,Other,Married,Exceeds,2,03-08-2023,2,Low,4,4,29-Dec-22,2022-12-29,Customer Service,External,Incomplete,0,1,575.42,29,Under 30,0,0
3374,24-Sep-22,2022-09-24,3,2-4 yrs,Production Technician I,WBL,Terminated,Part-Time,ZONE A,Temporary,Production,Field Operations,04-12-1999,1999-12-04,MA,Male,Hispanic,Divorced,Exceeds,4,17-03-2023,1,Low,3,3,27-Nov-22,2022-11-27,Communication Skills,Internal,Completed,1,4,123.64,23,Under 30,0,0
3375,08-Jun-20,2020-06-08,5,5-9 yrs,Production Technician I,NEL,Terminated,Full-Time,ZONE B,Full-Time,Production,Engineers,20-09-1999,1999-09-20,MA,Female,Black,Divorced,Exceeds,3,24-01-2023,2,Low,4,3,30-Jun-23,2023-06-30,Technical Skills,Internal,Failed,0,1,655.61,21,Under 30,0,0
3376,06-Jul-23,2023-07-06,2,2-4 yrs,Production Technician I,PL,Active,Part-Time,ZONE B,Temporary,Production,Field Operations,11-11-1986,1986-11-11,MA,Female,Asian,Single,Exceeds,5,19-08-2022,4,High,1,2,20-Feb-23,2023-02-20,Project Management,External,Incomplete,0,4,410.54,37,30-39,0,1
3377,24-Feb-20,2020-02-24,6,5-9 yrs,Production Technician I,BPC,Active,Part-Time,ZONE A,Temporary,Production,Splicing,06-09-1989,1989-09-06,MA,Female,Asian,Widowed,Exceeds,4,19-12-2022,3,Medium,5,3,24-Oct-22,2022-10-24,Communication Skills,Internal,Completed,1,2,485.17,31,30-39,0,0
3378,26-May-21,2021-05-26,5,5-9 yrs,Production Technician I,CCDR,Active,Contract,ZONE B,Temporary,Production,General - Con,04-09-1993,1993-09-04,MA,Female,White,Single,Exceeds,3,12-04-2023,5,High,1,4,08-Jul-23,2023-07-08,Technical Skills,External,Passed,1,1,731.18,28,Under 30,0,0
3380,27-Jun-23,2023-06-27,2,2-4 yrs,Production Technician I,EW,Active,Full-Time,ZONE C,Temporary,Production,Field Operations,19-12-1984,1984-12-19,MA,Male,Black,Widowed,Exceeds,1,05-09-2022,4,High,3,2,26-Oct-22,2022-10-26,Technical Skills,Internal,Incomplete,0,1,399.81,39,30-39,0,1
3381,20-Dec-22,2022-12-20,3,2-4 yrs,Production Technician I,MSC,Active,Contract,ZONE C,Part-Time,Production,Field Operations,29-11-1954,1954-11-29,MA,Male,White,Single,Exceeds,3,03-10-2022,1,Low,5,2,30-Aug-22,2022-08-30,Customer Service,Internal,Incomplete,0,4,604.06,68,60+,0,1
3382,10-Nov-18,2018-11-10,7,5-9 yrs,Production Technician I,TNS,Active,Part-Time,ZONE C,Temporary,Production,Field Operations,20-05-1970,1970-05-20,MA,Male,Other,Divorced,Exceeds,5,10-11-2022,3,Medium,5,5,14-Apr-23,2023-04-14,Project Management,Internal,Failed,0,2,815.35,48,40-49,0,0
3383,13-Aug-20,2020-08-13,5,5-9 yrs,Production Technician I,PYZ,Terminated,Part-Time,ZONE C,Part-Time,Production,General - Con,01-04-1985,1985-04-01,MA,Female,Hispanic,Divorced,Exceeds,2,12-11-2022,3,Medium,2,3,16-Nov-22,2022-11-16,Leadership Development,Internal,Failed,0,4,750.79,35,30-39,0,0
3384,07-Mar-19,2019-03-07,7,5-9 yrs,Production Technician I,WBL,Active,Full-Time,ZONE C,Full-Time,Production,Field Operations,18-07-1991,1991-07-18,MA,Female,Hispanic,Married,Fully meets,3,27-06-2023,2,Low,1,2,19-Nov-22,2022-11-19,Leadership Development,Internal,Passed,1,1,981.44,28,Under 30,0,0
3385,13-Mar-22,2022-03-13,4,2-4 yrs,Production Technician I,NEL,Active,Part-Time,ZONE A,Full-Time,Production,General - Con,10-07-1978,1978-07-10,MA,Female,Other,Divorced,Fully meets,3,21-12-2022,2,Low,1,4,10-Feb-23,2023-02-10,Technical Skills,External,Failed,0,5,553.4,44,40-49,0,0
3386,25-Nov-19,2019-11-25,6,5-9 yrs,Production Technician II,WBL,Active,Contract,ZONE C,Temporary,Production,General - Con,18-02-1995,1995-02-18,MA,Female,Hispanic,Widowed,Fully meets,2,01-01-2023,2,Low,1,5,26-Aug-22,2022-08-26,Leadership Development,External,Incomplete,0,1,348.3,24,Under 30,0,0
3387,06-Mar-19,2019-03-06,7,5-9 yrs,Production Technician II,NEL,Active,Full-Time,ZONE C,Full-Time,Production,General - Sga,19-07-1965,1965-07-19,MA,Male,Other,Widowed,Fully meets,3,19-04-2023,1,Low,3,4,16-Oct-22,2022-10-16,Technical Skills,Internal,Completed,1,3,912.09,54,50-59,0,0
3388,19-Apr-19,2019-04-19,7,5-9 yrs,Production Technician II,PL,Active,Part-Time,ZONE A,Temporary,Production,Fielders,17-09-1990,1990-09-17,MA,Male,Black,Divorced,Fully meets,1,09-10-2022,3,Medium,1,3,03-Nov-22,2022-11-03,Leadership Development,External,Failed,0,2,278.04,29,Under 30,0,0
3391,13-Jan-20,2020-01-13,6,5-9 yrs,Production Technician II,SVG,Active,Part-Time,ZONE C,Full-Time,Production,General - Sga,04-11-1991,1991-11-04,MA,Female,Black,Divorced,Fully meets,3,05-07-2023,4,High,3,1,01-Apr-23,2023-04-01,Communication Skills,Internal,Incomplete,0,2,374.13,29,Under 30,0,0
3392,18-Nov-19,2019-11-18,6,5-9 yrs,Production Technician II,EW,Terminated,Full-Time,ZONE B,Full-Time,Production,General - Con,29-02-1988,1988-02-29,MA,Female,Other,Single,Fully meets,2,02-10-2022,3,Medium,4,2,23-Jan-23,2023-01-23,Technical Skills,External,Completed,1,3,319.39,31,30-39,0,0
3395,09-Jun-21,2021-06-09,4,2-4 yrs,Production Technician I,TNS,Terminated,Part-Time,ZONE A,Part-Time,Production,Field Operations,09-02-1975,1975-02-09,MA,Female,Other,Widowed,Needs improvement,3,30-05-2023,4,High,4,3,24-Aug-22,2022-08-24,Communication Skills,Internal,Failed,0,3,745.69,46,40-49,0,0
3398,09-Nov-19,2019-11-09,6,5-9 yrs,Production Technician I,PL,Active,Part-Time,ZONE A,Full-Time,Production,General - Con,11-12-1956,1956-12-11,MA,Female,Other,Single,Fully meets,3,15-08-2022,5,High,2,1,24-Aug-22,2022-08-24,Project Management,External,Passed,1,2,155.61,63,60+,0,0
3399,05-Jun-22,2022-06-05,3,2-4 yrs,Production Technician I,NEL,Active,Full-Time,ZONE B,Full-Time,Production,Aerial,25-02-1984,1984-02-25,MA,Female,White,Widowed,Fully meets,2,23-05-2023,4,High,4,5,01-Dec-22,2022-12-01,Leadership Development,External,Failed,0,3,898.26,38,30-39,0,0
3400,21-Sep-21,2021-09-21,4,2-4 yrs,Production Technician I,MSC,Active,Full-Time,ZONE C,Temporary,Production,Shop (Fleet),04-06-1970,1970-06-04,MA,Female,Black,Divorced,Fully meets,1,30-12-2022,2,Low,5,3,21-Jul-23,2023-07-21,Leadership Development,External,Passed,1,1,639.06,51,50-59,0,0
3402,03-Mar-21,2021-03-03,5,5-9 yrs,Production Technician I,CCDR,Terminated,Part-Time,ZONE C,Full-Time,Production,Field Operations,30-11-1971,1971-11-30,MA,Male,Black,Single,Fully meets,3,23-04-2023,1,Low,4,4,05-Jul-23,2023-07-05,Customer Service,External,Incomplete,0,2,783.25,50,50-59,0,0
3403,19-Feb-21,2021-02-19,5,5-9 yrs,Production Technician I,BPC,Terminated,Contract,ZONE A,Full-Time,Production,Field Operations,03-09-1975,1975-09-03,MA,Female,Asian,Married,Exceeds,3,06-03-2023,4,High,4,3,08-Jun-23,2023-06-08,Communication Skills,External,Completed,1,5,406.68,46,40-49,0,0
3406,25-Mar-20,2020-03-25,6,5-9 yrs,Production Technician I,NEL,Terminated,Contract,ZONE C,Temporary,Production,Finance & Accounting,17-05-1955,1955-05-17,MA,Female,Other,Single,Fully meets,5,16-07-2023,5,High,5,4,27-Apr-23,2023-04-27,Customer Service,Internal,Incomplete,0,1,538.94,65,60+,0,0
3407,15-Apr-21,2021-04-15,5,5-9 yrs,Production Technician II,WBL,Active,Part-Time,ZONE C,Temporary,Production,Field Operations,26-02-1953,1953-02-26,MA,Female,Asian,Single,Fully meets,5,09-05-2023,1,Low,3,5,06-Feb-23,2023-02-06,Leadership Development,External,Incomplete,0,1,501.87,68,60+,0,0
3408,15-Dec-22,2022-12-15,3,2-4 yrs,Production Technician II,NEL,Terminated,Contract,ZONE B,Full-Time,Production,Field Operations,07-01-1965,1965-01-07,MA,Male,Asian,Divorced,Fully meets,3,02-06-2023,2,Low,2,4,13-Aug-22,2022-08-13,Leadership Development,External,Failed,0,5,877.62,57,50-59,0,1
3410,18-Dec-18,2018-12-18,7,5-9 yrs,Production Technician II,BPC,Active,Contract,ZONE C,Temporary,Production,People Services,07-07-1980,1980-07-07,MA,Male,Hispanic,Widowed,Fully meets,3,04-09-2022,4,High,3,4,05-Mar-23,2023-03-05,Leadership Development,External,Failed,0,2,729.76,38,30-39,0,0
3412,28-Dec-19,2019-12-28,6,5-9 yrs,Production Technician II,SVG,Active,Part-Time,ZONE A,Full-Time,Production,Shop (Fleet),20-03-1991,1991-03-20,MA,Female,White,Divorced,Exceeds,3,24-09-2022,5,High,4,4,07-Oct-22,2022-10-07,Leadership Development,External,Incomplete,0,2,966.67,28,Under 30,0,0
3413,25-Nov-19,2019-11-25,6,5-9 yrs,Production Technician II,EW,Active,Contract,ZONE B,Temporary,Production,Field Operations,15-12-1962,1962-12-15,MA,Female,White,Single,Fully meets,5,22-12-2022,1,Low,2,5,20-Mar-23,2023-03-20,Customer Service,External,Passed,1,5,394.1,57,50-59,0,0
3414,03-Jun-22,2022-06-03,4,2-4 yrs,Production Technician I,MSC,Active,Contract,ZONE C,Temporary,Production,General - Con,04-05-1998,1998-05-04,MA,Female,Hispanic,Married,Exceeds,3,06-02-2023,5,High,2,4,23-Jul-23,2023-07-23,Project Management,External,Incomplete,0,2,616.09,24,Under 30,0,0
3415,09-Sep-22,2022-09-09,3,2-4 yrs,Production Technician I,TNS,Terminated,Full-Time,ZONE A,Part-Time,Production,Splicing,14-10-1974,1974-10-14,MA,Male,Hispanic,Widowed,Fully meets,3,08-06-2023,2,Low,5,1,16-Sep-22,2022-09-16,Leadership Development,Internal,Completed,1,4,103.35,48,40-49,0,0
3416,02-Oct-20,2020-10-02,5,5-9 yrs,Production Technician I,BPC,Active,Full-Time,ZONE B,Part-Time,Production,Finance & Accounting,18-12-1992,1992-12-18,MA,Male,Asian,Married,Fully meets,2,26-08-2022,1,Low,2,1,18-Feb-23,2023-02-18,Leadership Development,External,Incomplete,0,5,488.05,28,Under 30,0,0
3417,07-Feb-22,2022-02-07,4,2-4 yrs,Production Technician I,CCDR,Active,Part-Time,ZONE A,Part-Time,Production,Splicing,26-09-2000,2000-09-26,MA,Female,Other,Widowed,Fully meets,1,21-05-2023,2,Low,5,5,10-Mar-23,2023-03-10,Project Management,External,Incomplete,0,5,906.21,22,Under 30,0,0
3418,14-Oct-22,2022-10-14,3,2-4 yrs,Production Technician I,EW,Active,Part-Time,ZONE B,Temporary,Production,General - Con,12-08-1996,1996-08-12,MA,Female,Asian,Widowed,Fully meets,4,26-06-2023,5,High,3,4,15-Jun-23,2023-06-15,Technical Skills,Internal,Completed,1,4,397.08,26,Under 30,0,0
3419,14-Oct-19,2019-10-14,6,5-9 yrs,Production Technician I,MSC,Active,Contract,ZONE C,Temporary,Production,General - Con,05-12-1952,1952-12-05,MA,Female,Black,Divorced,Fully meets,2,25-11-2022,2,Low,5,2,18-May-23,2023-05-18,Project Management,External,Passed,1,3,999.72,67,60+,0,0
3421,09-May-22,2022-05-09,4,2-4 yrs,Production Technician I,PL,Active,Part-Time,ZONE A,Part-Time,Production,Wireless,11-06-1959,1959-06-11,MA,Female,Other,Divorced,Fully meets,1,15-02-2023,5,High,4,2,22-Jan-23,2023-01-22,Customer Service,External,Passed,1,1,786.71,63,60+,0,0
3423,28-Dec-20,2020-12-28,5,5-9 yrs,Production Technician I,SVG,Active,Part-Time,ZONE A,Full-Time,Production,Engineers,10-06-2001,2001-06-10,MA,Male,Black,Widowed,Fully meets,3,19-09-2022,4,High,5,3,14-Oct-22,2022-10-14,Technical Skills,External,Completed,1,1,439.65,19,Under 30,0,0
3424,09-Dec-20,2020-12-09,5,5-9 yrs,Production Technician I,TNS,Terminated,Contract,ZONE B,Temporary,Production,Wireline Construction,27-01-1997,1997-01-27,MA,Male,White,Single,Fully meets,2,14-03-2023,2,Low,4,5,18-Aug-22,2022-08-18,Project Management,Internal,Completed,1,5,981.13,23,Under 30,0,0
3425,28-May-19,2019-05-28,7,5-9 yrs,Production Technician I,WBL,Terminated,Contract,ZONE B,Full-Time,Production,Aerial,28-05-1954,1954-05-28,MA,Female,Hispanic,Divorced,Fully meets,2,25-12-2022,5,High,2,3,19-May-23,2023-05-19,Technical Skills,External,Completed,1,3,184.27,65,60+,0,0
3426,27-Apr-22,2022-04-27,4,2-4 yrs,Production Technician I,BPC,Active,Full-Time,ZONE B,Temporary,Production,Field Operations,11-09-1990,1990-09-11,MA,Female,White,Married,Fully meets,2,24-08-2022,1,Low,3,2,02-May-23,2023-05-02,Leadership Development,Internal,Failed,0,5,675.37,32,30-39,0,0
